#usda 1.0
(
    defaultPrim = "Prop"
    metersPerUnit = 1
    upAxis = "Z"
)

def Xform "Prop" (
    customData = {
        string description = "Generic tomato can, 100 mm high; fits the configured 90 mm parallel jaw by visual dimensions."
        string origin = "Bottom of visual body at z=0; dimensions in metres."
        string physicsStatus = "Visual geometry only; no collision or rigid-body APIs authored."
        string provenance = "Original procedural geometry authored for the CASCADE kitchen task. No third-party meshes, textures, images, or trademarks."
    }
)
{
    def "Materials"
    {
        def Material "BrushedSteel"
        {
            token outputs:surface.connect = </Prop/Materials/BrushedSteel/Shader.outputs:surface>

            def Shader "Shader"
            {
                uniform token info:id = "UsdPreviewSurface"
                color3f inputs:diffuseColor = (0.56, 0.6, 0.62)
                float inputs:metallic = 0.8
                float inputs:roughness = 0.27
                token outputs:surface
            }
        }

        def Material "TomatoRed"
        {
            token outputs:surface.connect = </Prop/Materials/TomatoRed/Shader.outputs:surface>

            def Shader "Shader"
            {
                uniform token info:id = "UsdPreviewSurface"
                color3f inputs:diffuseColor = (0.66, 0.035, 0.02)
                float inputs:metallic = 0
                float inputs:roughness = 0.38
                token outputs:surface
            }
        }

        def Material "WarmCream"
        {
            token outputs:surface.connect = </Prop/Materials/WarmCream/Shader.outputs:surface>

            def Shader "Shader"
            {
                uniform token info:id = "UsdPreviewSurface"
                color3f inputs:diffuseColor = (0.88, 0.8, 0.61)
                float inputs:metallic = 0
                float inputs:roughness = 0.65
                token outputs:surface
            }
        }

        def Material "LeafGreen"
        {
            token outputs:surface.connect = </Prop/Materials/LeafGreen/Shader.outputs:surface>

            def Shader "Shader"
            {
                uniform token info:id = "UsdPreviewSurface"
                color3f inputs:diffuseColor = (0.09, 0.28, 0.055)
                float inputs:metallic = 0
                float inputs:roughness = 0.6
                token outputs:surface
            }
        }
    }

    def Mesh "Body" (
        prepend apiSchemas = ["MaterialBindingAPI"]
    )
    {
        float3[] extent = [(-0.0325, -0.0325, 0.001), (0.0325, 0.0325, 0.099)]
        int[] faceVertexCounts = [48, 48, 4, 4, 4, 4, 4, 4, 4, 4, 4, 4, 4, 4, 4, 4, 4, 4, 4, 4, 4, 4, 4, 4, 4, 4, 4, 4, 4, 4, 4, 4, 4, 4, 4, 4, 4, 4, 4, 4, 4, 4, 4, 4, 4, 4, 4, 4, 4, 4]
        int[] faceVertexIndices = [47, 46, 45, 44, 43, 42, 41, 40, 39, 38, 37, 36, 35, 34, 33, 32, 31, 30, 29, 28, 27, 26, 25, 24, 23, 22, 21, 20, 19, 18, 17, 16, 15, 14, 13, 12, 11, 10, 9, 8, 7, 6, 5, 4, 3, 2, 1, 0, 48, 49, 50, 51, 52, 53, 54, 55, 56, 57, 58, 59, 60, 61, 62, 63, 64, 65, 66, 67, 68, 69, 70, 71, 72, 73, 74, 75, 76, 77, 78, 79, 80, 81, 82, 83, 84, 85, 86, 87, 88, 89, 90, 91, 92, 93, 94, 95, 0, 1, 49, 48, 1, 2, 50, 49, 2, 3, 51, 50, 3, 4, 52, 51, 4, 5, 53, 52, 5, 6, 54, 53, 6, 7, 55, 54, 7, 8, 56, 55, 8, 9, 57, 56, 9, 10, 58, 57, 10, 11, 59, 58, 11, 12, 60, 59, 12, 13, 61, 60, 13, 14, 62, 61, 14, 15, 63, 62, 15, 16, 64, 63, 16, 17, 65, 64, 17, 18, 66, 65, 18, 19, 67, 66, 19, 20, 68, 67, 20, 21, 69, 68, 21, 22, 70, 69, 22, 23, 71, 70, 23, 24, 72, 71, 24, 25, 73, 72, 25, 26, 74, 73, 26, 27, 75, 74, 27, 28, 76, 75, 28, 29, 77, 76, 29, 30, 78, 77, 30, 31, 79, 78, 31, 32, 80, 79, 32, 33, 81, 80, 33, 34, 82, 81, 34, 35, 83, 82, 35, 36, 84, 83, 36, 37, 85, 84, 37, 38, 86, 85, 38, 39, 87, 86, 39, 40, 88, 87, 40, 41, 89, 88, 41, 42, 90, 89, 42, 43, 91, 90, 43, 44, 92, 91, 44, 45, 93, 92, 45, 46, 94, 93, 46, 47, 95, 94, 47, 0, 48, 95]
        rel material:binding = </Prop/Materials/BrushedSteel>
        point3f[] points = [(0.0325, 0, 0.001), (0.032221958, 0.004242101, 0.001), (0.03139259, 0.008411619, 0.001), (0.030026086, 0.012437211, 0.001), (0.028145825, 0.01625, 0.001), (0.025783984, 0.019784747, 0.001), (0.022980971, 0.022980971, 0.001), (0.019784747, 0.025783984, 0.001), (0.01625, 0.028145825, 0.001), (0.012437211, 0.030026086, 0.001), (0.008411619, 0.03139259, 0.001), (0.004242101, 0.032221958, 0.001), (1.990051e-18, 0.0325, 0.001), (-0.004242101, 0.032221958, 0.001), (-0.008411619, 0.03139259, 0.001), (-0.012437211, 0.030026086, 0.001), (-0.01625, 0.028145825, 0.001), (-0.019784747, 0.025783984, 0.001), (-0.022980971, 0.022980971, 0.001), (-0.025783984, 0.019784747, 0.001), (-0.028145825, 0.01625, 0.001), (-0.030026086, 0.012437211, 0.001), (-0.03139259, 0.008411619, 0.001), (-0.032221958, 0.004242101, 0.001), (-0.0325, 3.980102e-18, 0.001), (-0.032221958, -0.004242101, 0.001), (-0.03139259, -0.008411619, 0.001), (-0.030026086, -0.012437211, 0.001), (-0.028145825, -0.01625, 0.001), (-0.025783984, -0.019784747, 0.001), (-0.022980971, -0.022980971, 0.001), (-0.019784747, -0.025783984, 0.001), (-0.01625, -0.028145825, 0.001), (-0.012437211, -0.030026086, 0.001), (-0.008411619, -0.03139259, 0.001), (-0.004242101, -0.032221958, 0.001), (-5.9701533e-18, -0.0325, 0.001), (0.004242101, -0.032221958, 0.001), (0.008411619, -0.03139259, 0.001), (0.012437211, -0.030026086, 0.001), (0.01625, -0.028145825, 0.001), (0.019784747, -0.025783984, 0.001), (0.022980971, -0.022980971, 0.001), (0.025783984, -0.019784747, 0.001), (0.028145825, -0.01625, 0.001), (0.030026086, -0.012437211, 0.001), (0.03139259, -0.008411619, 0.001), (0.032221958, -0.004242101, 0.001), (0.0325, 0, 0.099), (0.032221958, 0.004242101, 0.099), (0.03139259, 0.008411619, 0.099), (0.030026086, 0.012437211, 0.099), (0.028145825, 0.01625, 0.099), (0.025783984, 0.019784747, 0.099), (0.022980971, 0.022980971, 0.099), (0.019784747, 0.025783984, 0.099), (0.01625, 0.028145825, 0.099), (0.012437211, 0.030026086, 0.099), (0.008411619, 0.03139259, 0.099), (0.004242101, 0.032221958, 0.099), (1.990051e-18, 0.0325, 0.099), (-0.004242101, 0.032221958, 0.099), (-0.008411619, 0.03139259, 0.099), (-0.012437211, 0.030026086, 0.099), (-0.01625, 0.028145825, 0.099), (-0.019784747, 0.025783984, 0.099), (-0.022980971, 0.022980971, 0.099), (-0.025783984, 0.019784747, 0.099), (-0.028145825, 0.01625, 0.099), (-0.030026086, 0.012437211, 0.099), (-0.03139259, 0.008411619, 0.099), (-0.032221958, 0.004242101, 0.099), (-0.0325, 3.980102e-18, 0.099), (-0.032221958, -0.004242101, 0.099), (-0.03139259, -0.008411619, 0.099), (-0.030026086, -0.012437211, 0.099), (-0.028145825, -0.01625, 0.099), (-0.025783984, -0.019784747, 0.099), (-0.022980971, -0.022980971, 0.099), (-0.019784747, -0.025783984, 0.099), (-0.01625, -0.028145825, 0.099), (-0.012437211, -0.030026086, 0.099), (-0.008411619, -0.03139259, 0.099), (-0.004242101, -0.032221958, 0.099), (-5.9701533e-18, -0.0325, 0.099), (0.004242101, -0.032221958, 0.099), (0.008411619, -0.03139259, 0.099), (0.012437211, -0.030026086, 0.099), (0.01625, -0.028145825, 0.099), (0.019784747, -0.025783984, 0.099), (0.022980971, -0.022980971, 0.099), (0.025783984, -0.019784747, 0.099), (0.028145825, -0.01625, 0.099), (0.030026086, -0.012437211, 0.099), (0.03139259, -0.008411619, 0.099), (0.032221958, -0.004242101, 0.099)]
        uniform token subdivisionScheme = "none"
    }

    def Mesh "Label" (
        prepend apiSchemas = ["MaterialBindingAPI"]
    )
    {
        float3[] extent = [(-0.03265, -0.03265, 0.008), (0.03265, 0.03265, 0.092)]
        int[] faceVertexCounts = [48, 48, 4, 4, 4, 4, 4, 4, 4, 4, 4, 4, 4, 4, 4, 4, 4, 4, 4, 4, 4, 4, 4, 4, 4, 4, 4, 4, 4, 4, 4, 4, 4, 4, 4, 4, 4, 4, 4, 4, 4, 4, 4, 4, 4, 4, 4, 4, 4, 4]
        int[] faceVertexIndices = [47, 46, 45, 44, 43, 42, 41, 40, 39, 38, 37, 36, 35, 34, 33, 32, 31, 30, 29, 28, 27, 26, 25, 24, 23, 22, 21, 20, 19, 18, 17, 16, 15, 14, 13, 12, 11, 10, 9, 8, 7, 6, 5, 4, 3, 2, 1, 0, 48, 49, 50, 51, 52, 53, 54, 55, 56, 57, 58, 59, 60, 61, 62, 63, 64, 65, 66, 67, 68, 69, 70, 71, 72, 73, 74, 75, 76, 77, 78, 79, 80, 81, 82, 83, 84, 85, 86, 87, 88, 89, 90, 91, 92, 93, 94, 95, 0, 1, 49, 48, 1, 2, 50, 49, 2, 3, 51, 50, 3, 4, 52, 51, 4, 5, 53, 52, 5, 6, 54, 53, 6, 7, 55, 54, 7, 8, 56, 55, 8, 9, 57, 56, 9, 10, 58, 57, 10, 11, 59, 58, 11, 12, 60, 59, 12, 13, 61, 60, 13, 14, 62, 61, 14, 15, 63, 62, 15, 16, 64, 63, 16, 17, 65, 64, 17, 18, 66, 65, 18, 19, 67, 66, 19, 20, 68, 67, 20, 21, 69, 68, 21, 22, 70, 69, 22, 23, 71, 70, 23, 24, 72, 71, 24, 25, 73, 72, 25, 26, 74, 73, 26, 27, 75, 74, 27, 28, 76, 75, 28, 29, 77, 76, 29, 30, 78, 77, 30, 31, 79, 78, 31, 32, 80, 79, 32, 33, 81, 80, 33, 34, 82, 81, 34, 35, 83, 82, 35, 36, 84, 83, 36, 37, 85, 84, 37, 38, 86, 85, 38, 39, 87, 86, 39, 40, 88, 87, 40, 41, 89, 88, 41, 42, 90, 89, 42, 43, 91, 90, 43, 44, 92, 91, 44, 45, 93, 92, 45, 46, 94, 93, 46, 47, 95, 94, 47, 0, 48, 95]
        rel material:binding = </Prop/Materials/TomatoRed>
        point3f[] points = [(0.03265, 0, 0.008), (0.032370675, 0.00426168, 0.008), (0.031537477, 0.008450442, 0.008), (0.030164666, 0.012494614, 0.008), (0.02827573, 0.016325, 0.008), (0.025902987, 0.019876061, 0.008), (0.023087036, 0.023087036, 0.008), (0.019876061, 0.025902987, 0.008), (0.016325, 0.02827573, 0.008), (0.012494614, 0.030164666, 0.008), (0.008450442, 0.031537477, 0.008), (0.00426168, 0.032370675, 0.008), (1.999236e-18, 0.03265, 0.008), (-0.00426168, 0.032370675, 0.008), (-0.008450442, 0.031537477, 0.008), (-0.012494614, 0.030164666, 0.008), (-0.016325, 0.02827573, 0.008), (-0.019876061, 0.025902987, 0.008), (-0.023087036, 0.023087036, 0.008), (-0.025902987, 0.019876061, 0.008), (-0.02827573, 0.016325, 0.008), (-0.030164666, 0.012494614, 0.008), (-0.031537477, 0.008450442, 0.008), (-0.032370675, 0.00426168, 0.008), (-0.03265, 3.998472e-18, 0.008), (-0.032370675, -0.00426168, 0.008), (-0.031537477, -0.008450442, 0.008), (-0.030164666, -0.012494614, 0.008), (-0.02827573, -0.016325, 0.008), (-0.025902987, -0.019876061, 0.008), (-0.023087036, -0.023087036, 0.008), (-0.019876061, -0.025902987, 0.008), (-0.016325, -0.02827573, 0.008), (-0.012494614, -0.030164666, 0.008), (-0.008450442, -0.031537477, 0.008), (-0.00426168, -0.032370675, 0.008), (-5.9977075e-18, -0.03265, 0.008), (0.00426168, -0.032370675, 0.008), (0.008450442, -0.031537477, 0.008), (0.012494614, -0.030164666, 0.008), (0.016325, -0.02827573, 0.008), (0.019876061, -0.025902987, 0.008), (0.023087036, -0.023087036, 0.008), (0.025902987, -0.019876061, 0.008), (0.02827573, -0.016325, 0.008), (0.030164666, -0.012494614, 0.008), (0.031537477, -0.008450442, 0.008), (0.032370675, -0.00426168, 0.008), (0.03265, 0, 0.092), (0.032370675, 0.00426168, 0.092), (0.031537477, 0.008450442, 0.092), (0.030164666, 0.012494614, 0.092), (0.02827573, 0.016325, 0.092), (0.025902987, 0.019876061, 0.092), (0.023087036, 0.023087036, 0.092), (0.019876061, 0.025902987, 0.092), (0.016325, 0.02827573, 0.092), (0.012494614, 0.030164666, 0.092), (0.008450442, 0.031537477, 0.092), (0.00426168, 0.032370675, 0.092), (1.999236e-18, 0.03265, 0.092), (-0.00426168, 0.032370675, 0.092), (-0.008450442, 0.031537477, 0.092), (-0.012494614, 0.030164666, 0.092), (-0.016325, 0.02827573, 0.092), (-0.019876061, 0.025902987, 0.092), (-0.023087036, 0.023087036, 0.092), (-0.025902987, 0.019876061, 0.092), (-0.02827573, 0.016325, 0.092), (-0.030164666, 0.012494614, 0.092), (-0.031537477, 0.008450442, 0.092), (-0.032370675, 0.00426168, 0.092), (-0.03265, 3.998472e-18, 0.092), (-0.032370675, -0.00426168, 0.092), (-0.031537477, -0.008450442, 0.092), (-0.030164666, -0.012494614, 0.092), (-0.02827573, -0.016325, 0.092), (-0.025902987, -0.019876061, 0.092), (-0.023087036, -0.023087036, 0.092), (-0.019876061, -0.025902987, 0.092), (-0.016325, -0.02827573, 0.092), (-0.012494614, -0.030164666, 0.092), (-0.008450442, -0.031537477, 0.092), (-0.00426168, -0.032370675, 0.092), (-5.9977075e-18, -0.03265, 0.092), (0.00426168, -0.032370675, 0.092), (0.008450442, -0.031537477, 0.092), (0.012494614, -0.030164666, 0.092), (0.016325, -0.02827573, 0.092), (0.019876061, -0.025902987, 0.092), (0.023087036, -0.023087036, 0.092), (0.025902987, -0.019876061, 0.092), (0.02827573, -0.016325, 0.092), (0.030164666, -0.012494614, 0.092), (0.031537477, -0.008450442, 0.092), (0.032370675, -0.00426168, 0.092)]
        uniform token subdivisionScheme = "none"
    }

    def Mesh "CreamBand" (
        prepend apiSchemas = ["MaterialBindingAPI"]
    )
    {
        float3[] extent = [(-0.03272, -0.03272, 0.031), (0.03272, 0.03272, 0.065)]
        int[] faceVertexCounts = [48, 48, 4, 4, 4, 4, 4, 4, 4, 4, 4, 4, 4, 4, 4, 4, 4, 4, 4, 4, 4, 4, 4, 4, 4, 4, 4, 4, 4, 4, 4, 4, 4, 4, 4, 4, 4, 4, 4, 4, 4, 4, 4, 4, 4, 4, 4, 4, 4, 4]
        int[] faceVertexIndices = [47, 46, 45, 44, 43, 42, 41, 40, 39, 38, 37, 36, 35, 34, 33, 32, 31, 30, 29, 28, 27, 26, 25, 24, 23, 22, 21, 20, 19, 18, 17, 16, 15, 14, 13, 12, 11, 10, 9, 8, 7, 6, 5, 4, 3, 2, 1, 0, 48, 49, 50, 51, 52, 53, 54, 55, 56, 57, 58, 59, 60, 61, 62, 63, 64, 65, 66, 67, 68, 69, 70, 71, 72, 73, 74, 75, 76, 77, 78, 79, 80, 81, 82, 83, 84, 85, 86, 87, 88, 89, 90, 91, 92, 93, 94, 95, 0, 1, 49, 48, 1, 2, 50, 49, 2, 3, 51, 50, 3, 4, 52, 51, 4, 5, 53, 52, 5, 6, 54, 53, 6, 7, 55, 54, 7, 8, 56, 55, 8, 9, 57, 56, 9, 10, 58, 57, 10, 11, 59, 58, 11, 12, 60, 59, 12, 13, 61, 60, 13, 14, 62, 61, 14, 15, 63, 62, 15, 16, 64, 63, 16, 17, 65, 64, 17, 18, 66, 65, 18, 19, 67, 66, 19, 20, 68, 67, 20, 21, 69, 68, 21, 22, 70, 69, 22, 23, 71, 70, 23, 24, 72, 71, 24, 25, 73, 72, 25, 26, 74, 73, 26, 27, 75, 74, 27, 28, 76, 75, 28, 29, 77, 76, 29, 30, 78, 77, 30, 31, 79, 78, 31, 32, 80, 79, 32, 33, 81, 80, 33, 34, 82, 81, 34, 35, 83, 82, 35, 36, 84, 83, 36, 37, 85, 84, 37, 38, 86, 85, 38, 39, 87, 86, 39, 40, 88, 87, 40, 41, 89, 88, 41, 42, 90, 89, 42, 43, 91, 90, 43, 44, 92, 91, 44, 45, 93, 92, 45, 46, 94, 93, 46, 47, 95, 94, 47, 0, 48, 95]
        rel material:binding = </Prop/Materials/WarmCream>
        point3f[] points = [(0.03272, 0, 0.031), (0.032440078, 0.004270817, 0.031), (0.031605095, 0.008468559, 0.031), (0.030229338, 0.012521402, 0.031), (0.028336352, 0.01636, 0.031), (0.025958521, 0.019918675, 0.031), (0.023136534, 0.023136534, 0.031), (0.019918675, 0.025958521, 0.031), (0.01636, 0.028336352, 0.031), (0.012521402, 0.030229338, 0.031), (0.008468559, 0.031605095, 0.031), (0.004270817, 0.032440078, 0.031), (2.0035222e-18, 0.03272, 0.031), (-0.004270817, 0.032440078, 0.031), (-0.008468559, 0.031605095, 0.031), (-0.012521402, 0.030229338, 0.031), (-0.01636, 0.028336352, 0.031), (-0.019918675, 0.025958521, 0.031), (-0.023136534, 0.023136534, 0.031), (-0.025958521, 0.019918675, 0.031), (-0.028336352, 0.01636, 0.031), (-0.030229338, 0.012521402, 0.031), (-0.031605095, 0.008468559, 0.031), (-0.032440078, 0.004270817, 0.031), (-0.03272, 4.0070445e-18, 0.031), (-0.032440078, -0.004270817, 0.031), (-0.031605095, -0.008468559, 0.031), (-0.030229338, -0.012521402, 0.031), (-0.028336352, -0.01636, 0.031), (-0.025958521, -0.019918675, 0.031), (-0.023136534, -0.023136534, 0.031), (-0.019918675, -0.025958521, 0.031), (-0.01636, -0.028336352, 0.031), (-0.012521402, -0.030229338, 0.031), (-0.008468559, -0.031605095, 0.031), (-0.004270817, -0.032440078, 0.031), (-6.0105665e-18, -0.03272, 0.031), (0.004270817, -0.032440078, 0.031), (0.008468559, -0.031605095, 0.031), (0.012521402, -0.030229338, 0.031), (0.01636, -0.028336352, 0.031), (0.019918675, -0.025958521, 0.031), (0.023136534, -0.023136534, 0.031), (0.025958521, -0.019918675, 0.031), (0.028336352, -0.01636, 0.031), (0.030229338, -0.012521402, 0.031), (0.031605095, -0.008468559, 0.031), (0.032440078, -0.004270817, 0.031), (0.03272, 0, 0.065), (0.032440078, 0.004270817, 0.065), (0.031605095, 0.008468559, 0.065), (0.030229338, 0.012521402, 0.065), (0.028336352, 0.01636, 0.065), (0.025958521, 0.019918675, 0.065), (0.023136534, 0.023136534, 0.065), (0.019918675, 0.025958521, 0.065), (0.01636, 0.028336352, 0.065), (0.012521402, 0.030229338, 0.065), (0.008468559, 0.031605095, 0.065), (0.004270817, 0.032440078, 0.065), (2.0035222e-18, 0.03272, 0.065), (-0.004270817, 0.032440078, 0.065), (-0.008468559, 0.031605095, 0.065), (-0.012521402, 0.030229338, 0.065), (-0.01636, 0.028336352, 0.065), (-0.019918675, 0.025958521, 0.065), (-0.023136534, 0.023136534, 0.065), (-0.025958521, 0.019918675, 0.065), (-0.028336352, 0.01636, 0.065), (-0.030229338, 0.012521402, 0.065), (-0.031605095, 0.008468559, 0.065), (-0.032440078, 0.004270817, 0.065), (-0.03272, 4.0070445e-18, 0.065), (-0.032440078, -0.004270817, 0.065), (-0.031605095, -0.008468559, 0.065), (-0.030229338, -0.012521402, 0.065), (-0.028336352, -0.01636, 0.065), (-0.025958521, -0.019918675, 0.065), (-0.023136534, -0.023136534, 0.065), (-0.019918675, -0.025958521, 0.065), (-0.01636, -0.028336352, 0.065), (-0.012521402, -0.030229338, 0.065), (-0.008468559, -0.031605095, 0.065), (-0.004270817, -0.032440078, 0.065), (-6.0105665e-18, -0.03272, 0.065), (0.004270817, -0.032440078, 0.065), (0.008468559, -0.031605095, 0.065), (0.012521402, -0.030229338, 0.065), (0.01636, -0.028336352, 0.065), (0.019918675, -0.025958521, 0.065), (0.023136534, -0.023136534, 0.065), (0.025958521, -0.019918675, 0.065), (0.028336352, -0.01636, 0.065), (0.030229338, -0.012521402, 0.065), (0.031605095, -0.008468559, 0.065), (0.032440078, -0.004270817, 0.065)]
        uniform token subdivisionScheme = "none"
    }

    def Mesh "BottomRim" (
        prepend apiSchemas = ["MaterialBindingAPI"]
    )
    {
        float3[] extent = [(-0.033, -0.033, 0), (0.033, 0.033, 0.002)]
        int[] faceVertexCounts = [48, 48, 4, 4, 4, 4, 4, 4, 4, 4, 4, 4, 4, 4, 4, 4, 4, 4, 4, 4, 4, 4, 4, 4, 4, 4, 4, 4, 4, 4, 4, 4, 4, 4, 4, 4, 4, 4, 4, 4, 4, 4, 4, 4, 4, 4, 4, 4, 4, 4]
        int[] faceVertexIndices = [47, 46, 45, 44, 43, 42, 41, 40, 39, 38, 37, 36, 35, 34, 33, 32, 31, 30, 29, 28, 27, 26, 25, 24, 23, 22, 21, 20, 19, 18, 17, 16, 15, 14, 13, 12, 11, 10, 9, 8, 7, 6, 5, 4, 3, 2, 1, 0, 48, 49, 50, 51, 52, 53, 54, 55, 56, 57, 58, 59, 60, 61, 62, 63, 64, 65, 66, 67, 68, 69, 70, 71, 72, 73, 74, 75, 76, 77, 78, 79, 80, 81, 82, 83, 84, 85, 86, 87, 88, 89, 90, 91, 92, 93, 94, 95, 0, 1, 49, 48, 1, 2, 50, 49, 2, 3, 51, 50, 3, 4, 52, 51, 4, 5, 53, 52, 5, 6, 54, 53, 6, 7, 55, 54, 7, 8, 56, 55, 8, 9, 57, 56, 9, 10, 58, 57, 10, 11, 59, 58, 11, 12, 60, 59, 12, 13, 61, 60, 13, 14, 62, 61, 14, 15, 63, 62, 15, 16, 64, 63, 16, 17, 65, 64, 17, 18, 66, 65, 18, 19, 67, 66, 19, 20, 68, 67, 20, 21, 69, 68, 21, 22, 70, 69, 22, 23, 71, 70, 23, 24, 72, 71, 24, 25, 73, 72, 25, 26, 74, 73, 26, 27, 75, 74, 27, 28, 76, 75, 28, 29, 77, 76, 29, 30, 78, 77, 30, 31, 79, 78, 31, 32, 80, 79, 32, 33, 81, 80, 33, 34, 82, 81, 34, 35, 83, 82, 35, 36, 84, 83, 36, 37, 85, 84, 37, 38, 86, 85, 38, 39, 87, 86, 39, 40, 88, 87, 40, 41, 89, 88, 41, 42, 90, 89, 42, 43, 91, 90, 43, 44, 92, 91, 44, 45, 93, 92, 45, 46, 94, 93, 46, 47, 95, 94, 47, 0, 48, 95]
        rel material:binding = </Prop/Materials/BrushedSteel>
        point3f[] points = [(0.033, 0, 0), (0.03271768, 0.004307364, 0), (0.03187555, 0.008541029, 0), (0.030488025, 0.012628553, 0), (0.028578838, 0.0165, 0), (0.02618066, 0.020089127, 0), (0.023334524, 0.023334524, 0), (0.020089127, 0.02618066, 0), (0.0165, 0.028578838, 0), (0.012628553, 0.030488025, 0), (0.008541029, 0.03187555, 0), (0.004307364, 0.03271768, 0), (2.0206672e-18, 0.033, 0), (-0.004307364, 0.03271768, 0), (-0.008541029, 0.03187555, 0), (-0.012628553, 0.030488025, 0), (-0.0165, 0.028578838, 0), (-0.020089127, 0.02618066, 0), (-0.023334524, 0.023334524, 0), (-0.02618066, 0.020089127, 0), (-0.028578838, 0.0165, 0), (-0.030488025, 0.012628553, 0), (-0.03187555, 0.008541029, 0), (-0.03271768, 0.004307364, 0), (-0.033, 4.0413344e-18, 0), (-0.03271768, -0.004307364, 0), (-0.03187555, -0.008541029, 0), (-0.030488025, -0.012628553, 0), (-0.028578838, -0.0165, 0), (-0.02618066, -0.020089127, 0), (-0.023334524, -0.023334524, 0), (-0.020089127, -0.02618066, 0), (-0.0165, -0.028578838, 0), (-0.012628553, -0.030488025, 0), (-0.008541029, -0.03187555, 0), (-0.004307364, -0.03271768, 0), (-6.062002e-18, -0.033, 0), (0.004307364, -0.03271768, 0), (0.008541029, -0.03187555, 0), (0.012628553, -0.030488025, 0), (0.0165, -0.028578838, 0), (0.020089127, -0.02618066, 0), (0.023334524, -0.023334524, 0), (0.02618066, -0.020089127, 0), (0.028578838, -0.0165, 0), (0.030488025, -0.012628553, 0), (0.03187555, -0.008541029, 0), (0.03271768, -0.004307364, 0), (0.033, 0, 0.002), (0.03271768, 0.004307364, 0.002), (0.03187555, 0.008541029, 0.002), (0.030488025, 0.012628553, 0.002), (0.028578838, 0.0165, 0.002), (0.02618066, 0.020089127, 0.002), (0.023334524, 0.023334524, 0.002), (0.020089127, 0.02618066, 0.002), (0.0165, 0.028578838, 0.002), (0.012628553, 0.030488025, 0.002), (0.008541029, 0.03187555, 0.002), (0.004307364, 0.03271768, 0.002), (2.0206672e-18, 0.033, 0.002), (-0.004307364, 0.03271768, 0.002), (-0.008541029, 0.03187555, 0.002), (-0.012628553, 0.030488025, 0.002), (-0.0165, 0.028578838, 0.002), (-0.020089127, 0.02618066, 0.002), (-0.023334524, 0.023334524, 0.002), (-0.02618066, 0.020089127, 0.002), (-0.028578838, 0.0165, 0.002), (-0.030488025, 0.012628553, 0.002), (-0.03187555, 0.008541029, 0.002), (-0.03271768, 0.004307364, 0.002), (-0.033, 4.0413344e-18, 0.002), (-0.03271768, -0.004307364, 0.002), (-0.03187555, -0.008541029, 0.002), (-0.030488025, -0.012628553, 0.002), (-0.028578838, -0.0165, 0.002), (-0.02618066, -0.020089127, 0.002), (-0.023334524, -0.023334524, 0.002), (-0.020089127, -0.02618066, 0.002), (-0.0165, -0.028578838, 0.002), (-0.012628553, -0.030488025, 0.002), (-0.008541029, -0.03187555, 0.002), (-0.004307364, -0.03271768, 0.002), (-6.062002e-18, -0.033, 0.002), (0.004307364, -0.03271768, 0.002), (0.008541029, -0.03187555, 0.002), (0.012628553, -0.030488025, 0.002), (0.0165, -0.028578838, 0.002), (0.020089127, -0.02618066, 0.002), (0.023334524, -0.023334524, 0.002), (0.02618066, -0.020089127, 0.002), (0.028578838, -0.0165, 0.002), (0.030488025, -0.012628553, 0.002), (0.03187555, -0.008541029, 0.002), (0.03271768, -0.004307364, 0.002)]
        uniform token subdivisionScheme = "none"
    }

    def Mesh "TopRim" (
        prepend apiSchemas = ["MaterialBindingAPI"]
    )
    {
        float3[] extent = [(-0.033, -0.033, 0.098), (0.033, 0.033, 0.1)]
        int[] faceVertexCounts = [4, 4, 4, 4, 4, 4, 4, 4, 4, 4, 4, 4, 4, 4, 4, 4, 4, 4, 4, 4, 4, 4, 4, 4, 4, 4, 4, 4, 4, 4, 4, 4, 4, 4, 4, 4, 4, 4, 4, 4, 4, 4, 4, 4, 4, 4, 4, 4, 4, 4, 4, 4, 4, 4, 4, 4, 4, 4, 4, 4, 4, 4, 4, 4, 4, 4, 4, 4, 4, 4, 4, 4, 4, 4, 4, 4, 4, 4, 4, 4, 4, 4, 4, 4, 4, 4, 4, 4, 4, 4, 4, 4, 4, 4, 4, 4, 4, 4, 4, 4, 4, 4, 4, 4, 4, 4, 4, 4, 4, 4, 4, 4, 4, 4, 4, 4, 4, 4, 4, 4, 4, 4, 4, 4, 4, 4, 4, 4, 4, 4, 4, 4, 4, 4, 4, 4, 4, 4, 4, 4, 4, 4, 4, 4, 4, 4, 4, 4, 4, 4, 4, 4, 4, 4, 4, 4, 4, 4, 4, 4, 4, 4, 4, 4, 4, 4, 4, 4, 4, 4, 4, 4, 4, 4, 4, 4, 4, 4, 4, 4, 4, 4, 4, 4, 4, 4, 4, 4, 4, 4, 4, 4]
        int[] faceVertexIndices = [96, 97, 145, 144, 0, 48, 49, 1, 0, 1, 97, 96, 48, 144, 145, 49, 97, 98, 146, 145, 1, 49, 50, 2, 1, 2, 98, 97, 49, 145, 146, 50, 98, 99, 147, 146, 2, 50, 51, 3, 2, 3, 99, 98, 50, 146, 147, 51, 99, 100, 148, 147, 3, 51, 52, 4, 3, 4, 100, 99, 51, 147, 148, 52, 100, 101, 149, 148, 4, 52, 53, 5, 4, 5, 101, 100, 52, 148, 149, 53, 101, 102, 150, 149, 5, 53, 54, 6, 5, 6, 102, 101, 53, 149, 150, 54, 102, 103, 151, 150, 6, 54, 55, 7, 6, 7, 103, 102, 54, 150, 151, 55, 103, 104, 152, 151, 7, 55, 56, 8, 7, 8, 104, 103, 55, 151, 152, 56, 104, 105, 153, 152, 8, 56, 57, 9, 8, 9, 105, 104, 56, 152, 153, 57, 105, 106, 154, 153, 9, 57, 58, 10, 9, 10, 106, 105, 57, 153, 154, 58, 106, 107, 155, 154, 10, 58, 59, 11, 10, 11, 107, 106, 58, 154, 155, 59, 107, 108, 156, 155, 11, 59, 60, 12, 11, 12, 108, 107, 59, 155, 156, 60, 108, 109, 157, 156, 12, 60, 61, 13, 12, 13, 109, 108, 60, 156, 157, 61, 109, 110, 158, 157, 13, 61, 62, 14, 13, 14, 110, 109, 61, 157, 158, 62, 110, 111, 159, 158, 14, 62, 63, 15, 14, 15, 111, 110, 62, 158, 159, 63, 111, 112, 160, 159, 15, 63, 64, 16, 15, 16, 112, 111, 63, 159, 160, 64, 112, 113, 161, 160, 16, 64, 65, 17, 16, 17, 113, 112, 64, 160, 161, 65, 113, 114, 162, 161, 17, 65, 66, 18, 17, 18, 114, 113, 65, 161, 162, 66, 114, 115, 163, 162, 18, 66, 67, 19, 18, 19, 115, 114, 66, 162, 163, 67, 115, 116, 164, 163, 19, 67, 68, 20, 19, 20, 116, 115, 67, 163, 164, 68, 116, 117, 165, 164, 20, 68, 69, 21, 20, 21, 117, 116, 68, 164, 165, 69, 117, 118, 166, 165, 21, 69, 70, 22, 21, 22, 118, 117, 69, 165, 166, 70, 118, 119, 167, 166, 22, 70, 71, 23, 22, 23, 119, 118, 70, 166, 167, 71, 119, 120, 168, 167, 23, 71, 72, 24, 23, 24, 120, 119, 71, 167, 168, 72, 120, 121, 169, 168, 24, 72, 73, 25, 24, 25, 121, 120, 72, 168, 169, 73, 121, 122, 170, 169, 25, 73, 74, 26, 25, 26, 122, 121, 73, 169, 170, 74, 122, 123, 171, 170, 26, 74, 75, 27, 26, 27, 123, 122, 74, 170, 171, 75, 123, 124, 172, 171, 27, 75, 76, 28, 27, 28, 124, 123, 75, 171, 172, 76, 124, 125, 173, 172, 28, 76, 77, 29, 28, 29, 125, 124, 76, 172, 173, 77, 125, 126, 174, 173, 29, 77, 78, 30, 29, 30, 126, 125, 77, 173, 174, 78, 126, 127, 175, 174, 30, 78, 79, 31, 30, 31, 127, 126, 78, 174, 175, 79, 127, 128, 176, 175, 31, 79, 80, 32, 31, 32, 128, 127, 79, 175, 176, 80, 128, 129, 177, 176, 32, 80, 81, 33, 32, 33, 129, 128, 80, 176, 177, 81, 129, 130, 178, 177, 33, 81, 82, 34, 33, 34, 130, 129, 81, 177, 178, 82, 130, 131, 179, 178, 34, 82, 83, 35, 34, 35, 131, 130, 82, 178, 179, 83, 131, 132, 180, 179, 35, 83, 84, 36, 35, 36, 132, 131, 83, 179, 180, 84, 132, 133, 181, 180, 36, 84, 85, 37, 36, 37, 133, 132, 84, 180, 181, 85, 133, 134, 182, 181, 37, 85, 86, 38, 37, 38, 134, 133, 85, 181, 182, 86, 134, 135, 183, 182, 38, 86, 87, 39, 38, 39, 135, 134, 86, 182, 183, 87, 135, 136, 184, 183, 39, 87, 88, 40, 39, 40, 136, 135, 87, 183, 184, 88, 136, 137, 185, 184, 40, 88, 89, 41, 40, 41, 137, 136, 88, 184, 185, 89, 137, 138, 186, 185, 41, 89, 90, 42, 41, 42, 138, 137, 89, 185, 186, 90, 138, 139, 187, 186, 42, 90, 91, 43, 42, 43, 139, 138, 90, 186, 187, 91, 139, 140, 188, 187, 43, 91, 92, 44, 43, 44, 140, 139, 91, 187, 188, 92, 140, 141, 189, 188, 44, 92, 93, 45, 44, 45, 141, 140, 92, 188, 189, 93, 141, 142, 190, 189, 45, 93, 94, 46, 45, 46, 142, 141, 93, 189, 190, 94, 142, 143, 191, 190, 46, 94, 95, 47, 46, 47, 143, 142, 94, 190, 191, 95, 143, 96, 144, 191, 47, 95, 48, 0, 47, 0, 96, 143, 95, 191, 144, 48]
        rel material:binding = </Prop/Materials/BrushedSteel>
        point3f[] points = [(0.033, 0, 0.098), (0.03271768, 0.004307364, 0.098), (0.03187555, 0.008541029, 0.098), (0.030488025, 0.012628553, 0.098), (0.028578838, 0.0165, 0.098), (0.02618066, 0.020089127, 0.098), (0.023334524, 0.023334524, 0.098), (0.020089127, 0.02618066, 0.098), (0.0165, 0.028578838, 0.098), (0.012628553, 0.030488025, 0.098), (0.008541029, 0.03187555, 0.098), (0.004307364, 0.03271768, 0.098), (2.0206672e-18, 0.033, 0.098), (-0.004307364, 0.03271768, 0.098), (-0.008541029, 0.03187555, 0.098), (-0.012628553, 0.030488025, 0.098), (-0.0165, 0.028578838, 0.098), (-0.020089127, 0.02618066, 0.098), (-0.023334524, 0.023334524, 0.098), (-0.02618066, 0.020089127, 0.098), (-0.028578838, 0.0165, 0.098), (-0.030488025, 0.012628553, 0.098), (-0.03187555, 0.008541029, 0.098), (-0.03271768, 0.004307364, 0.098), (-0.033, 4.0413344e-18, 0.098), (-0.03271768, -0.004307364, 0.098), (-0.03187555, -0.008541029, 0.098), (-0.030488025, -0.012628553, 0.098), (-0.028578838, -0.0165, 0.098), (-0.02618066, -0.020089127, 0.098), (-0.023334524, -0.023334524, 0.098), (-0.020089127, -0.02618066, 0.098), (-0.0165, -0.028578838, 0.098), (-0.012628553, -0.030488025, 0.098), (-0.008541029, -0.03187555, 0.098), (-0.004307364, -0.03271768, 0.098), (-6.062002e-18, -0.033, 0.098), (0.004307364, -0.03271768, 0.098), (0.008541029, -0.03187555, 0.098), (0.012628553, -0.030488025, 0.098), (0.0165, -0.028578838, 0.098), (0.020089127, -0.02618066, 0.098), (0.023334524, -0.023334524, 0.098), (0.02618066, -0.020089127, 0.098), (0.028578838, -0.0165, 0.098), (0.030488025, -0.012628553, 0.098), (0.03187555, -0.008541029, 0.098), (0.03271768, -0.004307364, 0.098), (0.0301, 0, 0.098), (0.02984249, 0.0039288383, 0.098), (0.029074367, 0.0077904533, 0.098), (0.027808774, 0.011518772, 0.098), (0.026067365, 0.01505, 0.098), (0.023879936, 0.01832372, 0.098), (0.021283913, 0.021283913, 0.098), (0.01832372, 0.023879936, 0.098), (0.01505, 0.026067365, 0.098), (0.011518772, 0.027808774, 0.098), (0.0077904533, 0.029074367, 0.098), (0.0039288383, 0.02984249, 0.098), (1.8430934e-18, 0.0301, 0.098), (-0.0039288383, 0.02984249, 0.098), (-0.0077904533, 0.029074367, 0.098), (-0.011518772, 0.027808774, 0.098), (-0.01505, 0.026067365, 0.098), (-0.01832372, 0.023879936, 0.098), (-0.021283913, 0.021283913, 0.098), (-0.023879936, 0.01832372, 0.098), (-0.026067365, 0.01505, 0.098), (-0.027808774, 0.011518772, 0.098), (-0.029074367, 0.0077904533, 0.098), (-0.02984249, 0.0039288383, 0.098), (-0.0301, 3.686187e-18, 0.098), (-0.02984249, -0.0039288383, 0.098), (-0.029074367, -0.0077904533, 0.098), (-0.027808774, -0.011518772, 0.098), (-0.026067365, -0.01505, 0.098), (-0.023879936, -0.01832372, 0.098), (-0.021283913, -0.021283913, 0.098), (-0.01832372, -0.023879936, 0.098), (-0.01505, -0.026067365, 0.098), (-0.011518772, -0.027808774, 0.098), (-0.0077904533, -0.029074367, 0.098), (-0.0039288383, -0.02984249, 0.098), (-5.52928e-18, -0.0301, 0.098), (0.0039288383, -0.02984249, 0.098), (0.0077904533, -0.029074367, 0.098), (0.011518772, -0.027808774, 0.098), (0.01505, -0.026067365, 0.098), (0.01832372, -0.023879936, 0.098), (0.021283913, -0.021283913, 0.098), (0.023879936, -0.01832372, 0.098), (0.026067365, -0.01505, 0.098), (0.027808774, -0.011518772, 0.098), (0.029074367, -0.0077904533, 0.098), (0.02984249, -0.0039288383, 0.098), (0.033, 0, 0.1), (0.03271768, 0.004307364, 0.1), (0.03187555, 0.008541029, 0.1), (0.030488025, 0.012628553, 0.1), (0.028578838, 0.0165, 0.1), (0.02618066, 0.020089127, 0.1), (0.023334524, 0.023334524, 0.1), (0.020089127, 0.02618066, 0.1), (0.0165, 0.028578838, 0.1), (0.012628553, 0.030488025, 0.1), (0.008541029, 0.03187555, 0.1), (0.004307364, 0.03271768, 0.1), (2.0206672e-18, 0.033, 0.1), (-0.004307364, 0.03271768, 0.1), (-0.008541029, 0.03187555, 0.1), (-0.012628553, 0.030488025, 0.1), (-0.0165, 0.028578838, 0.1), (-0.020089127, 0.02618066, 0.1), (-0.023334524, 0.023334524, 0.1), (-0.02618066, 0.020089127, 0.1), (-0.028578838, 0.0165, 0.1), (-0.030488025, 0.012628553, 0.1), (-0.03187555, 0.008541029, 0.1), (-0.03271768, 0.004307364, 0.1), (-0.033, 4.0413344e-18, 0.1), (-0.03271768, -0.004307364, 0.1), (-0.03187555, -0.008541029, 0.1), (-0.030488025, -0.012628553, 0.1), (-0.028578838, -0.0165, 0.1), (-0.02618066, -0.020089127, 0.1), (-0.023334524, -0.023334524, 0.1), (-0.020089127, -0.02618066, 0.1), (-0.0165, -0.028578838, 0.1), (-0.012628553, -0.030488025, 0.1), (-0.008541029, -0.03187555, 0.1), (-0.004307364, -0.03271768, 0.1), (-6.062002e-18, -0.033, 0.1), (0.004307364, -0.03271768, 0.1), (0.008541029, -0.03187555, 0.1), (0.012628553, -0.030488025, 0.1), (0.0165, -0.028578838, 0.1), (0.020089127, -0.02618066, 0.1), (0.023334524, -0.023334524, 0.1), (0.02618066, -0.020089127, 0.1), (0.028578838, -0.0165, 0.1), (0.030488025, -0.012628553, 0.1), (0.03187555, -0.008541029, 0.1), (0.03271768, -0.004307364, 0.1), (0.0301, 0, 0.1), (0.02984249, 0.0039288383, 0.1), (0.029074367, 0.0077904533, 0.1), (0.027808774, 0.011518772, 0.1), (0.026067365, 0.01505, 0.1), (0.023879936, 0.01832372, 0.1), (0.021283913, 0.021283913, 0.1), (0.01832372, 0.023879936, 0.1), (0.01505, 0.026067365, 0.1), (0.011518772, 0.027808774, 0.1), (0.0077904533, 0.029074367, 0.1), (0.0039288383, 0.02984249, 0.1), (1.8430934e-18, 0.0301, 0.1), (-0.0039288383, 0.02984249, 0.1), (-0.0077904533, 0.029074367, 0.1), (-0.011518772, 0.027808774, 0.1), (-0.01505, 0.026067365, 0.1), (-0.01832372, 0.023879936, 0.1), (-0.021283913, 0.021283913, 0.1), (-0.023879936, 0.01832372, 0.1), (-0.026067365, 0.01505, 0.1), (-0.027808774, 0.011518772, 0.1), (-0.029074367, 0.0077904533, 0.1), (-0.02984249, 0.0039288383, 0.1), (-0.0301, 3.686187e-18, 0.1), (-0.02984249, -0.0039288383, 0.1), (-0.029074367, -0.0077904533, 0.1), (-0.027808774, -0.011518772, 0.1), (-0.026067365, -0.01505, 0.1), (-0.023879936, -0.01832372, 0.1), (-0.021283913, -0.021283913, 0.1), (-0.01832372, -0.023879936, 0.1), (-0.01505, -0.026067365, 0.1), (-0.011518772, -0.027808774, 0.1), (-0.0077904533, -0.029074367, 0.1), (-0.0039288383, -0.02984249, 0.1), (-5.52928e-18, -0.0301, 0.1), (0.0039288383, -0.02984249, 0.1), (0.0077904533, -0.029074367, 0.1), (0.011518772, -0.027808774, 0.1), (0.01505, -0.026067365, 0.1), (0.01832372, -0.023879936, 0.1), (0.021283913, -0.021283913, 0.1), (0.023879936, -0.01832372, 0.1), (0.026067365, -0.01505, 0.1), (0.027808774, -0.011518772, 0.1), (0.029074367, -0.0077904533, 0.1), (0.02984249, -0.0039288383, 0.1)]
        uniform token subdivisionScheme = "none"
    }

    def Mesh "LidInset" (
        prepend apiSchemas = ["MaterialBindingAPI"]
    )
    {
        float3[] extent = [(-0.0305, -0.0305, 0.0991), (0.0305, 0.0305, 0.09958)]
        int[] faceVertexCounts = [3, 3, 3, 3, 3, 3, 3, 3, 3, 3, 3, 3, 3, 3, 3, 3, 3, 3, 3, 3, 3, 3, 3, 3, 3, 3, 3, 3, 3, 3, 3, 3, 3, 3, 3, 3, 3, 3, 3, 3, 3, 3, 3, 3, 3, 3, 3, 3, 4, 4, 4, 4, 4, 4, 4, 4, 4, 4, 4, 4, 4, 4, 4, 4, 4, 4, 4, 4, 4, 4, 4, 4, 4, 4, 4, 4, 4, 4, 4, 4, 4, 4, 4, 4, 4, 4, 4, 4, 4, 4, 4, 4, 4, 4, 4, 4, 4, 4, 4, 4, 4, 4, 4, 4, 4, 4, 4, 4, 4, 4, 4, 4, 4, 4, 4, 4, 4, 4, 4, 4, 4, 4, 4, 4, 4, 4, 4, 4, 4, 4, 4, 4, 4, 4, 4, 4, 4, 4, 4, 4, 4, 4, 4, 4, 4, 4, 4, 4, 4, 4, 4, 4, 4, 4, 4, 4, 4, 4, 4, 4, 4, 4, 4, 4, 4, 4, 4, 4, 4, 4, 4, 4, 4, 4, 4, 4, 4, 4, 4, 4, 4, 4, 4, 4, 4, 4, 4, 4, 4, 4, 4, 4, 4, 4, 4, 4, 4, 4, 4, 4, 4, 4, 4, 4, 4, 4, 4, 4, 4, 4, 4, 4, 4, 4, 4, 4, 4, 4, 4, 4, 4, 4, 4, 4, 4, 4, 4, 4, 4, 4, 4, 4, 4, 4, 4, 4, 4, 4, 4, 4, 4, 4, 4, 4, 4, 4, 4, 4, 4, 4, 4, 4, 4, 4, 4, 4, 4, 4, 4, 4, 4, 4, 4, 4, 4, 4, 4, 4, 4, 4, 4, 4, 4, 4, 4, 4, 4, 4, 4, 4, 4, 4, 4, 4, 4, 4, 4, 4, 4, 4, 4, 4, 4, 4, 4, 4, 4, 4, 4, 4, 4, 4, 4, 4, 4, 4, 4, 4, 4, 4, 4, 4, 4, 4, 4, 4, 4, 4, 4, 4, 4, 4, 4, 4, 4, 4, 4, 4, 4, 4, 4, 4, 4, 4, 4, 4, 4, 3, 4, 3, 4, 3, 4, 3, 4, 3, 4, 3, 4, 3, 4, 3, 4, 3, 4, 3, 4, 3, 4, 3, 4, 3, 4, 3, 4, 3, 4, 3, 4, 3, 4, 3, 4, 3, 4, 3, 4, 3, 4, 3, 4, 3, 4, 3, 4, 3, 4, 3, 4, 3, 4, 3, 4, 3, 4, 3, 4, 3, 4, 3, 4, 3, 4, 3, 4, 3, 4, 3, 4, 3, 4, 3, 4, 3, 4, 3, 4, 3, 4, 3, 4, 3, 4, 3, 4, 3, 4, 3, 4, 3, 4, 3]
        int[] faceVertexIndices = [0, 1, 2, 0, 2, 3, 0, 3, 4, 0, 4, 5, 0, 5, 6, 0, 6, 7, 0, 7, 8, 0, 8, 9, 0, 9, 10, 0, 10, 11, 0, 11, 12, 0, 12, 13, 0, 13, 14, 0, 14, 15, 0, 15, 16, 0, 16, 17, 0, 17, 18, 0, 18, 19, 0, 19, 20, 0, 20, 21, 0, 21, 22, 0, 22, 23, 0, 23, 24, 0, 24, 25, 0, 25, 26, 0, 26, 27, 0, 27, 28, 0, 28, 29, 0, 29, 30, 0, 30, 31, 0, 31, 32, 0, 32, 33, 0, 33, 34, 0, 34, 35, 0, 35, 36, 0, 36, 37, 0, 37, 38, 0, 38, 39, 0, 39, 40, 0, 40, 41, 0, 41, 42, 0, 42, 43, 0, 43, 44, 0, 44, 45, 0, 45, 46, 0, 46, 47, 0, 47, 48, 0, 48, 1, 1, 49, 50, 2, 2, 50, 51, 3, 3, 51, 52, 4, 4, 52, 53, 5, 5, 53, 54, 6, 6, 54, 55, 7, 7, 55, 56, 8, 8, 56, 57, 9, 9, 57, 58, 10, 10, 58, 59, 11, 11, 59, 60, 12, 12, 60, 61, 13, 13, 61, 62, 14, 14, 62, 63, 15, 15, 63, 64, 16, 16, 64, 65, 17, 17, 65, 66, 18, 18, 66, 67, 19, 19, 67, 68, 20, 20, 68, 69, 21, 21, 69, 70, 22, 22, 70, 71, 23, 23, 71, 72, 24, 24, 72, 73, 25, 25, 73, 74, 26, 26, 74, 75, 27, 27, 75, 76, 28, 28, 76, 77, 29, 29, 77, 78, 30, 30, 78, 79, 31, 31, 79, 80, 32, 32, 80, 81, 33, 33, 81, 82, 34, 34, 82, 83, 35, 35, 83, 84, 36, 36, 84, 85, 37, 37, 85, 86, 38, 38, 86, 87, 39, 39, 87, 88, 40, 40, 88, 89, 41, 41, 89, 90, 42, 42, 90, 91, 43, 43, 91, 92, 44, 44, 92, 93, 45, 45, 93, 94, 46, 46, 94, 95, 47, 47, 95, 96, 48, 48, 96, 49, 1, 49, 97, 98, 50, 50, 98, 99, 51, 51, 99, 100, 52, 52, 100, 101, 53, 53, 101, 102, 54, 54, 102, 103, 55, 55, 103, 104, 56, 56, 104, 105, 57, 57, 105, 106, 58, 58, 106, 107, 59, 59, 107, 108, 60, 60, 108, 109, 61, 61, 109, 110, 62, 62, 110, 111, 63, 63, 111, 112, 64, 64, 112, 113, 65, 65, 113, 114, 66, 66, 114, 115, 67, 67, 115, 116, 68, 68, 116, 117, 69, 69, 117, 118, 70, 70, 118, 119, 71, 71, 119, 120, 72, 72, 120, 121, 73, 73, 121, 122, 74, 74, 122, 123, 75, 75, 123, 124, 76, 76, 124, 125, 77, 77, 125, 126, 78, 78, 126, 127, 79, 79, 127, 128, 80, 80, 128, 129, 81, 81, 129, 130, 82, 82, 130, 131, 83, 83, 131, 132, 84, 84, 132, 133, 85, 85, 133, 134, 86, 86, 134, 135, 87, 87, 135, 136, 88, 88, 136, 137, 89, 89, 137, 138, 90, 90, 138, 139, 91, 91, 139, 140, 92, 92, 140, 141, 93, 93, 141, 142, 94, 94, 142, 143, 95, 95, 143, 144, 96, 96, 144, 97, 49, 97, 145, 146, 98, 98, 146, 147, 99, 99, 147, 148, 100, 100, 148, 149, 101, 101, 149, 150, 102, 102, 150, 151, 103, 103, 151, 152, 104, 104, 152, 153, 105, 105, 153, 154, 106, 106, 154, 155, 107, 107, 155, 156, 108, 108, 156, 157, 109, 109, 157, 158, 110, 110, 158, 159, 111, 111, 159, 160, 112, 112, 160, 161, 113, 113, 161, 162, 114, 114, 162, 163, 115, 115, 163, 164, 116, 116, 164, 165, 117, 117, 165, 166, 118, 118, 166, 167, 119, 119, 167, 168, 120, 120, 168, 169, 121, 121, 169, 170, 122, 122, 170, 171, 123, 123, 171, 172, 124, 124, 172, 173, 125, 125, 173, 174, 126, 126, 174, 175, 127, 127, 175, 176, 128, 128, 176, 177, 129, 129, 177, 178, 130, 130, 178, 179, 131, 131, 179, 180, 132, 132, 180, 181, 133, 133, 181, 182, 134, 134, 182, 183, 135, 135, 183, 184, 136, 136, 184, 185, 137, 137, 185, 186, 138, 138, 186, 187, 139, 139, 187, 188, 140, 140, 188, 189, 141, 141, 189, 190, 142, 142, 190, 191, 143, 143, 191, 192, 144, 144, 192, 145, 97, 145, 193, 194, 146, 146, 194, 195, 147, 147, 195, 196, 148, 148, 196, 197, 149, 149, 197, 198, 150, 150, 198, 199, 151, 151, 199, 200, 152, 152, 200, 201, 153, 153, 201, 202, 154, 154, 202, 203, 155, 155, 203, 204, 156, 156, 204, 205, 157, 157, 205, 206, 158, 158, 206, 207, 159, 159, 207, 208, 160, 160, 208, 209, 161, 161, 209, 210, 162, 162, 210, 211, 163, 163, 211, 212, 164, 164, 212, 213, 165, 165, 213, 214, 166, 166, 214, 215, 167, 167, 215, 216, 168, 168, 216, 217, 169, 169, 217, 218, 170, 170, 218, 219, 171, 171, 219, 220, 172, 172, 220, 221, 173, 173, 221, 222, 174, 174, 222, 223, 175, 175, 223, 224, 176, 176, 224, 225, 177, 177, 225, 226, 178, 178, 226, 227, 179, 179, 227, 228, 180, 180, 228, 229, 181, 181, 229, 230, 182, 182, 230, 231, 183, 183, 231, 232, 184, 184, 232, 233, 185, 185, 233, 234, 186, 186, 234, 235, 187, 187, 235, 236, 188, 188, 236, 237, 189, 189, 237, 238, 190, 190, 238, 239, 191, 191, 239, 240, 192, 192, 240, 193, 145, 193, 241, 242, 194, 194, 242, 243, 195, 195, 243, 244, 196, 196, 244, 245, 197, 197, 245, 246, 198, 198, 246, 247, 199, 199, 247, 248, 200, 200, 248, 249, 201, 201, 249, 250, 202, 202, 250, 251, 203, 203, 251, 252, 204, 204, 252, 253, 205, 205, 253, 254, 206, 206, 254, 255, 207, 207, 255, 256, 208, 208, 256, 257, 209, 209, 257, 258, 210, 210, 258, 259, 211, 211, 259, 260, 212, 212, 260, 261, 213, 213, 261, 262, 214, 214, 262, 263, 215, 215, 263, 264, 216, 216, 264, 265, 217, 217, 265, 266, 218, 218, 266, 267, 219, 219, 267, 268, 220, 220, 268, 269, 221, 221, 269, 270, 222, 222, 270, 271, 223, 223, 271, 272, 224, 224, 272, 273, 225, 225, 273, 274, 226, 226, 274, 275, 227, 227, 275, 276, 228, 228, 276, 277, 229, 229, 277, 278, 230, 230, 278, 279, 231, 231, 279, 280, 232, 232, 280, 281, 233, 233, 281, 282, 234, 234, 282, 283, 235, 235, 283, 284, 236, 236, 284, 285, 237, 237, 285, 286, 238, 238, 286, 287, 239, 239, 287, 288, 240, 240, 288, 241, 193, 241, 289, 290, 242, 242, 290, 291, 243, 243, 291, 292, 244, 244, 292, 293, 245, 245, 293, 294, 246, 246, 294, 295, 247, 247, 295, 296, 248, 248, 296, 297, 249, 249, 297, 298, 250, 250, 298, 299, 251, 251, 299, 300, 252, 252, 300, 301, 253, 253, 301, 302, 254, 254, 302, 303, 255, 255, 303, 304, 256, 256, 304, 305, 257, 257, 305, 306, 258, 258, 306, 307, 259, 259, 307, 308, 260, 260, 308, 309, 261, 261, 309, 310, 262, 262, 310, 311, 263, 263, 311, 312, 264, 264, 312, 313, 265, 265, 313, 314, 266, 266, 314, 315, 267, 267, 315, 316, 268, 268, 316, 317, 269, 269, 317, 318, 270, 270, 318, 319, 271, 271, 319, 320, 272, 272, 320, 321, 273, 273, 321, 322, 274, 274, 322, 323, 275, 275, 323, 324, 276, 276, 324, 325, 277, 277, 325, 326, 278, 278, 326, 327, 279, 279, 327, 328, 280, 280, 328, 329, 281, 281, 329, 330, 282, 282, 330, 331, 283, 283, 331, 332, 284, 284, 332, 333, 285, 285, 333, 334, 286, 286, 334, 335, 287, 287, 335, 336, 288, 288, 336, 289, 241, 337, 338, 290, 289, 385, 338, 337, 338, 339, 291, 290, 385, 339, 338, 339, 340, 292, 291, 385, 340, 339, 340, 341, 293, 292, 385, 341, 340, 341, 342, 294, 293, 385, 342, 341, 342, 343, 295, 294, 385, 343, 342, 343, 344, 296, 295, 385, 344, 343, 344, 345, 297, 296, 385, 345, 344, 345, 346, 298, 297, 385, 346, 345, 346, 347, 299, 298, 385, 347, 346, 347, 348, 300, 299, 385, 348, 347, 348, 349, 301, 300, 385, 349, 348, 349, 350, 302, 301, 385, 350, 349, 350, 351, 303, 302, 385, 351, 350, 351, 352, 304, 303, 385, 352, 351, 352, 353, 305, 304, 385, 353, 352, 353, 354, 306, 305, 385, 354, 353, 354, 355, 307, 306, 385, 355, 354, 355, 356, 308, 307, 385, 356, 355, 356, 357, 309, 308, 385, 357, 356, 357, 358, 310, 309, 385, 358, 357, 358, 359, 311, 310, 385, 359, 358, 359, 360, 312, 311, 385, 360, 359, 360, 361, 313, 312, 385, 361, 360, 361, 362, 314, 313, 385, 362, 361, 362, 363, 315, 314, 385, 363, 362, 363, 364, 316, 315, 385, 364, 363, 364, 365, 317, 316, 385, 365, 364, 365, 366, 318, 317, 385, 366, 365, 366, 367, 319, 318, 385, 367, 366, 367, 368, 320, 319, 385, 368, 367, 368, 369, 321, 320, 385, 369, 368, 369, 370, 322, 321, 385, 370, 369, 370, 371, 323, 322, 385, 371, 370, 371, 372, 324, 323, 385, 372, 371, 372, 373, 325, 324, 385, 373, 372, 373, 374, 326, 325, 385, 374, 373, 374, 375, 327, 326, 385, 375, 374, 375, 376, 328, 327, 385, 376, 375, 376, 377, 329, 328, 385, 377, 376, 377, 378, 330, 329, 385, 378, 377, 378, 379, 331, 330, 385, 379, 378, 379, 380, 332, 331, 385, 380, 379, 380, 381, 333, 332, 385, 381, 380, 381, 382, 334, 333, 385, 382, 381, 382, 383, 335, 334, 385, 383, 382, 383, 384, 336, 335, 385, 384, 383, 384, 337, 289, 336, 385, 337, 384]
        rel material:binding = </Prop/Materials/BrushedSteel>
        point3f[] points = [(0, 0, 0.09932), (0.0195, 0, 0.09932), (0.019333174, 0.0025452608, 0.09932), (0.018835554, 0.0050469716, 0.09932), (0.018015651, 0.007462327, 0.09932), (0.016887495, 0.00975, 0.09932), (0.01547039, 0.011870848, 0.09932), (0.013788582, 0.013788582, 0.09932), (0.011870848, 0.01547039, 0.09932), (0.00975, 0.016887495, 0.09932), (0.007462327, 0.018015651, 0.09932), (0.0050469716, 0.018835554, 0.09932), (0.0025452608, 0.019333174, 0.09932), (1.1940307e-18, 0.0195, 0.09932), (-0.0025452608, 0.019333174, 0.09932), (-0.0050469716, 0.018835554, 0.09932), (-0.007462327, 0.018015651, 0.09932), (-0.00975, 0.016887495, 0.09932), (-0.011870848, 0.01547039, 0.09932), (-0.013788582, 0.013788582, 0.09932), (-0.01547039, 0.011870848, 0.09932), (-0.016887495, 0.00975, 0.09932), (-0.018015651, 0.007462327, 0.09932), (-0.018835554, 0.0050469716, 0.09932), (-0.019333174, 0.0025452608, 0.09932), (-0.0195, 2.3880613e-18, 0.09932), (-0.019333174, -0.0025452608, 0.09932), (-0.018835554, -0.0050469716, 0.09932), (-0.018015651, -0.007462327, 0.09932), (-0.016887495, -0.00975, 0.09932), (-0.01547039, -0.011870848, 0.09932), (-0.013788582, -0.013788582, 0.09932), (-0.011870848, -0.01547039, 0.09932), (-0.00975, -0.016887495, 0.09932), (-0.007462327, -0.018015651, 0.09932), (-0.0050469716, -0.018835554, 0.09932), (-0.0025452608, -0.019333174, 0.09932), (-3.582092e-18, -0.0195, 0.09932), (0.0025452608, -0.019333174, 0.09932), (0.0050469716, -0.018835554, 0.09932), (0.007462327, -0.018015651, 0.09932), (0.00975, -0.016887495, 0.09932), (0.011870848, -0.01547039, 0.09932), (0.013788582, -0.013788582, 0.09932), (0.01547039, -0.011870848, 0.09932), (0.016887495, -0.00975, 0.09932), (0.018015651, -0.007462327, 0.09932), (0.018835554, -0.0050469716, 0.09932), (0.019333174, -0.0025452608, 0.09932), (0.0205, 0, 0.09958), (0.02032462, 0.0026757868, 0.09958), (0.019801479, 0.0053057903, 0.09958), (0.01893953, 0.007845011, 0.09958), (0.017753521, 0.01025, 0.09958), (0.016263744, 0.012479609, 0.09958), (0.014495689, 0.014495689, 0.09958), (0.012479609, 0.016263744, 0.09958), (0.01025, 0.017753521, 0.09958), (0.007845011, 0.01893953, 0.09958), (0.0053057903, 0.019801479, 0.09958), (0.0026757868, 0.02032462, 0.09958), (1.255263e-18, 0.0205, 0.09958), (-0.0026757868, 0.02032462, 0.09958), (-0.0053057903, 0.019801479, 0.09958), (-0.007845011, 0.01893953, 0.09958), (-0.01025, 0.017753521, 0.09958), (-0.012479609, 0.016263744, 0.09958), (-0.014495689, 0.014495689, 0.09958), (-0.016263744, 0.012479609, 0.09958), (-0.017753521, 0.01025, 0.09958), (-0.01893953, 0.007845011, 0.09958), (-0.019801479, 0.0053057903, 0.09958), (-0.02032462, 0.0026757868, 0.09958), (-0.0205, 2.510526e-18, 0.09958), (-0.02032462, -0.0026757868, 0.09958), (-0.019801479, -0.0053057903, 0.09958), (-0.01893953, -0.007845011, 0.09958), (-0.017753521, -0.01025, 0.09958), (-0.016263744, -0.012479609, 0.09958), (-0.014495689, -0.014495689, 0.09958), (-0.012479609, -0.016263744, 0.09958), (-0.01025, -0.017753521, 0.09958), (-0.007845011, -0.01893953, 0.09958), (-0.0053057903, -0.019801479, 0.09958), (-0.0026757868, -0.02032462, 0.09958), (-3.765789e-18, -0.0205, 0.09958), (0.0026757868, -0.02032462, 0.09958), (0.0053057903, -0.019801479, 0.09958), (0.007845011, -0.01893953, 0.09958), (0.01025, -0.017753521, 0.09958), (0.012479609, -0.016263744, 0.09958), (0.014495689, -0.014495689, 0.09958), (0.016263744, -0.012479609, 0.09958), (0.017753521, -0.01025, 0.09958), (0.01893953, -0.007845011, 0.09958), (0.019801479, -0.0053057903, 0.09958), (0.02032462, -0.0026757868, 0.09958), (0.0215, 0, 0.09932), (0.021316065, 0.002806313, 0.09932), (0.020767406, 0.0055646095, 0.09932), (0.01986341, 0.008227694, 0.09932), (0.018619547, 0.01075, 0.09932), (0.017057097, 0.013088371, 0.09932), (0.015202796, 0.015202796, 0.09932), (0.013088371, 0.017057097, 0.09932), (0.01075, 0.018619547, 0.09932), (0.008227694, 0.01986341, 0.09932), (0.0055646095, 0.020767406, 0.09932), (0.002806313, 0.021316065, 0.09932), (1.3164953e-18, 0.0215, 0.09932), (-0.002806313, 0.021316065, 0.09932), (-0.0055646095, 0.020767406, 0.09932), (-0.008227694, 0.01986341, 0.09932), (-0.01075, 0.018619547, 0.09932), (-0.013088371, 0.017057097, 0.09932), (-0.015202796, 0.015202796, 0.09932), (-0.017057097, 0.013088371, 0.09932), (-0.018619547, 0.01075, 0.09932), (-0.01986341, 0.008227694, 0.09932), (-0.020767406, 0.0055646095, 0.09932), (-0.021316065, 0.002806313, 0.09932), (-0.0215, 2.6329905e-18, 0.09932), (-0.021316065, -0.002806313, 0.09932), (-0.020767406, -0.0055646095, 0.09932), (-0.01986341, -0.008227694, 0.09932), (-0.018619547, -0.01075, 0.09932), (-0.017057097, -0.013088371, 0.09932), (-0.015202796, -0.015202796, 0.09932), (-0.013088371, -0.017057097, 0.09932), (-0.01075, -0.018619547, 0.09932), (-0.008227694, -0.01986341, 0.09932), (-0.0055646095, -0.020767406, 0.09932), (-0.002806313, -0.021316065, 0.09932), (-3.949486e-18, -0.0215, 0.09932), (0.002806313, -0.021316065, 0.09932), (0.0055646095, -0.020767406, 0.09932), (0.008227694, -0.01986341, 0.09932), (0.01075, -0.018619547, 0.09932), (0.013088371, -0.017057097, 0.09932), (0.015202796, -0.015202796, 0.09932), (0.017057097, -0.013088371, 0.09932), (0.018619547, -0.01075, 0.09932), (0.01986341, -0.008227694, 0.09932), (0.020767406, -0.0055646095, 0.09932), (0.021316065, -0.002806313, 0.09932), (0.0255, 0, 0.09932), (0.025281845, 0.003328418, 0.09932), (0.02463111, 0.006599886, 0.09932), (0.023558928, 0.009758428, 0.09932), (0.022083648, 0.01275, 0.09932), (0.02023051, 0.015523416, 0.09932), (0.018031223, 0.018031223, 0.09932), (0.015523416, 0.02023051, 0.09932), (0.01275, 0.022083648, 0.09932), (0.009758428, 0.023558928, 0.09932), (0.006599886, 0.02463111, 0.09932), (0.003328418, 0.025281845, 0.09932), (1.5614247e-18, 0.0255, 0.09932), (-0.003328418, 0.025281845, 0.09932), (-0.006599886, 0.02463111, 0.09932), (-0.009758428, 0.023558928, 0.09932), (-0.01275, 0.022083648, 0.09932), (-0.015523416, 0.02023051, 0.09932), (-0.018031223, 0.018031223, 0.09932), (-0.02023051, 0.015523416, 0.09932), (-0.022083648, 0.01275, 0.09932), (-0.023558928, 0.009758428, 0.09932), (-0.02463111, 0.006599886, 0.09932), (-0.025281845, 0.003328418, 0.09932), (-0.0255, 3.1228494e-18, 0.09932), (-0.025281845, -0.003328418, 0.09932), (-0.02463111, -0.006599886, 0.09932), (-0.023558928, -0.009758428, 0.09932), (-0.022083648, -0.01275, 0.09932), (-0.02023051, -0.015523416, 0.09932), (-0.018031223, -0.018031223, 0.09932), (-0.015523416, -0.02023051, 0.09932), (-0.01275, -0.022083648, 0.09932), (-0.009758428, -0.023558928, 0.09932), (-0.006599886, -0.02463111, 0.09932), (-0.003328418, -0.025281845, 0.09932), (-4.684274e-18, -0.0255, 0.09932), (0.003328418, -0.025281845, 0.09932), (0.006599886, -0.02463111, 0.09932), (0.009758428, -0.023558928, 0.09932), (0.01275, -0.022083648, 0.09932), (0.015523416, -0.02023051, 0.09932), (0.018031223, -0.018031223, 0.09932), (0.02023051, -0.015523416, 0.09932), (0.022083648, -0.01275, 0.09932), (0.023558928, -0.009758428, 0.09932), (0.02463111, -0.006599886, 0.09932), (0.025281845, -0.003328418, 0.09932), (0.02625, 0, 0.09958), (0.026025428, 0.0034263125, 0.09958), (0.025355553, 0.006794, 0.09958), (0.024251837, 0.01004544, 0.09958), (0.022733167, 0.013125, 0.09958), (0.020825526, 0.015979987, 0.09958), (0.018561553, 0.018561553, 0.09958), (0.015979987, 0.020825526, 0.09958), (0.013125, 0.022733167, 0.09958), (0.01004544, 0.024251837, 0.09958), (0.006794, 0.025355553, 0.09958), (0.0034263125, 0.026025428, 0.09958), (1.6073489e-18, 0.02625, 0.09958), (-0.0034263125, 0.026025428, 0.09958), (-0.006794, 0.025355553, 0.09958), (-0.01004544, 0.024251837, 0.09958), (-0.013125, 0.022733167, 0.09958), (-0.015979987, 0.020825526, 0.09958), (-0.018561553, 0.018561553, 0.09958), (-0.020825526, 0.015979987, 0.09958), (-0.022733167, 0.013125, 0.09958), (-0.024251837, 0.01004544, 0.09958), (-0.025355553, 0.006794, 0.09958), (-0.026025428, 0.0034263125, 0.09958), (-0.02625, 3.2146979e-18, 0.09958), (-0.026025428, -0.0034263125, 0.09958), (-0.025355553, -0.006794, 0.09958), (-0.024251837, -0.01004544, 0.09958), (-0.022733167, -0.013125, 0.09958), (-0.020825526, -0.015979987, 0.09958), (-0.018561553, -0.018561553, 0.09958), (-0.015979987, -0.020825526, 0.09958), (-0.013125, -0.022733167, 0.09958), (-0.01004544, -0.024251837, 0.09958), (-0.006794, -0.025355553, 0.09958), (-0.0034263125, -0.026025428, 0.09958), (-4.822047e-18, -0.02625, 0.09958), (0.0034263125, -0.026025428, 0.09958), (0.006794, -0.025355553, 0.09958), (0.01004544, -0.024251837, 0.09958), (0.013125, -0.022733167, 0.09958), (0.015979987, -0.020825526, 0.09958), (0.018561553, -0.018561553, 0.09958), (0.020825526, -0.015979987, 0.09958), (0.022733167, -0.013125, 0.09958), (0.024251837, -0.01004544, 0.09958), (0.025355553, -0.006794, 0.09958), (0.026025428, -0.0034263125, 0.09958), (0.027, 0, 0.09932), (0.02676901, 0.0035242073, 0.09932), (0.026079997, 0.006988114, 0.09932), (0.024944747, 0.010332453, 0.09932), (0.023382686, 0.0135, 0.09932), (0.02142054, 0.016436558, 0.09932), (0.019091884, 0.019091884, 0.09932), (0.016436558, 0.02142054, 0.09932), (0.0135, 0.023382686, 0.09932), (0.010332453, 0.024944747, 0.09932), (0.006988114, 0.026079997, 0.09932), (0.0035242073, 0.02676901, 0.09932), (1.6532732e-18, 0.027, 0.09932), (-0.0035242073, 0.02676901, 0.09932), (-0.006988114, 0.026079997, 0.09932), (-0.010332453, 0.024944747, 0.09932), (-0.0135, 0.023382686, 0.09932), (-0.016436558, 0.02142054, 0.09932), (-0.019091884, 0.019091884, 0.09932), (-0.02142054, 0.016436558, 0.09932), (-0.023382686, 0.0135, 0.09932), (-0.024944747, 0.010332453, 0.09932), (-0.026079997, 0.006988114, 0.09932), (-0.02676901, 0.0035242073, 0.09932), (-0.027, 3.3065463e-18, 0.09932), (-0.02676901, -0.0035242073, 0.09932), (-0.026079997, -0.006988114, 0.09932), (-0.024944747, -0.010332453, 0.09932), (-0.023382686, -0.0135, 0.09932), (-0.02142054, -0.016436558, 0.09932), (-0.019091884, -0.019091884, 0.09932), (-0.016436558, -0.02142054, 0.09932), (-0.0135, -0.023382686, 0.09932), (-0.010332453, -0.024944747, 0.09932), (-0.006988114, -0.026079997, 0.09932), (-0.0035242073, -0.02676901, 0.09932), (-4.9598196e-18, -0.027, 0.09932), (0.0035242073, -0.02676901, 0.09932), (0.006988114, -0.026079997, 0.09932), (0.010332453, -0.024944747, 0.09932), (0.0135, -0.023382686, 0.09932), (0.016436558, -0.02142054, 0.09932), (0.019091884, -0.019091884, 0.09932), (0.02142054, -0.016436558, 0.09932), (0.023382686, -0.0135, 0.09932), (0.024944747, -0.010332453, 0.09932), (0.026079997, -0.006988114, 0.09932), (0.02676901, -0.0035242073, 0.09932), (0.0305, 0, 0.09932), (0.030239068, 0.0039810487, 0.09932), (0.029460737, 0.0078939805, 0.09932), (0.028178325, 0.011671845, 0.09932), (0.026413774, 0.01525, 0.09932), (0.024197277, 0.018567223, 0.09932), (0.021566756, 0.021566756, 0.09932), (0.018567223, 0.024197277, 0.09932), (0.01525, 0.026413774, 0.09932), (0.011671845, 0.028178325, 0.09932), (0.0078939805, 0.029460737, 0.09932), (0.0039810487, 0.030239068, 0.09932), (1.8675865e-18, 0.0305, 0.09932), (-0.0039810487, 0.030239068, 0.09932), (-0.0078939805, 0.029460737, 0.09932), (-0.011671845, 0.028178325, 0.09932), (-0.01525, 0.026413774, 0.09932), (-0.018567223, 0.024197277, 0.09932), (-0.021566756, 0.021566756, 0.09932), (-0.024197277, 0.018567223, 0.09932), (-0.026413774, 0.01525, 0.09932), (-0.028178325, 0.011671845, 0.09932), (-0.029460737, 0.0078939805, 0.09932), (-0.030239068, 0.0039810487, 0.09932), (-0.0305, 3.735173e-18, 0.09932), (-0.030239068, -0.0039810487, 0.09932), (-0.029460737, -0.0078939805, 0.09932), (-0.028178325, -0.011671845, 0.09932), (-0.026413774, -0.01525, 0.09932), (-0.024197277, -0.018567223, 0.09932), (-0.021566756, -0.021566756, 0.09932), (-0.018567223, -0.024197277, 0.09932), (-0.01525, -0.026413774, 0.09932), (-0.011671845, -0.028178325, 0.09932), (-0.0078939805, -0.029460737, 0.09932), (-0.0039810487, -0.030239068, 0.09932), (-5.602759e-18, -0.0305, 0.09932), (0.0039810487, -0.030239068, 0.09932), (0.0078939805, -0.029460737, 0.09932), (0.011671845, -0.028178325, 0.09932), (0.01525, -0.026413774, 0.09932), (0.018567223, -0.024197277, 0.09932), (0.021566756, -0.021566756, 0.09932), (0.024197277, -0.018567223, 0.09932), (0.026413774, -0.01525, 0.09932), (0.028178325, -0.011671845, 0.09932), (0.029460737, -0.0078939805, 0.09932), (0.030239068, -0.0039810487, 0.09932), (0.0305, 0, 0.0991), (0.030239068, 0.0039810487, 0.0991), (0.029460737, 0.0078939805, 0.0991), (0.028178325, 0.011671845, 0.0991), (0.026413774, 0.01525, 0.0991), (0.024197277, 0.018567223, 0.0991), (0.021566756, 0.021566756, 0.0991), (0.018567223, 0.024197277, 0.0991), (0.01525, 0.026413774, 0.0991), (0.011671845, 0.028178325, 0.0991), (0.0078939805, 0.029460737, 0.0991), (0.0039810487, 0.030239068, 0.0991), (1.8675865e-18, 0.0305, 0.0991), (-0.0039810487, 0.030239068, 0.0991), (-0.0078939805, 0.029460737, 0.0991), (-0.011671845, 0.028178325, 0.0991), (-0.01525, 0.026413774, 0.0991), (-0.018567223, 0.024197277, 0.0991), (-0.021566756, 0.021566756, 0.0991), (-0.024197277, 0.018567223, 0.0991), (-0.026413774, 0.01525, 0.0991), (-0.028178325, 0.011671845, 0.0991), (-0.029460737, 0.0078939805, 0.0991), (-0.030239068, 0.0039810487, 0.0991), (-0.0305, 3.735173e-18, 0.0991), (-0.030239068, -0.0039810487, 0.0991), (-0.029460737, -0.0078939805, 0.0991), (-0.028178325, -0.011671845, 0.0991), (-0.026413774, -0.01525, 0.0991), (-0.024197277, -0.018567223, 0.0991), (-0.021566756, -0.021566756, 0.0991), (-0.018567223, -0.024197277, 0.0991), (-0.01525, -0.026413774, 0.0991), (-0.011671845, -0.028178325, 0.0991), (-0.0078939805, -0.029460737, 0.0991), (-0.0039810487, -0.030239068, 0.0991), (-5.602759e-18, -0.0305, 0.0991), (0.0039810487, -0.030239068, 0.0991), (0.0078939805, -0.029460737, 0.0991), (0.011671845, -0.028178325, 0.0991), (0.01525, -0.026413774, 0.0991), (0.018567223, -0.024197277, 0.0991), (0.021566756, -0.021566756, 0.0991), (0.024197277, -0.018567223, 0.0991), (0.026413774, -0.01525, 0.0991), (0.028178325, -0.011671845, 0.0991), (0.029460737, -0.0078939805, 0.0991), (0.030239068, -0.0039810487, 0.0991), (0, 0, 0.0991)]
        uniform token subdivisionScheme = "none"
    }

    def Mesh "TomatoEmblem" (
        prepend apiSchemas = ["MaterialBindingAPI"]
    )
    {
        uniform bool doubleSided = 1
        float3[] extent = [(-0.03288, -0.03288, 0.033699326), (0.03288, 0.03288, 0.058100674)]
        int[] faceVertexCounts = [3, 3, 3, 3, 3, 3, 3, 3, 3, 3, 3, 3, 3, 3, 3, 3, 3, 3, 3, 3, 3, 3, 3, 3, 3, 3, 3, 3, 3, 3, 3, 3, 3, 3, 3, 3, 3, 3, 3, 3, 3, 3, 3, 3, 3, 3, 3, 3, 3, 3, 3, 3, 3, 3, 3, 3, 3, 3, 3, 3, 3, 3, 3, 3, 3, 3, 3, 3, 3, 3, 3, 3, 3, 3, 3, 3, 3, 3, 3, 3, 3, 3, 3, 3, 3, 3, 3, 3, 3, 3, 3, 3, 3, 3, 3, 3, 3, 3, 3, 3, 3, 3, 3, 3, 3, 3, 3, 3, 3, 3, 3, 3, 3, 3, 3, 3, 3, 3, 3, 3, 3, 3, 3, 3, 3, 3, 3, 3, 3, 3, 3, 3, 3, 3, 3, 3, 3, 3, 3, 3, 3, 3, 3, 3, 3, 3, 3, 3, 3, 3, 3, 3, 3, 3, 3, 3, 3, 3, 3, 3, 3, 3, 3, 3, 3, 3, 3, 3, 3, 3, 3, 3, 3, 3, 3, 3, 3, 3, 3, 3, 3, 3, 3, 3, 3, 3, 3, 3, 3, 3, 3, 3, 3, 3, 3, 3, 3, 3, 3, 3, 3, 3, 3, 3, 3, 3, 3, 3, 3, 3, 3, 3, 3, 3, 3, 3, 3, 3, 3, 3, 3, 3, 3, 3, 3, 3, 3, 3, 3, 3, 3, 3, 3, 3, 3, 3, 3, 3, 3, 3, 3, 3, 3, 3, 3, 3, 3, 3, 3, 3, 3, 3, 3, 3, 3, 3, 3, 3, 3, 3, 3, 3, 3, 3, 3, 3, 3, 3, 3, 3, 3, 3, 3, 3, 3, 3, 3, 3, 3, 3, 3, 3, 3, 3, 3, 3, 3, 3, 3, 3, 3, 3, 3, 3, 3, 3, 3, 3, 3, 3, 3, 3, 3, 3, 3, 3, 3, 3, 3, 3, 3, 3, 3, 3, 3, 3, 3, 3, 3, 3, 3, 3, 3, 3, 3, 3, 3, 3, 3, 3, 3, 3, 3, 3, 3, 3, 3, 3, 3, 3, 3, 3, 3, 3, 3, 3, 3, 3, 3, 3, 3, 3, 3, 3, 3, 3, 3, 3, 3, 3, 3, 3, 3, 3, 3, 3, 3, 3, 3, 3, 3, 3, 3, 3, 3, 3, 3, 3, 3, 3, 3, 3, 3, 3, 3, 3, 3, 3, 3, 3, 3, 3, 3, 3, 3, 3, 3, 3, 3, 3, 3, 3, 3, 3, 3, 3, 3, 3, 3, 3, 3, 3, 3, 3, 3, 3, 3, 3, 3, 3, 3, 3, 3, 3, 3, 3, 3, 3, 3, 3, 3, 3, 3, 3, 3, 3, 3, 3, 3, 3, 3, 3, 3, 3, 3, 3, 3, 3, 3, 3, 3, 3, 3, 3, 3, 3, 3, 3, 3, 3, 3, 3, 3, 3, 3, 3, 3, 3, 3, 3, 3, 3, 3, 3, 3, 3, 3, 3, 3, 3, 3, 3, 3, 3, 3, 3, 3, 3, 3, 3, 3, 3, 3, 3, 3, 3, 3, 3, 3, 3, 3, 3, 3, 3, 3, 3, 3, 3, 3, 3, 3, 3, 3, 3, 3, 3, 3, 3, 3, 3, 3, 3, 3, 3, 3, 3, 3, 3, 3, 3, 3, 3, 3, 3, 3, 3, 3, 3, 3, 3, 3, 3, 3, 3, 3, 3, 3, 3, 3, 3, 3, 3, 3, 3, 3, 3, 3, 3, 3, 3, 3, 3, 3, 3, 3, 3, 3, 3, 3, 3, 3, 3, 3, 3, 3, 3, 3, 3, 3, 3, 3, 3, 3, 3, 3, 3, 3, 3, 3, 3, 3, 3, 3, 3, 3, 3, 3, 3, 3, 3, 3, 3, 3, 3, 3, 3, 3, 3, 3, 3, 3, 3, 3, 3, 3, 3, 3, 3, 3, 3, 3, 3, 3, 3, 3, 3, 3, 3, 3, 3, 3, 3, 3, 3, 3, 3, 3, 3, 3, 3, 3, 3, 3, 3, 3, 3, 3, 3, 3, 3, 3, 3, 3, 3, 3, 3, 3, 3, 3, 3, 3, 3, 3, 3, 3, 3, 3, 3, 3, 3, 3, 3, 3, 3, 3, 3, 3, 3, 3, 3, 3, 3, 3, 3, 3, 3, 3, 3, 3, 3, 3, 3, 3, 3, 3, 3, 3, 3, 3, 3, 3, 3, 3, 3, 3, 3, 3, 3, 3, 3, 3, 3, 3, 3, 3, 3, 3, 3, 3, 3, 3, 3, 3, 3, 3, 3, 3, 3, 3, 3, 3, 3, 3, 3, 3, 3, 3, 3, 3, 3, 3, 3, 3, 3, 3, 3, 3, 3, 3, 3, 3, 3, 3, 3, 3, 3, 3, 3, 3, 3, 3, 3, 3, 3, 3, 3, 3, 3, 3, 3, 3, 3, 3, 3, 3, 3, 3, 3, 3, 3, 3, 3, 3, 3, 3, 3, 3, 3, 3, 3, 3, 3, 3, 3, 3, 3, 3, 3, 3, 3, 3, 3, 3, 3, 3, 3, 3, 3, 3, 3, 3, 3, 3, 3, 3, 3, 3, 3, 3, 3, 3, 3, 3, 3, 3, 3, 3, 3, 3, 3, 3, 3, 3, 3, 3, 3, 3, 3, 3, 3, 3, 3, 3, 3, 3, 3, 3, 3, 3, 3, 3, 3, 3, 3, 3, 3, 3, 3, 3, 3, 3, 3, 3, 3, 3, 3, 3, 3, 3, 3, 3, 3, 3, 3, 3, 3, 3, 3, 3, 3, 3, 3, 3, 3, 3, 3, 3, 3, 3, 3, 3, 3, 3, 3, 3, 3, 3, 3, 3, 3, 3, 3, 3, 3, 3, 3, 3, 3, 3, 3, 3, 3, 3, 3, 3, 3, 3, 3, 3, 3, 3, 3, 3, 3, 3, 3, 3, 3, 3, 3, 3, 3, 3, 3, 3, 3, 3, 3, 3, 3, 3, 3, 3, 3, 3, 3, 3, 3, 3, 3, 3, 3, 3, 3, 3, 3, 3, 3, 3, 3, 3, 3, 3, 3, 3, 3, 3, 3, 3, 3, 3, 3, 3, 3, 3, 3, 3, 3, 3, 3, 3, 3, 3, 3, 3, 3, 3, 3, 3, 3, 3, 3, 3, 3, 3, 3, 3, 3, 3, 3, 3, 3, 3, 3, 3, 3, 3, 3, 3, 3, 3, 3, 3, 3, 3, 3, 3, 3, 3, 3, 3, 3, 3, 3, 3, 3, 3, 3, 3, 3, 3, 3, 3, 3, 3, 3, 3, 3, 3, 3, 3, 3, 3, 3, 3, 3, 3, 3, 3, 3, 3, 3, 3, 3, 3, 3, 3, 3, 3, 3, 3, 3, 3, 3, 3, 3, 3, 3, 3, 3, 3, 3, 3, 3, 3, 3, 3, 3, 3, 3, 3, 3, 3, 3, 3, 3, 3, 3, 3, 3, 3, 3, 3, 3, 3, 3, 3, 3, 3, 3, 3, 3, 3, 3, 3, 3, 3, 3, 3, 3, 3, 3, 3, 3, 3, 3, 3, 3, 3, 3, 3, 3, 3, 3, 3, 3, 3, 3, 3, 3, 3, 3, 3, 3, 3, 3, 3, 3, 3, 3, 3, 3, 3, 3, 3, 3, 3, 3, 3, 3, 3, 3, 3, 3, 3, 3, 3, 3, 3, 3, 3, 3, 3, 3, 3, 3, 3, 3, 3, 3, 3, 3, 3, 3, 3, 3, 3, 3, 3, 3, 3, 3, 3, 3, 3, 3, 3, 3, 3, 3, 3, 3, 3, 3, 3, 3, 3, 3, 3, 3, 3, 3, 3, 3, 3, 3, 3, 3, 3, 3, 3, 3, 3, 3, 3, 3, 3, 3, 3, 3, 3, 3, 3, 3, 3, 3, 3, 3, 3, 3, 3, 3, 3, 3, 3, 3, 3, 3, 3, 3, 3, 3, 3, 3, 3, 3, 3, 3, 3, 3, 3, 3, 3, 3, 3, 3, 3, 3, 3, 3, 3, 3, 3, 3, 3, 3, 3, 3, 3, 3, 3, 3, 3, 3, 3, 3, 3, 3, 3, 3, 3, 3, 3, 3, 3, 3, 3, 3, 3, 3, 3, 3, 3, 3, 3, 3, 3, 3, 3, 3, 3, 3, 3, 3, 3, 3, 3, 3, 3, 3, 3, 3, 3, 3, 3, 3, 3, 3, 3, 3, 3, 3, 3, 3, 3, 3, 3, 3, 3, 3, 3, 3, 3, 3, 3, 3, 3, 3, 3, 3, 3, 3, 3, 3, 3, 3, 3, 3, 3, 3, 3, 3, 3, 3, 3, 3, 3, 3, 3, 3, 3, 3, 3, 3, 3, 3, 3, 3, 3, 3, 3, 3, 3, 3, 3, 3, 3, 3, 3, 3, 3, 3, 3, 3, 3, 3, 3, 3, 3, 3, 3, 3, 3, 3, 3, 3, 3, 3, 3, 3, 3, 3, 3, 3, 3, 3, 3, 3, 3, 3, 3, 3, 3, 3, 3, 3, 3, 3, 3, 3, 3, 3, 3, 3, 3, 3, 3, 3, 3, 3, 3, 3, 3, 3, 3, 3, 3, 3, 3, 3, 3, 3, 3, 3, 3, 3, 3, 3, 3, 3, 3, 3, 3, 3, 3, 3, 3, 3, 3, 3, 3, 3, 3, 3, 3, 3, 3, 3, 3, 3, 3, 3, 3, 3, 3, 3, 3, 3, 3, 3, 3, 3, 3, 3, 3, 3, 3, 3, 3, 3, 3, 3, 3, 3, 3, 3, 3, 3, 3, 3, 3, 3, 3, 3, 3, 3, 3, 3, 3, 3, 3, 3, 3, 3, 3, 3, 3, 3, 3, 3, 3, 3, 3, 3, 3, 3, 3, 3, 3, 3, 3, 3, 3, 3, 3, 3, 3, 3, 3, 3, 3, 3, 3, 3, 3, 3, 3, 3, 3, 3, 3, 3, 3, 3, 3, 3, 3, 3, 3, 3, 3, 3, 3, 3, 3, 3, 3, 3, 3, 3, 3, 3, 3, 3, 3, 3, 3, 3, 3, 3, 3, 3, 3, 3, 3, 3, 3, 3, 3, 3, 3, 3, 3, 3, 3, 3, 3, 3, 3, 3, 3, 3, 3, 3, 3, 3, 3, 3, 3, 3, 3, 3, 3, 3, 3, 3, 3, 3, 3, 3, 3, 3, 3, 3, 3, 3, 3, 3, 3, 3, 3, 3, 3, 3, 3, 3, 3, 3, 3, 3, 3, 3, 3, 3, 3, 3, 3, 3, 3, 3, 3, 3, 3, 3, 3, 3, 3, 3, 3, 3, 3, 3, 3, 3, 3, 3, 3, 3, 3, 3, 3, 3, 3, 3, 3, 3, 3, 3, 3, 3, 3, 3, 3, 3, 3, 3, 3, 3, 3, 3, 3, 3, 3, 3, 3, 3, 3, 3, 3, 3, 3, 3, 3, 3, 3, 3, 3, 3, 3, 3, 3, 3, 3, 3, 3, 3, 3, 3, 3, 3, 3, 3, 3, 3, 3, 3, 3, 3, 3, 3, 3, 3, 3, 3, 3, 3, 3, 3, 3, 3, 3, 3, 3, 3, 3, 3, 3, 3, 3, 3, 3, 3, 3, 3, 3, 3, 3, 3, 3, 3, 3, 3, 3, 3, 3, 3, 3, 3, 3, 3, 3, 3, 3, 3, 3, 3, 3, 3, 3, 3, 3, 3, 3, 3, 3, 3, 3, 3, 3, 3, 3, 3, 3, 3, 3, 3, 3, 3, 3, 3, 3, 3, 3, 3, 3, 3, 3, 3, 3, 3, 3, 3, 3, 3, 3, 3, 3, 3, 3, 3, 3, 3, 3, 3, 3, 3, 3, 3, 3, 3, 3, 3, 3, 3, 3, 3, 3, 3, 3, 3, 3, 3, 3, 3, 3, 3, 3, 3, 3, 3, 3, 3, 3, 3, 3, 3, 3, 3, 3, 3, 3, 3, 3, 3, 3, 3, 3, 3, 3, 3, 3, 3, 3, 3, 3, 3, 3, 3, 3, 3, 3, 3, 3, 3, 3, 3, 3, 3, 3, 3, 3, 3, 3, 3, 3, 3, 3, 3, 3, 3, 3, 3, 3, 3, 3, 3, 3, 3, 3, 3, 3, 3, 3, 3, 3, 3, 3, 3, 3, 3, 3, 3, 3, 3, 3, 3, 3, 3, 3, 3, 3, 3, 3, 3, 3, 3, 3, 3, 3, 3, 3, 3, 3, 3, 3, 3, 3, 3, 3, 3, 3, 3, 3, 3, 3, 3, 3, 3, 3, 3, 3, 3, 3, 3, 3, 3, 3, 3, 3, 3, 3, 3, 3, 3, 3, 3, 3, 3, 3, 3, 3, 3, 3, 3, 3, 3, 3, 3, 3, 3, 3, 3, 3, 3, 3, 3, 3, 3, 3, 3, 3, 3, 3, 3, 3, 3, 3, 3, 3, 3, 3, 3, 3, 3, 3, 3, 3, 3, 3, 3, 3, 3, 3, 3, 3, 3, 3, 3, 3, 3, 3, 3, 3, 3, 3, 3, 3, 3, 3, 3, 3, 3, 3, 3, 3, 3, 3, 3, 3, 3, 3, 3, 3, 3, 3, 3, 3, 3, 3, 3, 3, 3, 3, 3, 3, 3, 3, 3, 3, 3, 3, 3, 3, 3, 3, 3, 3, 3, 3, 3, 3, 3, 3, 3, 3, 3, 3, 3, 3, 3, 3, 3, 3, 3, 3, 3, 3, 3, 3, 3, 3, 3, 3, 3, 3, 3, 3, 3, 3, 3, 3, 3, 3, 3, 3, 3, 3, 3, 3, 3, 3, 3, 3, 3, 3, 3, 3, 3, 3, 3, 3, 3, 3, 3, 3, 3, 3, 3, 3, 3, 3, 3, 3, 3, 3, 3, 3, 3, 3, 3, 3, 3, 3, 3, 3, 3, 3, 3, 3, 3, 3, 3, 3, 3, 3, 3, 3, 3, 3, 3, 3, 3, 3, 3, 3, 3, 3, 3, 3, 3, 3, 3, 3, 3, 3, 3, 3, 3, 3, 3, 3, 3, 3, 3, 3, 3, 3, 3, 3, 3, 3, 3, 3, 3, 3, 3, 3, 3, 3, 3, 3, 3, 3, 3, 3, 3, 3, 3, 3, 3, 3, 3, 3, 3, 3, 3, 3, 3, 3, 3, 3, 3, 3, 3, 3, 3, 3, 3, 3, 3, 3, 3, 3, 3, 3, 3, 3, 3, 3, 3, 3, 3, 3, 3, 3, 3, 3, 3, 3, 3, 3, 3, 3, 3, 3, 3, 3, 3, 3, 3, 3, 3, 3, 3, 3, 3, 3, 3, 3, 3, 3, 3, 3, 3, 3, 3, 3, 3, 3, 3, 3, 3, 3, 3, 3, 3, 3, 3, 3, 3, 3, 3, 3, 3, 3, 3, 3, 3, 3, 3, 3, 3, 3, 3, 3, 3, 3, 3, 3, 3, 3, 3, 3, 3, 3, 3, 3, 3, 3, 3, 3, 3, 3, 3, 3, 3, 3, 3, 3, 3, 3, 3, 3, 3, 3, 3, 3, 3, 3, 3, 3, 3, 3, 3, 3, 3, 3, 3, 3, 3, 3, 3, 3, 3, 3, 3, 3, 3, 3, 3, 3, 3, 3, 3, 3, 3, 3, 3, 3, 3, 3, 3, 3, 3, 3, 3, 3, 3, 3, 3, 3, 3, 3, 3, 3, 3, 3, 3, 3, 3, 3, 3, 3, 3, 3, 3, 3, 3, 3, 3, 3, 3, 3, 3, 3, 3, 3, 3, 3, 3, 3, 3, 3, 3, 3, 3, 3, 3, 3, 3, 3, 3, 3, 3, 3, 3, 3, 3, 3, 3, 3, 3, 3, 3, 3, 3, 3, 3, 3, 3, 3, 3, 3, 3, 3, 3, 3, 3, 3, 3, 3, 3, 3, 3, 3, 3, 3, 3, 3, 3, 3, 3, 3, 3, 3, 3, 3, 3, 3, 3, 3, 3, 3, 3, 3, 3, 3, 3, 3, 3, 3, 3, 3, 3, 3, 3, 3, 3, 3, 3, 3, 3, 3, 3, 3, 3, 3, 3, 3, 3, 3, 3, 3, 3, 3, 3, 3, 3, 3, 3, 3, 3, 3, 3, 3, 3, 3, 3, 3, 3, 3, 3, 3, 3, 3, 3, 3, 3, 3, 3, 3, 3, 3, 3, 3, 3, 3, 3, 3, 3, 3, 3, 3, 3, 3, 3, 3, 3, 3, 3, 3, 3, 3, 3, 3, 3, 3, 3, 3, 3, 3, 3, 3, 3, 3, 3, 3, 3, 3, 3, 3, 3, 3, 3, 3, 3, 3, 3, 3, 3, 3, 3, 3, 3, 3, 3, 3, 3, 3, 3, 3, 3, 3, 3, 3, 3, 3, 3, 3, 3, 3, 3, 3, 3, 3, 3, 3, 3, 3, 3, 3, 3, 3, 3, 3, 3, 3, 3, 3, 3, 3, 3, 3, 3, 3, 3, 3, 3, 3, 3, 3, 3, 3, 3, 3, 3, 3, 3, 3, 3, 3, 3, 3, 3, 3, 3, 3, 3, 3, 3, 3, 3, 3, 3, 3, 3, 3, 3, 3, 3, 3, 3, 3, 3, 3, 3, 3, 3, 3, 3, 3, 3, 3, 3, 3, 3, 3, 3, 3, 3, 3, 3, 3, 3, 3, 3, 3, 3, 3, 3, 3, 3, 3, 3, 3, 3, 3, 3, 3, 3, 3, 3, 3, 3, 3, 3, 3, 3, 3, 3, 3, 3, 3, 3, 3, 3, 3, 3, 3, 3, 3, 3, 3, 3, 3, 3, 3, 3, 3, 3, 3, 3, 3, 3, 3, 3, 3, 3, 3, 3, 3, 3, 3, 3, 3, 3, 3, 3, 3, 3, 3, 3, 3, 3, 3, 3, 3, 3, 3, 3, 3, 3, 3, 3, 3, 3, 3, 3, 3, 3, 3, 3, 3, 3, 3, 3, 3, 3, 3, 3, 3, 3, 3, 3, 3, 3, 3, 3, 3, 3, 3, 3, 3, 3, 3, 3, 3, 3, 3, 3, 3, 3, 3, 3, 3, 3, 3, 3, 3, 3, 3, 3, 3, 3, 3, 3, 3, 3, 3, 3, 3, 3, 3, 3, 3, 3, 3, 3, 3, 3, 3, 3, 3, 3, 3, 3, 3, 3, 3, 3, 3, 3, 3, 3, 3, 3, 3, 3, 3, 3, 3, 3, 3, 3, 3, 3, 3, 3, 3, 3, 3, 3, 3, 3, 3, 3, 3, 3, 3, 3, 3, 3, 3, 3, 3, 3, 3, 3, 3, 3, 3, 3, 3, 3, 3, 3, 3, 3, 3, 3, 3, 3, 3, 3, 3, 3, 3, 3, 3, 3, 3, 3, 3, 3, 3, 3, 3, 3, 3, 3, 3, 3, 3, 3, 3, 3, 3, 3, 3, 3, 3, 3, 3, 3, 3, 3, 3, 3, 3, 3, 3, 3, 3, 3, 3, 3, 3, 3, 3, 3, 3, 3, 3, 3, 3, 3, 3, 3, 3, 3, 3, 3, 3, 3, 3, 3, 3, 3, 3, 3, 3, 3, 3, 3, 3, 3, 3, 3, 3, 3, 3, 3, 3, 3, 3, 3, 3, 3, 3, 3, 3, 3, 3, 3, 3, 3, 3, 3, 3, 3, 3, 3, 3, 3, 3, 3, 3, 3, 3, 3, 3, 3, 3, 3, 3, 3, 3, 3, 3, 3, 3, 3, 3, 3, 3, 3, 3, 3, 3, 3, 3, 3, 3, 3, 3, 3, 3, 3, 3, 3, 3, 3, 3, 3, 3, 3, 3, 3, 3, 3, 3, 3, 3, 3, 3, 3, 3, 3, 3, 3, 3, 3, 3, 3, 3, 3, 3, 3, 3, 3, 3, 3, 3, 3, 3, 3, 3, 3, 3, 3, 3, 3, 3, 3, 3, 3, 3, 3, 3, 3, 3, 3, 3, 3, 3, 3, 3, 3, 3, 3, 3, 3, 3, 3, 3, 3, 3, 3, 3, 3, 3, 3, 3, 3, 3, 3, 3, 3, 3, 3, 3, 3, 3, 3, 3, 3, 3, 3, 3, 3, 3, 3, 3, 3, 3, 3, 3, 3, 3, 3, 3, 3, 3, 3, 3, 3, 3, 3, 3, 3, 3, 3, 3, 3, 3, 3, 3, 3, 3, 3, 3, 3, 3, 3, 3, 3, 3, 3, 3, 3, 3, 3, 3, 3, 3, 3, 3, 3, 3, 3, 3, 3, 3, 3, 3, 3, 3, 3, 3, 3, 3, 3, 3, 3, 3, 3, 3, 3, 3, 3, 3, 3, 3, 3, 3, 3, 3, 3, 3, 3, 3, 3, 3, 3, 3, 3, 3, 3, 3, 3, 3, 3, 3, 3, 3, 3, 3, 3, 3, 3, 3, 3, 3, 3, 3, 3, 3, 3, 3, 3, 3, 3, 3, 3, 3, 3, 3, 3, 3, 3, 3, 3, 3, 3, 3, 3, 3, 3, 3, 3, 3, 3, 3, 3, 3, 3, 3, 3, 3, 3, 3, 3, 3, 3, 3, 3, 3, 3, 3, 3, 3, 3, 3, 3, 3, 3, 3, 3, 3, 3, 3, 3, 3, 3, 3, 3, 3, 3, 3, 3, 3, 3, 3, 3, 3, 3, 3, 3, 3, 3, 3, 3, 3, 3, 3, 3, 3, 3, 3, 3, 3, 3, 3, 3, 3, 3, 3, 3, 3, 3, 3, 3, 3, 3, 3, 3, 3, 3, 3, 3, 3, 3, 3, 3, 3, 3, 3, 3, 3, 3, 3, 3, 3, 3, 3, 3, 3, 3, 3, 3, 3, 3, 3, 3, 3, 3, 3, 3, 3, 3, 3, 3, 3, 3, 3, 3, 3, 3, 3, 3, 3, 3, 3, 3, 3, 3, 3, 3, 3, 3, 3, 3, 3, 3, 3, 3, 3, 3, 3, 3, 3, 3, 3, 3, 3, 3, 3, 3, 3, 3, 3, 3, 3, 3, 3, 3, 3, 3, 3, 3, 3, 3, 3, 3, 3, 3, 3, 3, 3, 3, 3, 3, 3, 3, 3, 3, 3, 3, 3, 3, 3, 3, 3, 3, 3, 3, 3, 3, 3, 3, 3, 3, 3, 3, 3, 3, 3, 3, 3, 3, 3, 3, 3, 3, 3, 3, 3, 3, 3, 3, 3, 3, 3, 3, 3, 3, 3, 3, 3, 3, 3, 3, 3, 3, 3, 3, 3, 3, 3, 3, 3, 3, 3, 3, 3, 3, 3, 3, 3, 3, 3, 3, 3, 3, 3, 3, 3, 3, 3, 3, 3, 3, 3, 3, 3, 3, 3, 3, 3, 3, 3, 3, 3, 3, 3, 3, 3, 3, 3, 3, 3, 3, 3, 3, 3, 3, 3, 3, 3, 3, 3, 3, 3, 3, 3, 3, 3, 3, 3, 3, 3, 3, 3, 3, 3, 3, 3, 3, 3, 3, 3, 3, 3, 3, 3, 3, 3, 3, 3, 3, 3, 3, 3, 3, 3, 3, 3, 3, 3, 3, 3, 3, 3, 3, 3, 3, 3, 3, 3, 3, 3, 3, 3, 3, 3, 3, 3, 3, 3, 3, 3, 3, 3, 3, 3, 3, 3, 3, 3, 3, 3, 3, 3, 3, 3, 3, 3, 3, 3, 3, 3, 3, 3, 3, 3, 3, 3, 3, 3, 3, 3, 3, 3, 3, 3, 3, 3, 3, 3, 3, 3, 3, 3, 3, 3, 3, 3, 3, 3, 3, 3, 3, 3, 3, 3, 3, 3, 3, 3, 3, 3, 3, 3, 3, 3, 3, 3, 3, 3, 3, 3, 3, 3, 3, 3, 3, 3, 3, 3, 3, 3, 3, 3, 3, 3, 3, 3, 3, 3, 3, 3, 3, 3, 3, 3, 3, 3, 3, 3, 3, 3, 3, 3, 3, 3, 3, 3, 3, 3, 3, 3, 3, 3, 3, 3, 3, 3, 3, 3, 3, 3, 3, 3, 3, 3, 3, 3, 3, 3, 3, 3, 3, 3, 3, 3, 3, 3, 3, 3, 3, 3, 3, 3, 3, 3, 3, 3, 3, 3, 3, 3, 3, 3, 3, 3, 3, 3, 3, 3, 3, 3, 3, 3, 3, 3, 3, 3, 3, 3, 3, 3, 3, 3, 3, 3, 3, 3, 3, 3, 3, 3, 3, 3, 3, 3, 3, 3, 3, 3, 3, 3, 3, 3, 3, 3, 3, 3, 3, 3, 3, 3, 3, 3, 3, 3, 3, 3, 3, 3, 3, 3, 3, 3, 3, 3, 3, 3, 3, 3, 3, 3, 3, 3, 3, 3, 3, 3, 3, 3, 3, 3, 3, 3, 3, 3, 3, 3, 3, 3, 3]
        int[] faceVertexIndices = [0, 1, 2, 0, 2, 3, 0, 3, 4, 0, 4, 5, 0, 5, 6, 0, 6, 7, 0, 7, 8, 0, 8, 9, 0, 9, 10, 0, 10, 11, 0, 11, 12, 0, 12, 13, 0, 13, 14, 0, 14, 15, 0, 15, 16, 0, 16, 17, 0, 17, 18, 0, 18, 19, 0, 19, 20, 0, 20, 21, 0, 21, 22, 0, 22, 23, 0, 23, 24, 0, 24, 25, 0, 25, 26, 0, 26, 27, 0, 27, 28, 0, 28, 29, 0, 29, 30, 0, 30, 31, 0, 31, 32, 0, 32, 33, 0, 33, 34, 0, 34, 35, 0, 35, 36, 0, 36, 37, 0, 37, 38, 0, 38, 39, 0, 39, 40, 0, 40, 41, 0, 41, 42, 0, 42, 43, 0, 43, 44, 0, 44, 45, 0, 45, 46, 0, 46, 47, 0, 47, 48, 0, 48, 49, 0, 49, 50, 0, 50, 51, 0, 51, 52, 0, 52, 53, 0, 53, 54, 0, 54, 55, 0, 55, 56, 0, 56, 57, 0, 57, 58, 0, 58, 59, 0, 59, 60, 0, 60, 61, 0, 61, 62, 0, 62, 63, 0, 63, 64, 0, 64, 1, 1, 65, 66, 1, 66, 2, 2, 66, 67, 2, 67, 3, 3, 67, 68, 3, 68, 4, 4, 68, 69, 4, 69, 5, 5, 69, 70, 5, 70, 6, 6, 70, 71, 6, 71, 7, 7, 71, 72, 7, 72, 8, 8, 72, 73, 8, 73, 9, 9, 73, 74, 9, 74, 10, 10, 74, 75, 10, 75, 11, 11, 75, 76, 11, 76, 12, 12, 76, 77, 12, 77, 13, 13, 77, 78, 13, 78, 14, 14, 78, 79, 14, 79, 15, 15, 79, 80, 15, 80, 16, 16, 80, 81, 16, 81, 17, 17, 81, 82, 17, 82, 18, 18, 82, 83, 18, 83, 19, 19, 83, 84, 19, 84, 20, 20, 84, 85, 20, 85, 21, 21, 85, 86, 21, 86, 22, 22, 86, 87, 22, 87, 23, 23, 87, 88, 23, 88, 24, 24, 88, 89, 24, 89, 25, 25, 89, 90, 25, 90, 26, 26, 90, 91, 26, 91, 27, 27, 91, 92, 27, 92, 28, 28, 92, 93, 28, 93, 29, 29, 93, 94, 29, 94, 30, 30, 94, 95, 30, 95, 31, 31, 95, 96, 31, 96, 32, 32, 96, 97, 32, 97, 33, 33, 97, 98, 33, 98, 34, 34, 98, 99, 34, 99, 35, 35, 99, 100, 35, 100, 36, 36, 100, 101, 36, 101, 37, 37, 101, 102, 37, 102, 38, 38, 102, 103, 38, 103, 39, 39, 103, 104, 39, 104, 40, 40, 104, 105, 40, 105, 41, 41, 105, 106, 41, 106, 42, 42, 106, 107, 42, 107, 43, 43, 107, 108, 43, 108, 44, 44, 108, 109, 44, 109, 45, 45, 109, 110, 45, 110, 46, 46, 110, 111, 46, 111, 47, 47, 111, 112, 47, 112, 48, 48, 112, 113, 48, 113, 49, 49, 113, 114, 49, 114, 50, 50, 114, 115, 50, 115, 51, 51, 115, 116, 51, 116, 52, 52, 116, 117, 52, 117, 53, 53, 117, 118, 53, 118, 54, 54, 118, 119, 54, 119, 55, 55, 119, 120, 55, 120, 56, 56, 120, 121, 56, 121, 57, 57, 121, 122, 57, 122, 58, 58, 122, 123, 58, 123, 59, 59, 123, 124, 59, 124, 60, 60, 124, 125, 60, 125, 61, 61, 125, 126, 61, 126, 62, 62, 126, 127, 62, 127, 63, 63, 127, 128, 63, 128, 64, 64, 128, 65, 64, 65, 1, 65, 129, 130, 65, 130, 66, 66, 130, 131, 66, 131, 67, 67, 131, 132, 67, 132, 68, 68, 132, 133, 68, 133, 69, 69, 133, 134, 69, 134, 70, 70, 134, 135, 70, 135, 71, 71, 135, 136, 71, 136, 72, 72, 136, 137, 72, 137, 73, 73, 137, 138, 73, 138, 74, 74, 138, 139, 74, 139, 75, 75, 139, 140, 75, 140, 76, 76, 140, 141, 76, 141, 77, 77, 141, 142, 77, 142, 78, 78, 142, 143, 78, 143, 79, 79, 143, 144, 79, 144, 80, 80, 144, 145, 80, 145, 81, 81, 145, 146, 81, 146, 82, 82, 146, 147, 82, 147, 83, 83, 147, 148, 83, 148, 84, 84, 148, 149, 84, 149, 85, 85, 149, 150, 85, 150, 86, 86, 150, 151, 86, 151, 87, 87, 151, 152, 87, 152, 88, 88, 152, 153, 88, 153, 89, 89, 153, 154, 89, 154, 90, 90, 154, 155, 90, 155, 91, 91, 155, 156, 91, 156, 92, 92, 156, 157, 92, 157, 93, 93, 157, 158, 93, 158, 94, 94, 158, 159, 94, 159, 95, 95, 159, 160, 95, 160, 96, 96, 160, 161, 96, 161, 97, 97, 161, 162, 97, 162, 98, 98, 162, 163, 98, 163, 99, 99, 163, 164, 99, 164, 100, 100, 164, 165, 100, 165, 101, 101, 165, 166, 101, 166, 102, 102, 166, 167, 102, 167, 103, 103, 167, 168, 103, 168, 104, 104, 168, 169, 104, 169, 105, 105, 169, 170, 105, 170, 106, 106, 170, 171, 106, 171, 107, 107, 171, 172, 107, 172, 108, 108, 172, 173, 108, 173, 109, 109, 173, 174, 109, 174, 110, 110, 174, 175, 110, 175, 111, 111, 175, 176, 111, 176, 112, 112, 176, 177, 112, 177, 113, 113, 177, 178, 113, 178, 114, 114, 178, 179, 114, 179, 115, 115, 179, 180, 115, 180, 116, 116, 180, 181, 116, 181, 117, 117, 181, 182, 117, 182, 118, 118, 182, 183, 118, 183, 119, 119, 183, 184, 119, 184, 120, 120, 184, 185, 120, 185, 121, 121, 185, 186, 121, 186, 122, 122, 186, 187, 122, 187, 123, 123, 187, 188, 123, 188, 124, 124, 188, 189, 124, 189, 125, 125, 189, 190, 125, 190, 126, 126, 190, 191, 126, 191, 127, 127, 191, 192, 127, 192, 128, 128, 192, 129, 128, 129, 65, 129, 193, 194, 129, 194, 130, 130, 194, 195, 130, 195, 131, 131, 195, 196, 131, 196, 132, 132, 196, 197, 132, 197, 133, 133, 197, 198, 133, 198, 134, 134, 198, 199, 134, 199, 135, 135, 199, 200, 135, 200, 136, 136, 200, 201, 136, 201, 137, 137, 201, 202, 137, 202, 138, 138, 202, 203, 138, 203, 139, 139, 203, 204, 139, 204, 140, 140, 204, 205, 140, 205, 141, 141, 205, 206, 141, 206, 142, 142, 206, 207, 142, 207, 143, 143, 207, 208, 143, 208, 144, 144, 208, 209, 144, 209, 145, 145, 209, 210, 145, 210, 146, 146, 210, 211, 146, 211, 147, 147, 211, 212, 147, 212, 148, 148, 212, 213, 148, 213, 149, 149, 213, 214, 149, 214, 150, 150, 214, 215, 150, 215, 151, 151, 215, 216, 151, 216, 152, 152, 216, 217, 152, 217, 153, 153, 217, 218, 153, 218, 154, 154, 218, 219, 154, 219, 155, 155, 219, 220, 155, 220, 156, 156, 220, 221, 156, 221, 157, 157, 221, 222, 157, 222, 158, 158, 222, 223, 158, 223, 159, 159, 223, 224, 159, 224, 160, 160, 224, 225, 160, 225, 161, 161, 225, 226, 161, 226, 162, 162, 226, 227, 162, 227, 163, 163, 227, 228, 163, 228, 164, 164, 228, 229, 164, 229, 165, 165, 229, 230, 165, 230, 166, 166, 230, 231, 166, 231, 167, 167, 231, 232, 167, 232, 168, 168, 232, 233, 168, 233, 169, 169, 233, 234, 169, 234, 170, 170, 234, 235, 170, 235, 171, 171, 235, 236, 171, 236, 172, 172, 236, 237, 172, 237, 173, 173, 237, 238, 173, 238, 174, 174, 238, 239, 174, 239, 175, 175, 239, 240, 175, 240, 176, 176, 240, 241, 176, 241, 177, 177, 241, 242, 177, 242, 178, 178, 242, 243, 178, 243, 179, 179, 243, 244, 179, 244, 180, 180, 244, 245, 180, 245, 181, 181, 245, 246, 181, 246, 182, 182, 246, 247, 182, 247, 183, 183, 247, 248, 183, 248, 184, 184, 248, 249, 184, 249, 185, 185, 249, 250, 185, 250, 186, 186, 250, 251, 186, 251, 187, 187, 251, 252, 187, 252, 188, 188, 252, 253, 188, 253, 189, 189, 253, 254, 189, 254, 190, 190, 254, 255, 190, 255, 191, 191, 255, 256, 191, 256, 192, 192, 256, 193, 192, 193, 129, 193, 257, 258, 193, 258, 194, 194, 258, 259, 194, 259, 195, 195, 259, 260, 195, 260, 196, 196, 260, 261, 196, 261, 197, 197, 261, 262, 197, 262, 198, 198, 262, 263, 198, 263, 199, 199, 263, 264, 199, 264, 200, 200, 264, 265, 200, 265, 201, 201, 265, 266, 201, 266, 202, 202, 266, 267, 202, 267, 203, 203, 267, 268, 203, 268, 204, 204, 268, 269, 204, 269, 205, 205, 269, 270, 205, 270, 206, 206, 270, 271, 206, 271, 207, 207, 271, 272, 207, 272, 208, 208, 272, 273, 208, 273, 209, 209, 273, 274, 209, 274, 210, 210, 274, 275, 210, 275, 211, 211, 275, 276, 211, 276, 212, 212, 276, 277, 212, 277, 213, 213, 277, 278, 213, 278, 214, 214, 278, 279, 214, 279, 215, 215, 279, 280, 215, 280, 216, 216, 280, 281, 216, 281, 217, 217, 281, 282, 217, 282, 218, 218, 282, 283, 218, 283, 219, 219, 283, 284, 219, 284, 220, 220, 284, 285, 220, 285, 221, 221, 285, 286, 221, 286, 222, 222, 286, 287, 222, 287, 223, 223, 287, 288, 223, 288, 224, 224, 288, 289, 224, 289, 225, 225, 289, 290, 225, 290, 226, 226, 290, 291, 226, 291, 227, 227, 291, 292, 227, 292, 228, 228, 292, 293, 228, 293, 229, 229, 293, 294, 229, 294, 230, 230, 294, 295, 230, 295, 231, 231, 295, 296, 231, 296, 232, 232, 296, 297, 232, 297, 233, 233, 297, 298, 233, 298, 234, 234, 298, 299, 234, 299, 235, 235, 299, 300, 235, 300, 236, 236, 300, 301, 236, 301, 237, 237, 301, 302, 237, 302, 238, 238, 302, 303, 238, 303, 239, 239, 303, 304, 239, 304, 240, 240, 304, 305, 240, 305, 241, 241, 305, 306, 241, 306, 242, 242, 306, 307, 242, 307, 243, 243, 307, 308, 243, 308, 244, 244, 308, 309, 244, 309, 245, 245, 309, 310, 245, 310, 246, 246, 310, 311, 246, 311, 247, 247, 311, 312, 247, 312, 248, 248, 312, 313, 248, 313, 249, 249, 313, 314, 249, 314, 250, 250, 314, 315, 250, 315, 251, 251, 315, 316, 251, 316, 252, 252, 316, 317, 252, 317, 253, 253, 317, 318, 253, 318, 254, 254, 318, 319, 254, 319, 255, 255, 319, 320, 255, 320, 256, 256, 320, 257, 256, 257, 193, 257, 321, 322, 257, 322, 258, 258, 322, 323, 258, 323, 259, 259, 323, 324, 259, 324, 260, 260, 324, 325, 260, 325, 261, 261, 325, 326, 261, 326, 262, 262, 326, 327, 262, 327, 263, 263, 327, 328, 263, 328, 264, 264, 328, 329, 264, 329, 265, 265, 329, 330, 265, 330, 266, 266, 330, 331, 266, 331, 267, 267, 331, 332, 267, 332, 268, 268, 332, 333, 268, 333, 269, 269, 333, 334, 269, 334, 270, 270, 334, 335, 270, 335, 271, 271, 335, 336, 271, 336, 272, 272, 336, 337, 272, 337, 273, 273, 337, 338, 273, 338, 274, 274, 338, 339, 274, 339, 275, 275, 339, 340, 275, 340, 276, 276, 340, 341, 276, 341, 277, 277, 341, 342, 277, 342, 278, 278, 342, 343, 278, 343, 279, 279, 343, 344, 279, 344, 280, 280, 344, 345, 280, 345, 281, 281, 345, 346, 281, 346, 282, 282, 346, 347, 282, 347, 283, 283, 347, 348, 283, 348, 284, 284, 348, 349, 284, 349, 285, 285, 349, 350, 285, 350, 286, 286, 350, 351, 286, 351, 287, 287, 351, 352, 287, 352, 288, 288, 352, 353, 288, 353, 289, 289, 353, 354, 289, 354, 290, 290, 354, 355, 290, 355, 291, 291, 355, 356, 291, 356, 292, 292, 356, 357, 292, 357, 293, 293, 357, 358, 293, 358, 294, 294, 358, 359, 294, 359, 295, 295, 359, 360, 295, 360, 296, 296, 360, 361, 296, 361, 297, 297, 361, 362, 297, 362, 298, 298, 362, 363, 298, 363, 299, 299, 363, 364, 299, 364, 300, 300, 364, 365, 300, 365, 301, 301, 365, 366, 301, 366, 302, 302, 366, 367, 302, 367, 303, 303, 367, 368, 303, 368, 304, 304, 368, 369, 304, 369, 305, 305, 369, 370, 305, 370, 306, 306, 370, 371, 306, 371, 307, 307, 371, 372, 307, 372, 308, 308, 372, 373, 308, 373, 309, 309, 373, 374, 309, 374, 310, 310, 374, 375, 310, 375, 311, 311, 375, 376, 311, 376, 312, 312, 376, 377, 312, 377, 313, 313, 377, 378, 313, 378, 314, 314, 378, 379, 314, 379, 315, 315, 379, 380, 315, 380, 316, 316, 380, 381, 316, 381, 317, 317, 381, 382, 317, 382, 318, 318, 382, 383, 318, 383, 319, 319, 383, 384, 319, 384, 320, 320, 384, 321, 320, 321, 257, 321, 385, 386, 321, 386, 322, 322, 386, 387, 322, 387, 323, 323, 387, 388, 323, 388, 324, 324, 388, 389, 324, 389, 325, 325, 389, 390, 325, 390, 326, 326, 390, 391, 326, 391, 327, 327, 391, 392, 327, 392, 328, 328, 392, 393, 328, 393, 329, 329, 393, 394, 329, 394, 330, 330, 394, 395, 330, 395, 331, 331, 395, 396, 331, 396, 332, 332, 396, 397, 332, 397, 333, 333, 397, 398, 333, 398, 334, 334, 398, 399, 334, 399, 335, 335, 399, 400, 335, 400, 336, 336, 400, 401, 336, 401, 337, 337, 401, 402, 337, 402, 338, 338, 402, 403, 338, 403, 339, 339, 403, 404, 339, 404, 340, 340, 404, 405, 340, 405, 341, 341, 405, 406, 341, 406, 342, 342, 406, 407, 342, 407, 343, 343, 407, 408, 343, 408, 344, 344, 408, 409, 344, 409, 345, 345, 409, 410, 345, 410, 346, 346, 410, 411, 346, 411, 347, 347, 411, 412, 347, 412, 348, 348, 412, 413, 348, 413, 349, 349, 413, 414, 349, 414, 350, 350, 414, 415, 350, 415, 351, 351, 415, 416, 351, 416, 352, 352, 416, 417, 352, 417, 353, 353, 417, 418, 353, 418, 354, 354, 418, 419, 354, 419, 355, 355, 419, 420, 355, 420, 356, 356, 420, 421, 356, 421, 357, 357, 421, 422, 357, 422, 358, 358, 422, 423, 358, 423, 359, 359, 423, 424, 359, 424, 360, 360, 424, 425, 360, 425, 361, 361, 425, 426, 361, 426, 362, 362, 426, 427, 362, 427, 363, 363, 427, 428, 363, 428, 364, 364, 428, 429, 364, 429, 365, 365, 429, 430, 365, 430, 366, 366, 430, 431, 366, 431, 367, 367, 431, 432, 367, 432, 368, 368, 432, 433, 368, 433, 369, 369, 433, 434, 369, 434, 370, 370, 434, 435, 370, 435, 371, 371, 435, 436, 371, 436, 372, 372, 436, 437, 372, 437, 373, 373, 437, 438, 373, 438, 374, 374, 438, 439, 374, 439, 375, 375, 439, 440, 375, 440, 376, 376, 440, 441, 376, 441, 377, 377, 441, 442, 377, 442, 378, 378, 442, 443, 378, 443, 379, 379, 443, 444, 379, 444, 380, 380, 444, 445, 380, 445, 381, 381, 445, 446, 381, 446, 382, 382, 446, 447, 382, 447, 383, 383, 447, 448, 383, 448, 384, 384, 448, 385, 384, 385, 321, 385, 449, 450, 385, 450, 386, 386, 450, 451, 386, 451, 387, 387, 451, 452, 387, 452, 388, 388, 452, 453, 388, 453, 389, 389, 453, 454, 389, 454, 390, 390, 454, 455, 390, 455, 391, 391, 455, 456, 391, 456, 392, 392, 456, 457, 392, 457, 393, 393, 457, 458, 393, 458, 394, 394, 458, 459, 394, 459, 395, 395, 459, 460, 395, 460, 396, 396, 460, 461, 396, 461, 397, 397, 461, 462, 397, 462, 398, 398, 462, 463, 398, 463, 399, 399, 463, 464, 399, 464, 400, 400, 464, 465, 400, 465, 401, 401, 465, 466, 401, 466, 402, 402, 466, 467, 402, 467, 403, 403, 467, 468, 403, 468, 404, 404, 468, 469, 404, 469, 405, 405, 469, 470, 405, 470, 406, 406, 470, 471, 406, 471, 407, 407, 471, 472, 407, 472, 408, 408, 472, 473, 408, 473, 409, 409, 473, 474, 409, 474, 410, 410, 474, 475, 410, 475, 411, 411, 475, 476, 411, 476, 412, 412, 476, 477, 412, 477, 413, 413, 477, 478, 413, 478, 414, 414, 478, 479, 414, 479, 415, 415, 479, 480, 415, 480, 416, 416, 480, 481, 416, 481, 417, 417, 481, 482, 417, 482, 418, 418, 482, 483, 418, 483, 419, 419, 483, 484, 419, 484, 420, 420, 484, 485, 420, 485, 421, 421, 485, 486, 421, 486, 422, 422, 486, 487, 422, 487, 423, 423, 487, 488, 423, 488, 424, 424, 488, 489, 424, 489, 425, 425, 489, 490, 425, 490, 426, 426, 490, 491, 426, 491, 427, 427, 491, 492, 427, 492, 428, 428, 492, 493, 428, 493, 429, 429, 493, 494, 429, 494, 430, 430, 494, 495, 430, 495, 431, 431, 495, 496, 431, 496, 432, 432, 496, 497, 432, 497, 433, 433, 497, 498, 433, 498, 434, 434, 498, 499, 434, 499, 435, 435, 499, 500, 435, 500, 436, 436, 500, 501, 436, 501, 437, 437, 501, 502, 437, 502, 438, 438, 502, 503, 438, 503, 439, 439, 503, 504, 439, 504, 440, 440, 504, 505, 440, 505, 441, 441, 505, 506, 441, 506, 442, 442, 506, 507, 442, 507, 443, 443, 507, 508, 443, 508, 444, 444, 508, 509, 444, 509, 445, 445, 509, 510, 445, 510, 446, 446, 510, 511, 446, 511, 447, 447, 511, 512, 447, 512, 448, 448, 512, 449, 448, 449, 385, 513, 514, 515, 513, 515, 516, 513, 516, 517, 513, 517, 518, 513, 518, 519, 513, 519, 520, 513, 520, 521, 513, 521, 522, 513, 522, 523, 513, 523, 524, 513, 524, 525, 513, 525, 526, 513, 526, 527, 513, 527, 528, 513, 528, 529, 513, 529, 530, 513, 530, 531, 513, 531, 532, 513, 532, 533, 513, 533, 534, 513, 534, 535, 513, 535, 536, 513, 536, 537, 513, 537, 538, 513, 538, 539, 513, 539, 540, 513, 540, 541, 513, 541, 542, 513, 542, 543, 513, 543, 544, 513, 544, 545, 513, 545, 546, 513, 546, 547, 513, 547, 548, 513, 548, 549, 513, 549, 550, 513, 550, 551, 513, 551, 552, 513, 552, 553, 513, 553, 554, 513, 554, 555, 513, 555, 556, 513, 556, 557, 513, 557, 558, 513, 558, 559, 513, 559, 560, 513, 560, 561, 513, 561, 562, 513, 562, 563, 513, 563, 564, 513, 564, 565, 513, 565, 566, 513, 566, 567, 513, 567, 568, 513, 568, 569, 513, 569, 570, 513, 570, 571, 513, 571, 572, 513, 572, 573, 513, 573, 574, 513, 574, 575, 513, 575, 576, 513, 576, 577, 513, 577, 514, 514, 578, 579, 514, 579, 515, 515, 579, 580, 515, 580, 516, 516, 580, 581, 516, 581, 517, 517, 581, 582, 517, 582, 518, 518, 582, 583, 518, 583, 519, 519, 583, 584, 519, 584, 520, 520, 584, 585, 520, 585, 521, 521, 585, 586, 521, 586, 522, 522, 586, 587, 522, 587, 523, 523, 587, 588, 523, 588, 524, 524, 588, 589, 524, 589, 525, 525, 589, 590, 525, 590, 526, 526, 590, 591, 526, 591, 527, 527, 591, 592, 527, 592, 528, 528, 592, 593, 528, 593, 529, 529, 593, 594, 529, 594, 530, 530, 594, 595, 530, 595, 531, 531, 595, 596, 531, 596, 532, 532, 596, 597, 532, 597, 533, 533, 597, 598, 533, 598, 534, 534, 598, 599, 534, 599, 535, 535, 599, 600, 535, 600, 536, 536, 600, 601, 536, 601, 537, 537, 601, 602, 537, 602, 538, 538, 602, 603, 538, 603, 539, 539, 603, 604, 539, 604, 540, 540, 604, 605, 540, 605, 541, 541, 605, 606, 541, 606, 542, 542, 606, 607, 542, 607, 543, 543, 607, 608, 543, 608, 544, 544, 608, 609, 544, 609, 545, 545, 609, 610, 545, 610, 546, 546, 610, 611, 546, 611, 547, 547, 611, 612, 547, 612, 548, 548, 612, 613, 548, 613, 549, 549, 613, 614, 549, 614, 550, 550, 614, 615, 550, 615, 551, 551, 615, 616, 551, 616, 552, 552, 616, 617, 552, 617, 553, 553, 617, 618, 553, 618, 554, 554, 618, 619, 554, 619, 555, 555, 619, 620, 555, 620, 556, 556, 620, 621, 556, 621, 557, 557, 621, 622, 557, 622, 558, 558, 622, 623, 558, 623, 559, 559, 623, 624, 559, 624, 560, 560, 624, 625, 560, 625, 561, 561, 625, 626, 561, 626, 562, 562, 626, 627, 562, 627, 563, 563, 627, 628, 563, 628, 564, 564, 628, 629, 564, 629, 565, 565, 629, 630, 565, 630, 566, 566, 630, 631, 566, 631, 567, 567, 631, 632, 567, 632, 568, 568, 632, 633, 568, 633, 569, 569, 633, 634, 569, 634, 570, 570, 634, 635, 570, 635, 571, 571, 635, 636, 571, 636, 572, 572, 636, 637, 572, 637, 573, 573, 637, 638, 573, 638, 574, 574, 638, 639, 574, 639, 575, 575, 639, 640, 575, 640, 576, 576, 640, 641, 576, 641, 577, 577, 641, 578, 577, 578, 514, 578, 642, 643, 578, 643, 579, 579, 643, 644, 579, 644, 580, 580, 644, 645, 580, 645, 581, 581, 645, 646, 581, 646, 582, 582, 646, 647, 582, 647, 583, 583, 647, 648, 583, 648, 584, 584, 648, 649, 584, 649, 585, 585, 649, 650, 585, 650, 586, 586, 650, 651, 586, 651, 587, 587, 651, 652, 587, 652, 588, 588, 652, 653, 588, 653, 589, 589, 653, 654, 589, 654, 590, 590, 654, 655, 590, 655, 591, 591, 655, 656, 591, 656, 592, 592, 656, 657, 592, 657, 593, 593, 657, 658, 593, 658, 594, 594, 658, 659, 594, 659, 595, 595, 659, 660, 595, 660, 596, 596, 660, 661, 596, 661, 597, 597, 661, 662, 597, 662, 598, 598, 662, 663, 598, 663, 599, 599, 663, 664, 599, 664, 600, 600, 664, 665, 600, 665, 601, 601, 665, 666, 601, 666, 602, 602, 666, 667, 602, 667, 603, 603, 667, 668, 603, 668, 604, 604, 668, 669, 604, 669, 605, 605, 669, 670, 605, 670, 606, 606, 670, 671, 606, 671, 607, 607, 671, 672, 607, 672, 608, 608, 672, 673, 608, 673, 609, 609, 673, 674, 609, 674, 610, 610, 674, 675, 610, 675, 611, 611, 675, 676, 611, 676, 612, 612, 676, 677, 612, 677, 613, 613, 677, 678, 613, 678, 614, 614, 678, 679, 614, 679, 615, 615, 679, 680, 615, 680, 616, 616, 680, 681, 616, 681, 617, 617, 681, 682, 617, 682, 618, 618, 682, 683, 618, 683, 619, 619, 683, 684, 619, 684, 620, 620, 684, 685, 620, 685, 621, 621, 685, 686, 621, 686, 622, 622, 686, 687, 622, 687, 623, 623, 687, 688, 623, 688, 624, 624, 688, 689, 624, 689, 625, 625, 689, 690, 625, 690, 626, 626, 690, 691, 626, 691, 627, 627, 691, 692, 627, 692, 628, 628, 692, 693, 628, 693, 629, 629, 693, 694, 629, 694, 630, 630, 694, 695, 630, 695, 631, 631, 695, 696, 631, 696, 632, 632, 696, 697, 632, 697, 633, 633, 697, 698, 633, 698, 634, 634, 698, 699, 634, 699, 635, 635, 699, 700, 635, 700, 636, 636, 700, 701, 636, 701, 637, 637, 701, 702, 637, 702, 638, 638, 702, 703, 638, 703, 639, 639, 703, 704, 639, 704, 640, 640, 704, 705, 640, 705, 641, 641, 705, 642, 641, 642, 578, 642, 706, 707, 642, 707, 643, 643, 707, 708, 643, 708, 644, 644, 708, 709, 644, 709, 645, 645, 709, 710, 645, 710, 646, 646, 710, 711, 646, 711, 647, 647, 711, 712, 647, 712, 648, 648, 712, 713, 648, 713, 649, 649, 713, 714, 649, 714, 650, 650, 714, 715, 650, 715, 651, 651, 715, 716, 651, 716, 652, 652, 716, 717, 652, 717, 653, 653, 717, 718, 653, 718, 654, 654, 718, 719, 654, 719, 655, 655, 719, 720, 655, 720, 656, 656, 720, 721, 656, 721, 657, 657, 721, 722, 657, 722, 658, 658, 722, 723, 658, 723, 659, 659, 723, 724, 659, 724, 660, 660, 724, 725, 660, 725, 661, 661, 725, 726, 661, 726, 662, 662, 726, 727, 662, 727, 663, 663, 727, 728, 663, 728, 664, 664, 728, 729, 664, 729, 665, 665, 729, 730, 665, 730, 666, 666, 730, 731, 666, 731, 667, 667, 731, 732, 667, 732, 668, 668, 732, 733, 668, 733, 669, 669, 733, 734, 669, 734, 670, 670, 734, 735, 670, 735, 671, 671, 735, 736, 671, 736, 672, 672, 736, 737, 672, 737, 673, 673, 737, 738, 673, 738, 674, 674, 738, 739, 674, 739, 675, 675, 739, 740, 675, 740, 676, 676, 740, 741, 676, 741, 677, 677, 741, 742, 677, 742, 678, 678, 742, 743, 678, 743, 679, 679, 743, 744, 679, 744, 680, 680, 744, 745, 680, 745, 681, 681, 745, 746, 681, 746, 682, 682, 746, 747, 682, 747, 683, 683, 747, 748, 683, 748, 684, 684, 748, 749, 684, 749, 685, 685, 749, 750, 685, 750, 686, 686, 750, 751, 686, 751, 687, 687, 751, 752, 687, 752, 688, 688, 752, 753, 688, 753, 689, 689, 753, 754, 689, 754, 690, 690, 754, 755, 690, 755, 691, 691, 755, 756, 691, 756, 692, 692, 756, 757, 692, 757, 693, 693, 757, 758, 693, 758, 694, 694, 758, 759, 694, 759, 695, 695, 759, 760, 695, 760, 696, 696, 760, 761, 696, 761, 697, 697, 761, 762, 697, 762, 698, 698, 762, 763, 698, 763, 699, 699, 763, 764, 699, 764, 700, 700, 764, 765, 700, 765, 701, 701, 765, 766, 701, 766, 702, 702, 766, 767, 702, 767, 703, 703, 767, 768, 703, 768, 704, 704, 768, 769, 704, 769, 705, 705, 769, 706, 705, 706, 642, 706, 770, 771, 706, 771, 707, 707, 771, 772, 707, 772, 708, 708, 772, 773, 708, 773, 709, 709, 773, 774, 709, 774, 710, 710, 774, 775, 710, 775, 711, 711, 775, 776, 711, 776, 712, 712, 776, 777, 712, 777, 713, 713, 777, 778, 713, 778, 714, 714, 778, 779, 714, 779, 715, 715, 779, 780, 715, 780, 716, 716, 780, 781, 716, 781, 717, 717, 781, 782, 717, 782, 718, 718, 782, 783, 718, 783, 719, 719, 783, 784, 719, 784, 720, 720, 784, 785, 720, 785, 721, 721, 785, 786, 721, 786, 722, 722, 786, 787, 722, 787, 723, 723, 787, 788, 723, 788, 724, 724, 788, 789, 724, 789, 725, 725, 789, 790, 725, 790, 726, 726, 790, 791, 726, 791, 727, 727, 791, 792, 727, 792, 728, 728, 792, 793, 728, 793, 729, 729, 793, 794, 729, 794, 730, 730, 794, 795, 730, 795, 731, 731, 795, 796, 731, 796, 732, 732, 796, 797, 732, 797, 733, 733, 797, 798, 733, 798, 734, 734, 798, 799, 734, 799, 735, 735, 799, 800, 735, 800, 736, 736, 800, 801, 736, 801, 737, 737, 801, 802, 737, 802, 738, 738, 802, 803, 738, 803, 739, 739, 803, 804, 739, 804, 740, 740, 804, 805, 740, 805, 741, 741, 805, 806, 741, 806, 742, 742, 806, 807, 742, 807, 743, 743, 807, 808, 743, 808, 744, 744, 808, 809, 744, 809, 745, 745, 809, 810, 745, 810, 746, 746, 810, 811, 746, 811, 747, 747, 811, 812, 747, 812, 748, 748, 812, 813, 748, 813, 749, 749, 813, 814, 749, 814, 750, 750, 814, 815, 750, 815, 751, 751, 815, 816, 751, 816, 752, 752, 816, 817, 752, 817, 753, 753, 817, 818, 753, 818, 754, 754, 818, 819, 754, 819, 755, 755, 819, 820, 755, 820, 756, 756, 820, 821, 756, 821, 757, 757, 821, 822, 757, 822, 758, 758, 822, 823, 758, 823, 759, 759, 823, 824, 759, 824, 760, 760, 824, 825, 760, 825, 761, 761, 825, 826, 761, 826, 762, 762, 826, 827, 762, 827, 763, 763, 827, 828, 763, 828, 764, 764, 828, 829, 764, 829, 765, 765, 829, 830, 765, 830, 766, 766, 830, 831, 766, 831, 767, 767, 831, 832, 767, 832, 768, 768, 832, 833, 768, 833, 769, 769, 833, 770, 769, 770, 706, 770, 834, 835, 770, 835, 771, 771, 835, 836, 771, 836, 772, 772, 836, 837, 772, 837, 773, 773, 837, 838, 773, 838, 774, 774, 838, 839, 774, 839, 775, 775, 839, 840, 775, 840, 776, 776, 840, 841, 776, 841, 777, 777, 841, 842, 777, 842, 778, 778, 842, 843, 778, 843, 779, 779, 843, 844, 779, 844, 780, 780, 844, 845, 780, 845, 781, 781, 845, 846, 781, 846, 782, 782, 846, 847, 782, 847, 783, 783, 847, 848, 783, 848, 784, 784, 848, 849, 784, 849, 785, 785, 849, 850, 785, 850, 786, 786, 850, 851, 786, 851, 787, 787, 851, 852, 787, 852, 788, 788, 852, 853, 788, 853, 789, 789, 853, 854, 789, 854, 790, 790, 854, 855, 790, 855, 791, 791, 855, 856, 791, 856, 792, 792, 856, 857, 792, 857, 793, 793, 857, 858, 793, 858, 794, 794, 858, 859, 794, 859, 795, 795, 859, 860, 795, 860, 796, 796, 860, 861, 796, 861, 797, 797, 861, 862, 797, 862, 798, 798, 862, 863, 798, 863, 799, 799, 863, 864, 799, 864, 800, 800, 864, 865, 800, 865, 801, 801, 865, 866, 801, 866, 802, 802, 866, 867, 802, 867, 803, 803, 867, 868, 803, 868, 804, 804, 868, 869, 804, 869, 805, 805, 869, 870, 805, 870, 806, 806, 870, 871, 806, 871, 807, 807, 871, 872, 807, 872, 808, 808, 872, 873, 808, 873, 809, 809, 873, 874, 809, 874, 810, 810, 874, 875, 810, 875, 811, 811, 875, 876, 811, 876, 812, 812, 876, 877, 812, 877, 813, 813, 877, 878, 813, 878, 814, 814, 878, 879, 814, 879, 815, 815, 879, 880, 815, 880, 816, 816, 880, 881, 816, 881, 817, 817, 881, 882, 817, 882, 818, 818, 882, 883, 818, 883, 819, 819, 883, 884, 819, 884, 820, 820, 884, 885, 820, 885, 821, 821, 885, 886, 821, 886, 822, 822, 886, 887, 822, 887, 823, 823, 887, 888, 823, 888, 824, 824, 888, 889, 824, 889, 825, 825, 889, 890, 825, 890, 826, 826, 890, 891, 826, 891, 827, 827, 891, 892, 827, 892, 828, 828, 892, 893, 828, 893, 829, 829, 893, 894, 829, 894, 830, 830, 894, 895, 830, 895, 831, 831, 895, 896, 831, 896, 832, 832, 896, 897, 832, 897, 833, 833, 897, 834, 833, 834, 770, 834, 898, 899, 834, 899, 835, 835, 899, 900, 835, 900, 836, 836, 900, 901, 836, 901, 837, 837, 901, 902, 837, 902, 838, 838, 902, 903, 838, 903, 839, 839, 903, 904, 839, 904, 840, 840, 904, 905, 840, 905, 841, 841, 905, 906, 841, 906, 842, 842, 906, 907, 842, 907, 843, 843, 907, 908, 843, 908, 844, 844, 908, 909, 844, 909, 845, 845, 909, 910, 845, 910, 846, 846, 910, 911, 846, 911, 847, 847, 911, 912, 847, 912, 848, 848, 912, 913, 848, 913, 849, 849, 913, 914, 849, 914, 850, 850, 914, 915, 850, 915, 851, 851, 915, 916, 851, 916, 852, 852, 916, 917, 852, 917, 853, 853, 917, 918, 853, 918, 854, 854, 918, 919, 854, 919, 855, 855, 919, 920, 855, 920, 856, 856, 920, 921, 856, 921, 857, 857, 921, 922, 857, 922, 858, 858, 922, 923, 858, 923, 859, 859, 923, 924, 859, 924, 860, 860, 924, 925, 860, 925, 861, 861, 925, 926, 861, 926, 862, 862, 926, 927, 862, 927, 863, 863, 927, 928, 863, 928, 864, 864, 928, 929, 864, 929, 865, 865, 929, 930, 865, 930, 866, 866, 930, 931, 866, 931, 867, 867, 931, 932, 867, 932, 868, 868, 932, 933, 868, 933, 869, 869, 933, 934, 869, 934, 870, 870, 934, 935, 870, 935, 871, 871, 935, 936, 871, 936, 872, 872, 936, 937, 872, 937, 873, 873, 937, 938, 873, 938, 874, 874, 938, 939, 874, 939, 875, 875, 939, 940, 875, 940, 876, 876, 940, 941, 876, 941, 877, 877, 941, 942, 877, 942, 878, 878, 942, 943, 878, 943, 879, 879, 943, 944, 879, 944, 880, 880, 944, 945, 880, 945, 881, 881, 945, 946, 881, 946, 882, 882, 946, 947, 882, 947, 883, 883, 947, 948, 883, 948, 884, 884, 948, 949, 884, 949, 885, 885, 949, 950, 885, 950, 886, 886, 950, 951, 886, 951, 887, 887, 951, 952, 887, 952, 888, 888, 952, 953, 888, 953, 889, 889, 953, 954, 889, 954, 890, 890, 954, 955, 890, 955, 891, 891, 955, 956, 891, 956, 892, 892, 956, 957, 892, 957, 893, 893, 957, 958, 893, 958, 894, 894, 958, 959, 894, 959, 895, 895, 959, 960, 895, 960, 896, 896, 960, 961, 896, 961, 897, 897, 961, 898, 897, 898, 834, 898, 962, 963, 898, 963, 899, 899, 963, 964, 899, 964, 900, 900, 964, 965, 900, 965, 901, 901, 965, 966, 901, 966, 902, 902, 966, 967, 902, 967, 903, 903, 967, 968, 903, 968, 904, 904, 968, 969, 904, 969, 905, 905, 969, 970, 905, 970, 906, 906, 970, 971, 906, 971, 907, 907, 971, 972, 907, 972, 908, 908, 972, 973, 908, 973, 909, 909, 973, 974, 909, 974, 910, 910, 974, 975, 910, 975, 911, 911, 975, 976, 911, 976, 912, 912, 976, 977, 912, 977, 913, 913, 977, 978, 913, 978, 914, 914, 978, 979, 914, 979, 915, 915, 979, 980, 915, 980, 916, 916, 980, 981, 916, 981, 917, 917, 981, 982, 917, 982, 918, 918, 982, 983, 918, 983, 919, 919, 983, 984, 919, 984, 920, 920, 984, 985, 920, 985, 921, 921, 985, 986, 921, 986, 922, 922, 986, 987, 922, 987, 923, 923, 987, 988, 923, 988, 924, 924, 988, 989, 924, 989, 925, 925, 989, 990, 925, 990, 926, 926, 990, 991, 926, 991, 927, 927, 991, 992, 927, 992, 928, 928, 992, 993, 928, 993, 929, 929, 993, 994, 929, 994, 930, 930, 994, 995, 930, 995, 931, 931, 995, 996, 931, 996, 932, 932, 996, 997, 932, 997, 933, 933, 997, 998, 933, 998, 934, 934, 998, 999, 934, 999, 935, 935, 999, 1000, 935, 1000, 936, 936, 1000, 1001, 936, 1001, 937, 937, 1001, 1002, 937, 1002, 938, 938, 1002, 1003, 938, 1003, 939, 939, 1003, 1004, 939, 1004, 940, 940, 1004, 1005, 940, 1005, 941, 941, 1005, 1006, 941, 1006, 942, 942, 1006, 1007, 942, 1007, 943, 943, 1007, 1008, 943, 1008, 944, 944, 1008, 1009, 944, 1009, 945, 945, 1009, 1010, 945, 1010, 946, 946, 1010, 1011, 946, 1011, 947, 947, 1011, 1012, 947, 1012, 948, 948, 1012, 1013, 948, 1013, 949, 949, 1013, 1014, 949, 1014, 950, 950, 1014, 1015, 950, 1015, 951, 951, 1015, 1016, 951, 1016, 952, 952, 1016, 1017, 952, 1017, 953, 953, 1017, 1018, 953, 1018, 954, 954, 1018, 1019, 954, 1019, 955, 955, 1019, 1020, 955, 1020, 956, 956, 1020, 1021, 956, 1021, 957, 957, 1021, 1022, 957, 1022, 958, 958, 1022, 1023, 958, 1023, 959, 959, 1023, 1024, 959, 1024, 960, 960, 1024, 1025, 960, 1025, 961, 961, 1025, 962, 961, 962, 898, 1026, 1027, 1028, 1026, 1028, 1029, 1026, 1029, 1030, 1026, 1030, 1031, 1026, 1031, 1032, 1026, 1032, 1033, 1026, 1033, 1034, 1026, 1034, 1035, 1026, 1035, 1036, 1026, 1036, 1037, 1026, 1037, 1038, 1026, 1038, 1039, 1026, 1039, 1040, 1026, 1040, 1041, 1026, 1041, 1042, 1026, 1042, 1043, 1026, 1043, 1044, 1026, 1044, 1045, 1026, 1045, 1046, 1026, 1046, 1047, 1026, 1047, 1048, 1026, 1048, 1049, 1026, 1049, 1050, 1026, 1050, 1051, 1026, 1051, 1052, 1026, 1052, 1053, 1026, 1053, 1054, 1026, 1054, 1055, 1026, 1055, 1056, 1026, 1056, 1057, 1026, 1057, 1058, 1026, 1058, 1059, 1026, 1059, 1060, 1026, 1060, 1061, 1026, 1061, 1062, 1026, 1062, 1063, 1026, 1063, 1064, 1026, 1064, 1065, 1026, 1065, 1066, 1026, 1066, 1067, 1026, 1067, 1068, 1026, 1068, 1069, 1026, 1069, 1070, 1026, 1070, 1071, 1026, 1071, 1072, 1026, 1072, 1073, 1026, 1073, 1074, 1026, 1074, 1075, 1026, 1075, 1076, 1026, 1076, 1077, 1026, 1077, 1078, 1026, 1078, 1079, 1026, 1079, 1080, 1026, 1080, 1081, 1026, 1081, 1082, 1026, 1082, 1083, 1026, 1083, 1084, 1026, 1084, 1085, 1026, 1085, 1086, 1026, 1086, 1087, 1026, 1087, 1088, 1026, 1088, 1089, 1026, 1089, 1090, 1026, 1090, 1027, 1027, 1091, 1092, 1027, 1092, 1028, 1028, 1092, 1093, 1028, 1093, 1029, 1029, 1093, 1094, 1029, 1094, 1030, 1030, 1094, 1095, 1030, 1095, 1031, 1031, 1095, 1096, 1031, 1096, 1032, 1032, 1096, 1097, 1032, 1097, 1033, 1033, 1097, 1098, 1033, 1098, 1034, 1034, 1098, 1099, 1034, 1099, 1035, 1035, 1099, 1100, 1035, 1100, 1036, 1036, 1100, 1101, 1036, 1101, 1037, 1037, 1101, 1102, 1037, 1102, 1038, 1038, 1102, 1103, 1038, 1103, 1039, 1039, 1103, 1104, 1039, 1104, 1040, 1040, 1104, 1105, 1040, 1105, 1041, 1041, 1105, 1106, 1041, 1106, 1042, 1042, 1106, 1107, 1042, 1107, 1043, 1043, 1107, 1108, 1043, 1108, 1044, 1044, 1108, 1109, 1044, 1109, 1045, 1045, 1109, 1110, 1045, 1110, 1046, 1046, 1110, 1111, 1046, 1111, 1047, 1047, 1111, 1112, 1047, 1112, 1048, 1048, 1112, 1113, 1048, 1113, 1049, 1049, 1113, 1114, 1049, 1114, 1050, 1050, 1114, 1115, 1050, 1115, 1051, 1051, 1115, 1116, 1051, 1116, 1052, 1052, 1116, 1117, 1052, 1117, 1053, 1053, 1117, 1118, 1053, 1118, 1054, 1054, 1118, 1119, 1054, 1119, 1055, 1055, 1119, 1120, 1055, 1120, 1056, 1056, 1120, 1121, 1056, 1121, 1057, 1057, 1121, 1122, 1057, 1122, 1058, 1058, 1122, 1123, 1058, 1123, 1059, 1059, 1123, 1124, 1059, 1124, 1060, 1060, 1124, 1125, 1060, 1125, 1061, 1061, 1125, 1126, 1061, 1126, 1062, 1062, 1126, 1127, 1062, 1127, 1063, 1063, 1127, 1128, 1063, 1128, 1064, 1064, 1128, 1129, 1064, 1129, 1065, 1065, 1129, 1130, 1065, 1130, 1066, 1066, 1130, 1131, 1066, 1131, 1067, 1067, 1131, 1132, 1067, 1132, 1068, 1068, 1132, 1133, 1068, 1133, 1069, 1069, 1133, 1134, 1069, 1134, 1070, 1070, 1134, 1135, 1070, 1135, 1071, 1071, 1135, 1136, 1071, 1136, 1072, 1072, 1136, 1137, 1072, 1137, 1073, 1073, 1137, 1138, 1073, 1138, 1074, 1074, 1138, 1139, 1074, 1139, 1075, 1075, 1139, 1140, 1075, 1140, 1076, 1076, 1140, 1141, 1076, 1141, 1077, 1077, 1141, 1142, 1077, 1142, 1078, 1078, 1142, 1143, 1078, 1143, 1079, 1079, 1143, 1144, 1079, 1144, 1080, 1080, 1144, 1145, 1080, 1145, 1081, 1081, 1145, 1146, 1081, 1146, 1082, 1082, 1146, 1147, 1082, 1147, 1083, 1083, 1147, 1148, 1083, 1148, 1084, 1084, 1148, 1149, 1084, 1149, 1085, 1085, 1149, 1150, 1085, 1150, 1086, 1086, 1150, 1151, 1086, 1151, 1087, 1087, 1151, 1152, 1087, 1152, 1088, 1088, 1152, 1153, 1088, 1153, 1089, 1089, 1153, 1154, 1089, 1154, 1090, 1090, 1154, 1091, 1090, 1091, 1027, 1091, 1155, 1156, 1091, 1156, 1092, 1092, 1156, 1157, 1092, 1157, 1093, 1093, 1157, 1158, 1093, 1158, 1094, 1094, 1158, 1159, 1094, 1159, 1095, 1095, 1159, 1160, 1095, 1160, 1096, 1096, 1160, 1161, 1096, 1161, 1097, 1097, 1161, 1162, 1097, 1162, 1098, 1098, 1162, 1163, 1098, 1163, 1099, 1099, 1163, 1164, 1099, 1164, 1100, 1100, 1164, 1165, 1100, 1165, 1101, 1101, 1165, 1166, 1101, 1166, 1102, 1102, 1166, 1167, 1102, 1167, 1103, 1103, 1167, 1168, 1103, 1168, 1104, 1104, 1168, 1169, 1104, 1169, 1105, 1105, 1169, 1170, 1105, 1170, 1106, 1106, 1170, 1171, 1106, 1171, 1107, 1107, 1171, 1172, 1107, 1172, 1108, 1108, 1172, 1173, 1108, 1173, 1109, 1109, 1173, 1174, 1109, 1174, 1110, 1110, 1174, 1175, 1110, 1175, 1111, 1111, 1175, 1176, 1111, 1176, 1112, 1112, 1176, 1177, 1112, 1177, 1113, 1113, 1177, 1178, 1113, 1178, 1114, 1114, 1178, 1179, 1114, 1179, 1115, 1115, 1179, 1180, 1115, 1180, 1116, 1116, 1180, 1181, 1116, 1181, 1117, 1117, 1181, 1182, 1117, 1182, 1118, 1118, 1182, 1183, 1118, 1183, 1119, 1119, 1183, 1184, 1119, 1184, 1120, 1120, 1184, 1185, 1120, 1185, 1121, 1121, 1185, 1186, 1121, 1186, 1122, 1122, 1186, 1187, 1122, 1187, 1123, 1123, 1187, 1188, 1123, 1188, 1124, 1124, 1188, 1189, 1124, 1189, 1125, 1125, 1189, 1190, 1125, 1190, 1126, 1126, 1190, 1191, 1126, 1191, 1127, 1127, 1191, 1192, 1127, 1192, 1128, 1128, 1192, 1193, 1128, 1193, 1129, 1129, 1193, 1194, 1129, 1194, 1130, 1130, 1194, 1195, 1130, 1195, 1131, 1131, 1195, 1196, 1131, 1196, 1132, 1132, 1196, 1197, 1132, 1197, 1133, 1133, 1197, 1198, 1133, 1198, 1134, 1134, 1198, 1199, 1134, 1199, 1135, 1135, 1199, 1200, 1135, 1200, 1136, 1136, 1200, 1201, 1136, 1201, 1137, 1137, 1201, 1202, 1137, 1202, 1138, 1138, 1202, 1203, 1138, 1203, 1139, 1139, 1203, 1204, 1139, 1204, 1140, 1140, 1204, 1205, 1140, 1205, 1141, 1141, 1205, 1206, 1141, 1206, 1142, 1142, 1206, 1207, 1142, 1207, 1143, 1143, 1207, 1208, 1143, 1208, 1144, 1144, 1208, 1209, 1144, 1209, 1145, 1145, 1209, 1210, 1145, 1210, 1146, 1146, 1210, 1211, 1146, 1211, 1147, 1147, 1211, 1212, 1147, 1212, 1148, 1148, 1212, 1213, 1148, 1213, 1149, 1149, 1213, 1214, 1149, 1214, 1150, 1150, 1214, 1215, 1150, 1215, 1151, 1151, 1215, 1216, 1151, 1216, 1152, 1152, 1216, 1217, 1152, 1217, 1153, 1153, 1217, 1218, 1153, 1218, 1154, 1154, 1218, 1155, 1154, 1155, 1091, 1155, 1219, 1220, 1155, 1220, 1156, 1156, 1220, 1221, 1156, 1221, 1157, 1157, 1221, 1222, 1157, 1222, 1158, 1158, 1222, 1223, 1158, 1223, 1159, 1159, 1223, 1224, 1159, 1224, 1160, 1160, 1224, 1225, 1160, 1225, 1161, 1161, 1225, 1226, 1161, 1226, 1162, 1162, 1226, 1227, 1162, 1227, 1163, 1163, 1227, 1228, 1163, 1228, 1164, 1164, 1228, 1229, 1164, 1229, 1165, 1165, 1229, 1230, 1165, 1230, 1166, 1166, 1230, 1231, 1166, 1231, 1167, 1167, 1231, 1232, 1167, 1232, 1168, 1168, 1232, 1233, 1168, 1233, 1169, 1169, 1233, 1234, 1169, 1234, 1170, 1170, 1234, 1235, 1170, 1235, 1171, 1171, 1235, 1236, 1171, 1236, 1172, 1172, 1236, 1237, 1172, 1237, 1173, 1173, 1237, 1238, 1173, 1238, 1174, 1174, 1238, 1239, 1174, 1239, 1175, 1175, 1239, 1240, 1175, 1240, 1176, 1176, 1240, 1241, 1176, 1241, 1177, 1177, 1241, 1242, 1177, 1242, 1178, 1178, 1242, 1243, 1178, 1243, 1179, 1179, 1243, 1244, 1179, 1244, 1180, 1180, 1244, 1245, 1180, 1245, 1181, 1181, 1245, 1246, 1181, 1246, 1182, 1182, 1246, 1247, 1182, 1247, 1183, 1183, 1247, 1248, 1183, 1248, 1184, 1184, 1248, 1249, 1184, 1249, 1185, 1185, 1249, 1250, 1185, 1250, 1186, 1186, 1250, 1251, 1186, 1251, 1187, 1187, 1251, 1252, 1187, 1252, 1188, 1188, 1252, 1253, 1188, 1253, 1189, 1189, 1253, 1254, 1189, 1254, 1190, 1190, 1254, 1255, 1190, 1255, 1191, 1191, 1255, 1256, 1191, 1256, 1192, 1192, 1256, 1257, 1192, 1257, 1193, 1193, 1257, 1258, 1193, 1258, 1194, 1194, 1258, 1259, 1194, 1259, 1195, 1195, 1259, 1260, 1195, 1260, 1196, 1196, 1260, 1261, 1196, 1261, 1197, 1197, 1261, 1262, 1197, 1262, 1198, 1198, 1262, 1263, 1198, 1263, 1199, 1199, 1263, 1264, 1199, 1264, 1200, 1200, 1264, 1265, 1200, 1265, 1201, 1201, 1265, 1266, 1201, 1266, 1202, 1202, 1266, 1267, 1202, 1267, 1203, 1203, 1267, 1268, 1203, 1268, 1204, 1204, 1268, 1269, 1204, 1269, 1205, 1205, 1269, 1270, 1205, 1270, 1206, 1206, 1270, 1271, 1206, 1271, 1207, 1207, 1271, 1272, 1207, 1272, 1208, 1208, 1272, 1273, 1208, 1273, 1209, 1209, 1273, 1274, 1209, 1274, 1210, 1210, 1274, 1275, 1210, 1275, 1211, 1211, 1275, 1276, 1211, 1276, 1212, 1212, 1276, 1277, 1212, 1277, 1213, 1213, 1277, 1278, 1213, 1278, 1214, 1214, 1278, 1279, 1214, 1279, 1215, 1215, 1279, 1280, 1215, 1280, 1216, 1216, 1280, 1281, 1216, 1281, 1217, 1217, 1281, 1282, 1217, 1282, 1218, 1218, 1282, 1219, 1218, 1219, 1155, 1219, 1283, 1284, 1219, 1284, 1220, 1220, 1284, 1285, 1220, 1285, 1221, 1221, 1285, 1286, 1221, 1286, 1222, 1222, 1286, 1287, 1222, 1287, 1223, 1223, 1287, 1288, 1223, 1288, 1224, 1224, 1288, 1289, 1224, 1289, 1225, 1225, 1289, 1290, 1225, 1290, 1226, 1226, 1290, 1291, 1226, 1291, 1227, 1227, 1291, 1292, 1227, 1292, 1228, 1228, 1292, 1293, 1228, 1293, 1229, 1229, 1293, 1294, 1229, 1294, 1230, 1230, 1294, 1295, 1230, 1295, 1231, 1231, 1295, 1296, 1231, 1296, 1232, 1232, 1296, 1297, 1232, 1297, 1233, 1233, 1297, 1298, 1233, 1298, 1234, 1234, 1298, 1299, 1234, 1299, 1235, 1235, 1299, 1300, 1235, 1300, 1236, 1236, 1300, 1301, 1236, 1301, 1237, 1237, 1301, 1302, 1237, 1302, 1238, 1238, 1302, 1303, 1238, 1303, 1239, 1239, 1303, 1304, 1239, 1304, 1240, 1240, 1304, 1305, 1240, 1305, 1241, 1241, 1305, 1306, 1241, 1306, 1242, 1242, 1306, 1307, 1242, 1307, 1243, 1243, 1307, 1308, 1243, 1308, 1244, 1244, 1308, 1309, 1244, 1309, 1245, 1245, 1309, 1310, 1245, 1310, 1246, 1246, 1310, 1311, 1246, 1311, 1247, 1247, 1311, 1312, 1247, 1312, 1248, 1248, 1312, 1313, 1248, 1313, 1249, 1249, 1313, 1314, 1249, 1314, 1250, 1250, 1314, 1315, 1250, 1315, 1251, 1251, 1315, 1316, 1251, 1316, 1252, 1252, 1316, 1317, 1252, 1317, 1253, 1253, 1317, 1318, 1253, 1318, 1254, 1254, 1318, 1319, 1254, 1319, 1255, 1255, 1319, 1320, 1255, 1320, 1256, 1256, 1320, 1321, 1256, 1321, 1257, 1257, 1321, 1322, 1257, 1322, 1258, 1258, 1322, 1323, 1258, 1323, 1259, 1259, 1323, 1324, 1259, 1324, 1260, 1260, 1324, 1325, 1260, 1325, 1261, 1261, 1325, 1326, 1261, 1326, 1262, 1262, 1326, 1327, 1262, 1327, 1263, 1263, 1327, 1328, 1263, 1328, 1264, 1264, 1328, 1329, 1264, 1329, 1265, 1265, 1329, 1330, 1265, 1330, 1266, 1266, 1330, 1331, 1266, 1331, 1267, 1267, 1331, 1332, 1267, 1332, 1268, 1268, 1332, 1333, 1268, 1333, 1269, 1269, 1333, 1334, 1269, 1334, 1270, 1270, 1334, 1335, 1270, 1335, 1271, 1271, 1335, 1336, 1271, 1336, 1272, 1272, 1336, 1337, 1272, 1337, 1273, 1273, 1337, 1338, 1273, 1338, 1274, 1274, 1338, 1339, 1274, 1339, 1275, 1275, 1339, 1340, 1275, 1340, 1276, 1276, 1340, 1341, 1276, 1341, 1277, 1277, 1341, 1342, 1277, 1342, 1278, 1278, 1342, 1343, 1278, 1343, 1279, 1279, 1343, 1344, 1279, 1344, 1280, 1280, 1344, 1345, 1280, 1345, 1281, 1281, 1345, 1346, 1281, 1346, 1282, 1282, 1346, 1283, 1282, 1283, 1219, 1283, 1347, 1348, 1283, 1348, 1284, 1284, 1348, 1349, 1284, 1349, 1285, 1285, 1349, 1350, 1285, 1350, 1286, 1286, 1350, 1351, 1286, 1351, 1287, 1287, 1351, 1352, 1287, 1352, 1288, 1288, 1352, 1353, 1288, 1353, 1289, 1289, 1353, 1354, 1289, 1354, 1290, 1290, 1354, 1355, 1290, 1355, 1291, 1291, 1355, 1356, 1291, 1356, 1292, 1292, 1356, 1357, 1292, 1357, 1293, 1293, 1357, 1358, 1293, 1358, 1294, 1294, 1358, 1359, 1294, 1359, 1295, 1295, 1359, 1360, 1295, 1360, 1296, 1296, 1360, 1361, 1296, 1361, 1297, 1297, 1361, 1362, 1297, 1362, 1298, 1298, 1362, 1363, 1298, 1363, 1299, 1299, 1363, 1364, 1299, 1364, 1300, 1300, 1364, 1365, 1300, 1365, 1301, 1301, 1365, 1366, 1301, 1366, 1302, 1302, 1366, 1367, 1302, 1367, 1303, 1303, 1367, 1368, 1303, 1368, 1304, 1304, 1368, 1369, 1304, 1369, 1305, 1305, 1369, 1370, 1305, 1370, 1306, 1306, 1370, 1371, 1306, 1371, 1307, 1307, 1371, 1372, 1307, 1372, 1308, 1308, 1372, 1373, 1308, 1373, 1309, 1309, 1373, 1374, 1309, 1374, 1310, 1310, 1374, 1375, 1310, 1375, 1311, 1311, 1375, 1376, 1311, 1376, 1312, 1312, 1376, 1377, 1312, 1377, 1313, 1313, 1377, 1378, 1313, 1378, 1314, 1314, 1378, 1379, 1314, 1379, 1315, 1315, 1379, 1380, 1315, 1380, 1316, 1316, 1380, 1381, 1316, 1381, 1317, 1317, 1381, 1382, 1317, 1382, 1318, 1318, 1382, 1383, 1318, 1383, 1319, 1319, 1383, 1384, 1319, 1384, 1320, 1320, 1384, 1385, 1320, 1385, 1321, 1321, 1385, 1386, 1321, 1386, 1322, 1322, 1386, 1387, 1322, 1387, 1323, 1323, 1387, 1388, 1323, 1388, 1324, 1324, 1388, 1389, 1324, 1389, 1325, 1325, 1389, 1390, 1325, 1390, 1326, 1326, 1390, 1391, 1326, 1391, 1327, 1327, 1391, 1392, 1327, 1392, 1328, 1328, 1392, 1393, 1328, 1393, 1329, 1329, 1393, 1394, 1329, 1394, 1330, 1330, 1394, 1395, 1330, 1395, 1331, 1331, 1395, 1396, 1331, 1396, 1332, 1332, 1396, 1397, 1332, 1397, 1333, 1333, 1397, 1398, 1333, 1398, 1334, 1334, 1398, 1399, 1334, 1399, 1335, 1335, 1399, 1400, 1335, 1400, 1336, 1336, 1400, 1401, 1336, 1401, 1337, 1337, 1401, 1402, 1337, 1402, 1338, 1338, 1402, 1403, 1338, 1403, 1339, 1339, 1403, 1404, 1339, 1404, 1340, 1340, 1404, 1405, 1340, 1405, 1341, 1341, 1405, 1406, 1341, 1406, 1342, 1342, 1406, 1407, 1342, 1407, 1343, 1343, 1407, 1408, 1343, 1408, 1344, 1344, 1408, 1409, 1344, 1409, 1345, 1345, 1409, 1410, 1345, 1410, 1346, 1346, 1410, 1347, 1346, 1347, 1283, 1347, 1411, 1412, 1347, 1412, 1348, 1348, 1412, 1413, 1348, 1413, 1349, 1349, 1413, 1414, 1349, 1414, 1350, 1350, 1414, 1415, 1350, 1415, 1351, 1351, 1415, 1416, 1351, 1416, 1352, 1352, 1416, 1417, 1352, 1417, 1353, 1353, 1417, 1418, 1353, 1418, 1354, 1354, 1418, 1419, 1354, 1419, 1355, 1355, 1419, 1420, 1355, 1420, 1356, 1356, 1420, 1421, 1356, 1421, 1357, 1357, 1421, 1422, 1357, 1422, 1358, 1358, 1422, 1423, 1358, 1423, 1359, 1359, 1423, 1424, 1359, 1424, 1360, 1360, 1424, 1425, 1360, 1425, 1361, 1361, 1425, 1426, 1361, 1426, 1362, 1362, 1426, 1427, 1362, 1427, 1363, 1363, 1427, 1428, 1363, 1428, 1364, 1364, 1428, 1429, 1364, 1429, 1365, 1365, 1429, 1430, 1365, 1430, 1366, 1366, 1430, 1431, 1366, 1431, 1367, 1367, 1431, 1432, 1367, 1432, 1368, 1368, 1432, 1433, 1368, 1433, 1369, 1369, 1433, 1434, 1369, 1434, 1370, 1370, 1434, 1435, 1370, 1435, 1371, 1371, 1435, 1436, 1371, 1436, 1372, 1372, 1436, 1437, 1372, 1437, 1373, 1373, 1437, 1438, 1373, 1438, 1374, 1374, 1438, 1439, 1374, 1439, 1375, 1375, 1439, 1440, 1375, 1440, 1376, 1376, 1440, 1441, 1376, 1441, 1377, 1377, 1441, 1442, 1377, 1442, 1378, 1378, 1442, 1443, 1378, 1443, 1379, 1379, 1443, 1444, 1379, 1444, 1380, 1380, 1444, 1445, 1380, 1445, 1381, 1381, 1445, 1446, 1381, 1446, 1382, 1382, 1446, 1447, 1382, 1447, 1383, 1383, 1447, 1448, 1383, 1448, 1384, 1384, 1448, 1449, 1384, 1449, 1385, 1385, 1449, 1450, 1385, 1450, 1386, 1386, 1450, 1451, 1386, 1451, 1387, 1387, 1451, 1452, 1387, 1452, 1388, 1388, 1452, 1453, 1388, 1453, 1389, 1389, 1453, 1454, 1389, 1454, 1390, 1390, 1454, 1455, 1390, 1455, 1391, 1391, 1455, 1456, 1391, 1456, 1392, 1392, 1456, 1457, 1392, 1457, 1393, 1393, 1457, 1458, 1393, 1458, 1394, 1394, 1458, 1459, 1394, 1459, 1395, 1395, 1459, 1460, 1395, 1460, 1396, 1396, 1460, 1461, 1396, 1461, 1397, 1397, 1461, 1462, 1397, 1462, 1398, 1398, 1462, 1463, 1398, 1463, 1399, 1399, 1463, 1464, 1399, 1464, 1400, 1400, 1464, 1465, 1400, 1465, 1401, 1401, 1465, 1466, 1401, 1466, 1402, 1402, 1466, 1467, 1402, 1467, 1403, 1403, 1467, 1468, 1403, 1468, 1404, 1404, 1468, 1469, 1404, 1469, 1405, 1405, 1469, 1470, 1405, 1470, 1406, 1406, 1470, 1471, 1406, 1471, 1407, 1407, 1471, 1472, 1407, 1472, 1408, 1408, 1472, 1473, 1408, 1473, 1409, 1409, 1473, 1474, 1409, 1474, 1410, 1410, 1474, 1411, 1410, 1411, 1347, 1411, 1475, 1476, 1411, 1476, 1412, 1412, 1476, 1477, 1412, 1477, 1413, 1413, 1477, 1478, 1413, 1478, 1414, 1414, 1478, 1479, 1414, 1479, 1415, 1415, 1479, 1480, 1415, 1480, 1416, 1416, 1480, 1481, 1416, 1481, 1417, 1417, 1481, 1482, 1417, 1482, 1418, 1418, 1482, 1483, 1418, 1483, 1419, 1419, 1483, 1484, 1419, 1484, 1420, 1420, 1484, 1485, 1420, 1485, 1421, 1421, 1485, 1486, 1421, 1486, 1422, 1422, 1486, 1487, 1422, 1487, 1423, 1423, 1487, 1488, 1423, 1488, 1424, 1424, 1488, 1489, 1424, 1489, 1425, 1425, 1489, 1490, 1425, 1490, 1426, 1426, 1490, 1491, 1426, 1491, 1427, 1427, 1491, 1492, 1427, 1492, 1428, 1428, 1492, 1493, 1428, 1493, 1429, 1429, 1493, 1494, 1429, 1494, 1430, 1430, 1494, 1495, 1430, 1495, 1431, 1431, 1495, 1496, 1431, 1496, 1432, 1432, 1496, 1497, 1432, 1497, 1433, 1433, 1497, 1498, 1433, 1498, 1434, 1434, 1498, 1499, 1434, 1499, 1435, 1435, 1499, 1500, 1435, 1500, 1436, 1436, 1500, 1501, 1436, 1501, 1437, 1437, 1501, 1502, 1437, 1502, 1438, 1438, 1502, 1503, 1438, 1503, 1439, 1439, 1503, 1504, 1439, 1504, 1440, 1440, 1504, 1505, 1440, 1505, 1441, 1441, 1505, 1506, 1441, 1506, 1442, 1442, 1506, 1507, 1442, 1507, 1443, 1443, 1507, 1508, 1443, 1508, 1444, 1444, 1508, 1509, 1444, 1509, 1445, 1445, 1509, 1510, 1445, 1510, 1446, 1446, 1510, 1511, 1446, 1511, 1447, 1447, 1511, 1512, 1447, 1512, 1448, 1448, 1512, 1513, 1448, 1513, 1449, 1449, 1513, 1514, 1449, 1514, 1450, 1450, 1514, 1515, 1450, 1515, 1451, 1451, 1515, 1516, 1451, 1516, 1452, 1452, 1516, 1517, 1452, 1517, 1453, 1453, 1517, 1518, 1453, 1518, 1454, 1454, 1518, 1519, 1454, 1519, 1455, 1455, 1519, 1520, 1455, 1520, 1456, 1456, 1520, 1521, 1456, 1521, 1457, 1457, 1521, 1522, 1457, 1522, 1458, 1458, 1522, 1523, 1458, 1523, 1459, 1459, 1523, 1524, 1459, 1524, 1460, 1460, 1524, 1525, 1460, 1525, 1461, 1461, 1525, 1526, 1461, 1526, 1462, 1462, 1526, 1527, 1462, 1527, 1463, 1463, 1527, 1528, 1463, 1528, 1464, 1464, 1528, 1529, 1464, 1529, 1465, 1465, 1529, 1530, 1465, 1530, 1466, 1466, 1530, 1531, 1466, 1531, 1467, 1467, 1531, 1532, 1467, 1532, 1468, 1468, 1532, 1533, 1468, 1533, 1469, 1469, 1533, 1534, 1469, 1534, 1470, 1470, 1534, 1535, 1470, 1535, 1471, 1471, 1535, 1536, 1471, 1536, 1472, 1472, 1536, 1537, 1472, 1537, 1473, 1473, 1537, 1538, 1473, 1538, 1474, 1474, 1538, 1475, 1474, 1475, 1411, 1539, 1540, 1541, 1539, 1541, 1542, 1539, 1542, 1543, 1539, 1543, 1544, 1539, 1544, 1545, 1539, 1545, 1546, 1539, 1546, 1547, 1539, 1547, 1548, 1539, 1548, 1549, 1539, 1549, 1550, 1539, 1550, 1551, 1539, 1551, 1552, 1539, 1552, 1553, 1539, 1553, 1554, 1539, 1554, 1555, 1539, 1555, 1556, 1539, 1556, 1557, 1539, 1557, 1558, 1539, 1558, 1559, 1539, 1559, 1560, 1539, 1560, 1561, 1539, 1561, 1562, 1539, 1562, 1563, 1539, 1563, 1564, 1539, 1564, 1565, 1539, 1565, 1566, 1539, 1566, 1567, 1539, 1567, 1568, 1539, 1568, 1569, 1539, 1569, 1570, 1539, 1570, 1571, 1539, 1571, 1572, 1539, 1572, 1573, 1539, 1573, 1574, 1539, 1574, 1575, 1539, 1575, 1576, 1539, 1576, 1577, 1539, 1577, 1578, 1539, 1578, 1579, 1539, 1579, 1580, 1539, 1580, 1581, 1539, 1581, 1582, 1539, 1582, 1583, 1539, 1583, 1584, 1539, 1584, 1585, 1539, 1585, 1586, 1539, 1586, 1587, 1539, 1587, 1588, 1539, 1588, 1589, 1539, 1589, 1590, 1539, 1590, 1591, 1539, 1591, 1592, 1539, 1592, 1593, 1539, 1593, 1594, 1539, 1594, 1595, 1539, 1595, 1596, 1539, 1596, 1597, 1539, 1597, 1598, 1539, 1598, 1599, 1539, 1599, 1600, 1539, 1600, 1601, 1539, 1601, 1602, 1539, 1602, 1603, 1539, 1603, 1540, 1540, 1604, 1605, 1540, 1605, 1541, 1541, 1605, 1606, 1541, 1606, 1542, 1542, 1606, 1607, 1542, 1607, 1543, 1543, 1607, 1608, 1543, 1608, 1544, 1544, 1608, 1609, 1544, 1609, 1545, 1545, 1609, 1610, 1545, 1610, 1546, 1546, 1610, 1611, 1546, 1611, 1547, 1547, 1611, 1612, 1547, 1612, 1548, 1548, 1612, 1613, 1548, 1613, 1549, 1549, 1613, 1614, 1549, 1614, 1550, 1550, 1614, 1615, 1550, 1615, 1551, 1551, 1615, 1616, 1551, 1616, 1552, 1552, 1616, 1617, 1552, 1617, 1553, 1553, 1617, 1618, 1553, 1618, 1554, 1554, 1618, 1619, 1554, 1619, 1555, 1555, 1619, 1620, 1555, 1620, 1556, 1556, 1620, 1621, 1556, 1621, 1557, 1557, 1621, 1622, 1557, 1622, 1558, 1558, 1622, 1623, 1558, 1623, 1559, 1559, 1623, 1624, 1559, 1624, 1560, 1560, 1624, 1625, 1560, 1625, 1561, 1561, 1625, 1626, 1561, 1626, 1562, 1562, 1626, 1627, 1562, 1627, 1563, 1563, 1627, 1628, 1563, 1628, 1564, 1564, 1628, 1629, 1564, 1629, 1565, 1565, 1629, 1630, 1565, 1630, 1566, 1566, 1630, 1631, 1566, 1631, 1567, 1567, 1631, 1632, 1567, 1632, 1568, 1568, 1632, 1633, 1568, 1633, 1569, 1569, 1633, 1634, 1569, 1634, 1570, 1570, 1634, 1635, 1570, 1635, 1571, 1571, 1635, 1636, 1571, 1636, 1572, 1572, 1636, 1637, 1572, 1637, 1573, 1573, 1637, 1638, 1573, 1638, 1574, 1574, 1638, 1639, 1574, 1639, 1575, 1575, 1639, 1640, 1575, 1640, 1576, 1576, 1640, 1641, 1576, 1641, 1577, 1577, 1641, 1642, 1577, 1642, 1578, 1578, 1642, 1643, 1578, 1643, 1579, 1579, 1643, 1644, 1579, 1644, 1580, 1580, 1644, 1645, 1580, 1645, 1581, 1581, 1645, 1646, 1581, 1646, 1582, 1582, 1646, 1647, 1582, 1647, 1583, 1583, 1647, 1648, 1583, 1648, 1584, 1584, 1648, 1649, 1584, 1649, 1585, 1585, 1649, 1650, 1585, 1650, 1586, 1586, 1650, 1651, 1586, 1651, 1587, 1587, 1651, 1652, 1587, 1652, 1588, 1588, 1652, 1653, 1588, 1653, 1589, 1589, 1653, 1654, 1589, 1654, 1590, 1590, 1654, 1655, 1590, 1655, 1591, 1591, 1655, 1656, 1591, 1656, 1592, 1592, 1656, 1657, 1592, 1657, 1593, 1593, 1657, 1658, 1593, 1658, 1594, 1594, 1658, 1659, 1594, 1659, 1595, 1595, 1659, 1660, 1595, 1660, 1596, 1596, 1660, 1661, 1596, 1661, 1597, 1597, 1661, 1662, 1597, 1662, 1598, 1598, 1662, 1663, 1598, 1663, 1599, 1599, 1663, 1664, 1599, 1664, 1600, 1600, 1664, 1665, 1600, 1665, 1601, 1601, 1665, 1666, 1601, 1666, 1602, 1602, 1666, 1667, 1602, 1667, 1603, 1603, 1667, 1604, 1603, 1604, 1540, 1604, 1668, 1669, 1604, 1669, 1605, 1605, 1669, 1670, 1605, 1670, 1606, 1606, 1670, 1671, 1606, 1671, 1607, 1607, 1671, 1672, 1607, 1672, 1608, 1608, 1672, 1673, 1608, 1673, 1609, 1609, 1673, 1674, 1609, 1674, 1610, 1610, 1674, 1675, 1610, 1675, 1611, 1611, 1675, 1676, 1611, 1676, 1612, 1612, 1676, 1677, 1612, 1677, 1613, 1613, 1677, 1678, 1613, 1678, 1614, 1614, 1678, 1679, 1614, 1679, 1615, 1615, 1679, 1680, 1615, 1680, 1616, 1616, 1680, 1681, 1616, 1681, 1617, 1617, 1681, 1682, 1617, 1682, 1618, 1618, 1682, 1683, 1618, 1683, 1619, 1619, 1683, 1684, 1619, 1684, 1620, 1620, 1684, 1685, 1620, 1685, 1621, 1621, 1685, 1686, 1621, 1686, 1622, 1622, 1686, 1687, 1622, 1687, 1623, 1623, 1687, 1688, 1623, 1688, 1624, 1624, 1688, 1689, 1624, 1689, 1625, 1625, 1689, 1690, 1625, 1690, 1626, 1626, 1690, 1691, 1626, 1691, 1627, 1627, 1691, 1692, 1627, 1692, 1628, 1628, 1692, 1693, 1628, 1693, 1629, 1629, 1693, 1694, 1629, 1694, 1630, 1630, 1694, 1695, 1630, 1695, 1631, 1631, 1695, 1696, 1631, 1696, 1632, 1632, 1696, 1697, 1632, 1697, 1633, 1633, 1697, 1698, 1633, 1698, 1634, 1634, 1698, 1699, 1634, 1699, 1635, 1635, 1699, 1700, 1635, 1700, 1636, 1636, 1700, 1701, 1636, 1701, 1637, 1637, 1701, 1702, 1637, 1702, 1638, 1638, 1702, 1703, 1638, 1703, 1639, 1639, 1703, 1704, 1639, 1704, 1640, 1640, 1704, 1705, 1640, 1705, 1641, 1641, 1705, 1706, 1641, 1706, 1642, 1642, 1706, 1707, 1642, 1707, 1643, 1643, 1707, 1708, 1643, 1708, 1644, 1644, 1708, 1709, 1644, 1709, 1645, 1645, 1709, 1710, 1645, 1710, 1646, 1646, 1710, 1711, 1646, 1711, 1647, 1647, 1711, 1712, 1647, 1712, 1648, 1648, 1712, 1713, 1648, 1713, 1649, 1649, 1713, 1714, 1649, 1714, 1650, 1650, 1714, 1715, 1650, 1715, 1651, 1651, 1715, 1716, 1651, 1716, 1652, 1652, 1716, 1717, 1652, 1717, 1653, 1653, 1717, 1718, 1653, 1718, 1654, 1654, 1718, 1719, 1654, 1719, 1655, 1655, 1719, 1720, 1655, 1720, 1656, 1656, 1720, 1721, 1656, 1721, 1657, 1657, 1721, 1722, 1657, 1722, 1658, 1658, 1722, 1723, 1658, 1723, 1659, 1659, 1723, 1724, 1659, 1724, 1660, 1660, 1724, 1725, 1660, 1725, 1661, 1661, 1725, 1726, 1661, 1726, 1662, 1662, 1726, 1727, 1662, 1727, 1663, 1663, 1727, 1728, 1663, 1728, 1664, 1664, 1728, 1729, 1664, 1729, 1665, 1665, 1729, 1730, 1665, 1730, 1666, 1666, 1730, 1731, 1666, 1731, 1667, 1667, 1731, 1668, 1667, 1668, 1604, 1668, 1732, 1733, 1668, 1733, 1669, 1669, 1733, 1734, 1669, 1734, 1670, 1670, 1734, 1735, 1670, 1735, 1671, 1671, 1735, 1736, 1671, 1736, 1672, 1672, 1736, 1737, 1672, 1737, 1673, 1673, 1737, 1738, 1673, 1738, 1674, 1674, 1738, 1739, 1674, 1739, 1675, 1675, 1739, 1740, 1675, 1740, 1676, 1676, 1740, 1741, 1676, 1741, 1677, 1677, 1741, 1742, 1677, 1742, 1678, 1678, 1742, 1743, 1678, 1743, 1679, 1679, 1743, 1744, 1679, 1744, 1680, 1680, 1744, 1745, 1680, 1745, 1681, 1681, 1745, 1746, 1681, 1746, 1682, 1682, 1746, 1747, 1682, 1747, 1683, 1683, 1747, 1748, 1683, 1748, 1684, 1684, 1748, 1749, 1684, 1749, 1685, 1685, 1749, 1750, 1685, 1750, 1686, 1686, 1750, 1751, 1686, 1751, 1687, 1687, 1751, 1752, 1687, 1752, 1688, 1688, 1752, 1753, 1688, 1753, 1689, 1689, 1753, 1754, 1689, 1754, 1690, 1690, 1754, 1755, 1690, 1755, 1691, 1691, 1755, 1756, 1691, 1756, 1692, 1692, 1756, 1757, 1692, 1757, 1693, 1693, 1757, 1758, 1693, 1758, 1694, 1694, 1758, 1759, 1694, 1759, 1695, 1695, 1759, 1760, 1695, 1760, 1696, 1696, 1760, 1761, 1696, 1761, 1697, 1697, 1761, 1762, 1697, 1762, 1698, 1698, 1762, 1763, 1698, 1763, 1699, 1699, 1763, 1764, 1699, 1764, 1700, 1700, 1764, 1765, 1700, 1765, 1701, 1701, 1765, 1766, 1701, 1766, 1702, 1702, 1766, 1767, 1702, 1767, 1703, 1703, 1767, 1768, 1703, 1768, 1704, 1704, 1768, 1769, 1704, 1769, 1705, 1705, 1769, 1770, 1705, 1770, 1706, 1706, 1770, 1771, 1706, 1771, 1707, 1707, 1771, 1772, 1707, 1772, 1708, 1708, 1772, 1773, 1708, 1773, 1709, 1709, 1773, 1774, 1709, 1774, 1710, 1710, 1774, 1775, 1710, 1775, 1711, 1711, 1775, 1776, 1711, 1776, 1712, 1712, 1776, 1777, 1712, 1777, 1713, 1713, 1777, 1778, 1713, 1778, 1714, 1714, 1778, 1779, 1714, 1779, 1715, 1715, 1779, 1780, 1715, 1780, 1716, 1716, 1780, 1781, 1716, 1781, 1717, 1717, 1781, 1782, 1717, 1782, 1718, 1718, 1782, 1783, 1718, 1783, 1719, 1719, 1783, 1784, 1719, 1784, 1720, 1720, 1784, 1785, 1720, 1785, 1721, 1721, 1785, 1786, 1721, 1786, 1722, 1722, 1786, 1787, 1722, 1787, 1723, 1723, 1787, 1788, 1723, 1788, 1724, 1724, 1788, 1789, 1724, 1789, 1725, 1725, 1789, 1790, 1725, 1790, 1726, 1726, 1790, 1791, 1726, 1791, 1727, 1727, 1791, 1792, 1727, 1792, 1728, 1728, 1792, 1793, 1728, 1793, 1729, 1729, 1793, 1794, 1729, 1794, 1730, 1730, 1794, 1795, 1730, 1795, 1731, 1731, 1795, 1732, 1731, 1732, 1668, 1732, 1796, 1797, 1732, 1797, 1733, 1733, 1797, 1798, 1733, 1798, 1734, 1734, 1798, 1799, 1734, 1799, 1735, 1735, 1799, 1800, 1735, 1800, 1736, 1736, 1800, 1801, 1736, 1801, 1737, 1737, 1801, 1802, 1737, 1802, 1738, 1738, 1802, 1803, 1738, 1803, 1739, 1739, 1803, 1804, 1739, 1804, 1740, 1740, 1804, 1805, 1740, 1805, 1741, 1741, 1805, 1806, 1741, 1806, 1742, 1742, 1806, 1807, 1742, 1807, 1743, 1743, 1807, 1808, 1743, 1808, 1744, 1744, 1808, 1809, 1744, 1809, 1745, 1745, 1809, 1810, 1745, 1810, 1746, 1746, 1810, 1811, 1746, 1811, 1747, 1747, 1811, 1812, 1747, 1812, 1748, 1748, 1812, 1813, 1748, 1813, 1749, 1749, 1813, 1814, 1749, 1814, 1750, 1750, 1814, 1815, 1750, 1815, 1751, 1751, 1815, 1816, 1751, 1816, 1752, 1752, 1816, 1817, 1752, 1817, 1753, 1753, 1817, 1818, 1753, 1818, 1754, 1754, 1818, 1819, 1754, 1819, 1755, 1755, 1819, 1820, 1755, 1820, 1756, 1756, 1820, 1821, 1756, 1821, 1757, 1757, 1821, 1822, 1757, 1822, 1758, 1758, 1822, 1823, 1758, 1823, 1759, 1759, 1823, 1824, 1759, 1824, 1760, 1760, 1824, 1825, 1760, 1825, 1761, 1761, 1825, 1826, 1761, 1826, 1762, 1762, 1826, 1827, 1762, 1827, 1763, 1763, 1827, 1828, 1763, 1828, 1764, 1764, 1828, 1829, 1764, 1829, 1765, 1765, 1829, 1830, 1765, 1830, 1766, 1766, 1830, 1831, 1766, 1831, 1767, 1767, 1831, 1832, 1767, 1832, 1768, 1768, 1832, 1833, 1768, 1833, 1769, 1769, 1833, 1834, 1769, 1834, 1770, 1770, 1834, 1835, 1770, 1835, 1771, 1771, 1835, 1836, 1771, 1836, 1772, 1772, 1836, 1837, 1772, 1837, 1773, 1773, 1837, 1838, 1773, 1838, 1774, 1774, 1838, 1839, 1774, 1839, 1775, 1775, 1839, 1840, 1775, 1840, 1776, 1776, 1840, 1841, 1776, 1841, 1777, 1777, 1841, 1842, 1777, 1842, 1778, 1778, 1842, 1843, 1778, 1843, 1779, 1779, 1843, 1844, 1779, 1844, 1780, 1780, 1844, 1845, 1780, 1845, 1781, 1781, 1845, 1846, 1781, 1846, 1782, 1782, 1846, 1847, 1782, 1847, 1783, 1783, 1847, 1848, 1783, 1848, 1784, 1784, 1848, 1849, 1784, 1849, 1785, 1785, 1849, 1850, 1785, 1850, 1786, 1786, 1850, 1851, 1786, 1851, 1787, 1787, 1851, 1852, 1787, 1852, 1788, 1788, 1852, 1853, 1788, 1853, 1789, 1789, 1853, 1854, 1789, 1854, 1790, 1790, 1854, 1855, 1790, 1855, 1791, 1791, 1855, 1856, 1791, 1856, 1792, 1792, 1856, 1857, 1792, 1857, 1793, 1793, 1857, 1858, 1793, 1858, 1794, 1794, 1858, 1859, 1794, 1859, 1795, 1795, 1859, 1796, 1795, 1796, 1732, 1796, 1860, 1861, 1796, 1861, 1797, 1797, 1861, 1862, 1797, 1862, 1798, 1798, 1862, 1863, 1798, 1863, 1799, 1799, 1863, 1864, 1799, 1864, 1800, 1800, 1864, 1865, 1800, 1865, 1801, 1801, 1865, 1866, 1801, 1866, 1802, 1802, 1866, 1867, 1802, 1867, 1803, 1803, 1867, 1868, 1803, 1868, 1804, 1804, 1868, 1869, 1804, 1869, 1805, 1805, 1869, 1870, 1805, 1870, 1806, 1806, 1870, 1871, 1806, 1871, 1807, 1807, 1871, 1872, 1807, 1872, 1808, 1808, 1872, 1873, 1808, 1873, 1809, 1809, 1873, 1874, 1809, 1874, 1810, 1810, 1874, 1875, 1810, 1875, 1811, 1811, 1875, 1876, 1811, 1876, 1812, 1812, 1876, 1877, 1812, 1877, 1813, 1813, 1877, 1878, 1813, 1878, 1814, 1814, 1878, 1879, 1814, 1879, 1815, 1815, 1879, 1880, 1815, 1880, 1816, 1816, 1880, 1881, 1816, 1881, 1817, 1817, 1881, 1882, 1817, 1882, 1818, 1818, 1882, 1883, 1818, 1883, 1819, 1819, 1883, 1884, 1819, 1884, 1820, 1820, 1884, 1885, 1820, 1885, 1821, 1821, 1885, 1886, 1821, 1886, 1822, 1822, 1886, 1887, 1822, 1887, 1823, 1823, 1887, 1888, 1823, 1888, 1824, 1824, 1888, 1889, 1824, 1889, 1825, 1825, 1889, 1890, 1825, 1890, 1826, 1826, 1890, 1891, 1826, 1891, 1827, 1827, 1891, 1892, 1827, 1892, 1828, 1828, 1892, 1893, 1828, 1893, 1829, 1829, 1893, 1894, 1829, 1894, 1830, 1830, 1894, 1895, 1830, 1895, 1831, 1831, 1895, 1896, 1831, 1896, 1832, 1832, 1896, 1897, 1832, 1897, 1833, 1833, 1897, 1898, 1833, 1898, 1834, 1834, 1898, 1899, 1834, 1899, 1835, 1835, 1899, 1900, 1835, 1900, 1836, 1836, 1900, 1901, 1836, 1901, 1837, 1837, 1901, 1902, 1837, 1902, 1838, 1838, 1902, 1903, 1838, 1903, 1839, 1839, 1903, 1904, 1839, 1904, 1840, 1840, 1904, 1905, 1840, 1905, 1841, 1841, 1905, 1906, 1841, 1906, 1842, 1842, 1906, 1907, 1842, 1907, 1843, 1843, 1907, 1908, 1843, 1908, 1844, 1844, 1908, 1909, 1844, 1909, 1845, 1845, 1909, 1910, 1845, 1910, 1846, 1846, 1910, 1911, 1846, 1911, 1847, 1847, 1911, 1912, 1847, 1912, 1848, 1848, 1912, 1913, 1848, 1913, 1849, 1849, 1913, 1914, 1849, 1914, 1850, 1850, 1914, 1915, 1850, 1915, 1851, 1851, 1915, 1916, 1851, 1916, 1852, 1852, 1916, 1917, 1852, 1917, 1853, 1853, 1917, 1918, 1853, 1918, 1854, 1854, 1918, 1919, 1854, 1919, 1855, 1855, 1919, 1920, 1855, 1920, 1856, 1856, 1920, 1921, 1856, 1921, 1857, 1857, 1921, 1922, 1857, 1922, 1858, 1858, 1922, 1923, 1858, 1923, 1859, 1859, 1923, 1860, 1859, 1860, 1796, 1860, 1924, 1925, 1860, 1925, 1861, 1861, 1925, 1926, 1861, 1926, 1862, 1862, 1926, 1927, 1862, 1927, 1863, 1863, 1927, 1928, 1863, 1928, 1864, 1864, 1928, 1929, 1864, 1929, 1865, 1865, 1929, 1930, 1865, 1930, 1866, 1866, 1930, 1931, 1866, 1931, 1867, 1867, 1931, 1932, 1867, 1932, 1868, 1868, 1932, 1933, 1868, 1933, 1869, 1869, 1933, 1934, 1869, 1934, 1870, 1870, 1934, 1935, 1870, 1935, 1871, 1871, 1935, 1936, 1871, 1936, 1872, 1872, 1936, 1937, 1872, 1937, 1873, 1873, 1937, 1938, 1873, 1938, 1874, 1874, 1938, 1939, 1874, 1939, 1875, 1875, 1939, 1940, 1875, 1940, 1876, 1876, 1940, 1941, 1876, 1941, 1877, 1877, 1941, 1942, 1877, 1942, 1878, 1878, 1942, 1943, 1878, 1943, 1879, 1879, 1943, 1944, 1879, 1944, 1880, 1880, 1944, 1945, 1880, 1945, 1881, 1881, 1945, 1946, 1881, 1946, 1882, 1882, 1946, 1947, 1882, 1947, 1883, 1883, 1947, 1948, 1883, 1948, 1884, 1884, 1948, 1949, 1884, 1949, 1885, 1885, 1949, 1950, 1885, 1950, 1886, 1886, 1950, 1951, 1886, 1951, 1887, 1887, 1951, 1952, 1887, 1952, 1888, 1888, 1952, 1953, 1888, 1953, 1889, 1889, 1953, 1954, 1889, 1954, 1890, 1890, 1954, 1955, 1890, 1955, 1891, 1891, 1955, 1956, 1891, 1956, 1892, 1892, 1956, 1957, 1892, 1957, 1893, 1893, 1957, 1958, 1893, 1958, 1894, 1894, 1958, 1959, 1894, 1959, 1895, 1895, 1959, 1960, 1895, 1960, 1896, 1896, 1960, 1961, 1896, 1961, 1897, 1897, 1961, 1962, 1897, 1962, 1898, 1898, 1962, 1963, 1898, 1963, 1899, 1899, 1963, 1964, 1899, 1964, 1900, 1900, 1964, 1965, 1900, 1965, 1901, 1901, 1965, 1966, 1901, 1966, 1902, 1902, 1966, 1967, 1902, 1967, 1903, 1903, 1967, 1968, 1903, 1968, 1904, 1904, 1968, 1969, 1904, 1969, 1905, 1905, 1969, 1970, 1905, 1970, 1906, 1906, 1970, 1971, 1906, 1971, 1907, 1907, 1971, 1972, 1907, 1972, 1908, 1908, 1972, 1973, 1908, 1973, 1909, 1909, 1973, 1974, 1909, 1974, 1910, 1910, 1974, 1975, 1910, 1975, 1911, 1911, 1975, 1976, 1911, 1976, 1912, 1912, 1976, 1977, 1912, 1977, 1913, 1913, 1977, 1978, 1913, 1978, 1914, 1914, 1978, 1979, 1914, 1979, 1915, 1915, 1979, 1980, 1915, 1980, 1916, 1916, 1980, 1981, 1916, 1981, 1917, 1917, 1981, 1982, 1917, 1982, 1918, 1918, 1982, 1983, 1918, 1983, 1919, 1919, 1983, 1984, 1919, 1984, 1920, 1920, 1984, 1985, 1920, 1985, 1921, 1921, 1985, 1986, 1921, 1986, 1922, 1922, 1986, 1987, 1922, 1987, 1923, 1923, 1987, 1924, 1923, 1924, 1860, 1924, 1988, 1989, 1924, 1989, 1925, 1925, 1989, 1990, 1925, 1990, 1926, 1926, 1990, 1991, 1926, 1991, 1927, 1927, 1991, 1992, 1927, 1992, 1928, 1928, 1992, 1993, 1928, 1993, 1929, 1929, 1993, 1994, 1929, 1994, 1930, 1930, 1994, 1995, 1930, 1995, 1931, 1931, 1995, 1996, 1931, 1996, 1932, 1932, 1996, 1997, 1932, 1997, 1933, 1933, 1997, 1998, 1933, 1998, 1934, 1934, 1998, 1999, 1934, 1999, 1935, 1935, 1999, 2000, 1935, 2000, 1936, 1936, 2000, 2001, 1936, 2001, 1937, 1937, 2001, 2002, 1937, 2002, 1938, 1938, 2002, 2003, 1938, 2003, 1939, 1939, 2003, 2004, 1939, 2004, 1940, 1940, 2004, 2005, 1940, 2005, 1941, 1941, 2005, 2006, 1941, 2006, 1942, 1942, 2006, 2007, 1942, 2007, 1943, 1943, 2007, 2008, 1943, 2008, 1944, 1944, 2008, 2009, 1944, 2009, 1945, 1945, 2009, 2010, 1945, 2010, 1946, 1946, 2010, 2011, 1946, 2011, 1947, 1947, 2011, 2012, 1947, 2012, 1948, 1948, 2012, 2013, 1948, 2013, 1949, 1949, 2013, 2014, 1949, 2014, 1950, 1950, 2014, 2015, 1950, 2015, 1951, 1951, 2015, 2016, 1951, 2016, 1952, 1952, 2016, 2017, 1952, 2017, 1953, 1953, 2017, 2018, 1953, 2018, 1954, 1954, 2018, 2019, 1954, 2019, 1955, 1955, 2019, 2020, 1955, 2020, 1956, 1956, 2020, 2021, 1956, 2021, 1957, 1957, 2021, 2022, 1957, 2022, 1958, 1958, 2022, 2023, 1958, 2023, 1959, 1959, 2023, 2024, 1959, 2024, 1960, 1960, 2024, 2025, 1960, 2025, 1961, 1961, 2025, 2026, 1961, 2026, 1962, 1962, 2026, 2027, 1962, 2027, 1963, 1963, 2027, 2028, 1963, 2028, 1964, 1964, 2028, 2029, 1964, 2029, 1965, 1965, 2029, 2030, 1965, 2030, 1966, 1966, 2030, 2031, 1966, 2031, 1967, 1967, 2031, 2032, 1967, 2032, 1968, 1968, 2032, 2033, 1968, 2033, 1969, 1969, 2033, 2034, 1969, 2034, 1970, 1970, 2034, 2035, 1970, 2035, 1971, 1971, 2035, 2036, 1971, 2036, 1972, 1972, 2036, 2037, 1972, 2037, 1973, 1973, 2037, 2038, 1973, 2038, 1974, 1974, 2038, 2039, 1974, 2039, 1975, 1975, 2039, 2040, 1975, 2040, 1976, 1976, 2040, 2041, 1976, 2041, 1977, 1977, 2041, 2042, 1977, 2042, 1978, 1978, 2042, 2043, 1978, 2043, 1979, 1979, 2043, 2044, 1979, 2044, 1980, 1980, 2044, 2045, 1980, 2045, 1981, 1981, 2045, 2046, 1981, 2046, 1982, 1982, 2046, 2047, 1982, 2047, 1983, 1983, 2047, 2048, 1983, 2048, 1984, 1984, 2048, 2049, 1984, 2049, 1985, 1985, 2049, 2050, 1985, 2050, 1986, 1986, 2050, 2051, 1986, 2051, 1987, 1987, 2051, 1988, 1987, 1988, 1924]
        rel material:binding = </Prop/Materials/TomatoRed>
        point3f[] points = [(2.0133194e-18, -0.03288, 0.0459), (0.0019007397, -0.032825015, 0.0459), (0.0018855203, -0.03282589, 0.046051912), (0.0018417139, -0.03282838, 0.046199664), (0.001774336, -0.03283209, 0.04634026), (0.0016901179, -0.032836534, 0.046472605), (0.0015956135, -0.03284126, 0.046597555), (0.0014954602, -0.032845974, 0.046717223), (0.0013913361, -0.03285055, 0.04683381), (0.0012819226, -0.032855, 0.046948325), (0.0011638452, -0.032859396, 0.047059674), (0.0010332492, -0.032863762, 0.047164466), (0.000887467, -0.03286802, 0.0472576), (0.0007262194, -0.03287198, 0.047333516), (0.0005519651, -0.032875367, 0.047387704), (0.0003693119, -0.032877926, 0.047417972), (0.00018372417, -0.032879487, 0.047425084), (2.0133194e-18, -0.03288, 0.0474125), (-0.00017893741, -0.032879513, 0.04738535), (-0.00035250778, -0.032878112, 0.0473489), (-0.00052204035, -0.032875855, 0.04730704), (-0.0006895997, -0.032872766, 0.04726122), (-0.0008564962, -0.032868844, 0.047210213), (-0.0010220258, -0.032864112, 0.047150727), (-0.0011829115, -0.032858714, 0.04707868), (-0.0013336815, -0.03285294, 0.046990674), (-0.0014678991, -0.03284722, 0.04688523), (-0.0015798528, -0.03284202, 0.046763375), (-0.0016661542, -0.032837756, 0.04662842), (-0.0017266965, -0.03283463, 0.04648501), (-0.0017646328, -0.03283261, 0.04633785), (-0.0017853488, -0.032831494, 0.046190485), (-0.0017947358, -0.03283098, 0.04604459), (-0.0017973038, -0.03283084, 0.0459), (-0.0017947358, -0.03283098, 0.04575541), (-0.0017853488, -0.032831494, 0.045609515), (-0.0017646328, -0.03283261, 0.04546215), (-0.0017266965, -0.03283463, 0.04531499), (-0.0016661542, -0.032837756, 0.04517158), (-0.0015798528, -0.03284202, 0.045036625), (-0.0014678991, -0.03284722, 0.04491477), (-0.0013336815, -0.03285294, 0.044809327), (-0.0011829115, -0.032858714, 0.04472132), (-0.0010220258, -0.032864112, 0.044649273), (-0.0008564962, -0.032868844, 0.044589788), (-0.0006895997, -0.032872766, 0.04453878), (-0.00052204035, -0.032875855, 0.04449296), (-0.00035250778, -0.032878112, 0.0444511), (-0.00017893741, -0.032879513, 0.04441465), (2.0133194e-18, -0.03288, 0.0443875), (0.00018372417, -0.032879487, 0.044374917), (0.0003693119, -0.032877926, 0.044382025), (0.0005519651, -0.032875367, 0.044412296), (0.0007262194, -0.03287198, 0.044466484), (0.000887467, -0.03286802, 0.0445424), (0.0010332492, -0.032863762, 0.044635534), (0.0011638452, -0.032859396, 0.044740323), (0.0012819226, -0.032855, 0.044851676), (0.0013913361, -0.03285055, 0.04496619), (0.0014954602, -0.032845974, 0.045082778), (0.0015956135, -0.03284126, 0.045202445), (0.0016901179, -0.032836534, 0.04532739), (0.001774336, -0.03283209, 0.04545974), (0.0018417139, -0.03282838, 0.045600336), (0.0018855203, -0.03282589, 0.04574809), (0.0037951223, -0.032660242, 0.0459), (0.003764835, -0.032663748, 0.046203822), (0.003677645, -0.03267368, 0.046499327), (0.003543501, -0.0326885, 0.046780523), (0.0033757673, -0.032706246, 0.047045212), (0.003187467, -0.032725137, 0.047295112), (0.002987825, -0.032743964, 0.047534447), (0.0027801797, -0.032762248, 0.04776762), (0.0025618959, -0.03278004, 0.047996648), (0.0023262317, -0.03279761, 0.04821935), (0.002065478, -0.03281506, 0.048428934), (0.0017742873, -0.032832094, 0.0486152), (0.0014520844, -0.03284792, 0.04876703), (0.0011037745, -0.032861467, 0.048875406), (0.0007385772, -0.032871705, 0.048935946), (0.0003674426, -0.032877948, 0.04895017), (2.0133194e-18, -0.03288, 0.048925), (-0.00035786952, -0.032878052, 0.048870698), (-0.00070497504, -0.032872442, 0.048797805), (-0.0010439492, -0.032863423, 0.048714083), (-0.0013788961, -0.032851074, 0.04862244), (-0.0017124112, -0.03283538, 0.048520423), (-0.002043064, -0.032816462, 0.048401456), (-0.0023642913, -0.032794885, 0.048257362), (-0.002665168, -0.032771807, 0.04808135), (-0.002932871, -0.032748934, 0.04787046), (-0.0031560562, -0.03272818, 0.047626752), (-0.0033280274, -0.03271114, 0.04735684), (-0.003448628, -0.032698646, 0.047070023), (-0.003524179, -0.03269059, 0.046775702), (-0.0035654297, -0.032686114, 0.04648097), (-0.0035841202, -0.03268407, 0.04618918), (-0.0035892332, -0.03268351, 0.0459), (-0.0035841202, -0.03268407, 0.04561082), (-0.0035654297, -0.032686114, 0.045319032), (-0.003524179, -0.03269059, 0.045024298), (-0.003448628, -0.032698646, 0.044729978), (-0.0033280274, -0.03271114, 0.04444316), (-0.0031560562, -0.03272818, 0.044173248), (-0.002932871, -0.032748934, 0.04392954), (-0.002665168, -0.032771807, 0.04371865), (-0.0023642913, -0.032794885, 0.04354264), (-0.002043064, -0.032816462, 0.043398544), (-0.0017124112, -0.03283538, 0.043279577), (-0.0013788961, -0.032851074, 0.04317756), (-0.0010439492, -0.032863423, 0.043085918), (-0.00070497504, -0.032872442, 0.043002196), (-0.00035786952, -0.032878052, 0.042929303), (2.0133194e-18, -0.03288, 0.042875), (0.0003674426, -0.032877948, 0.04284983), (0.0007385772, -0.032871705, 0.04286405), (0.0011037745, -0.032861467, 0.042924594), (0.0014520844, -0.03284792, 0.04303297), (0.0017742873, -0.032832094, 0.0431848), (0.002065478, -0.03281506, 0.043371066), (0.0023262317, -0.03279761, 0.04358065), (0.0025618959, -0.03278004, 0.043803353), (0.0027801797, -0.032762248, 0.04403238), (0.002987825, -0.032743964, 0.044265553), (0.003187467, -0.032725137, 0.04450489), (0.0033757673, -0.032706246, 0.04475479), (0.003543501, -0.0326885, 0.045019478), (0.003677645, -0.03267368, 0.04530067), (0.003764835, -0.032663748, 0.045596175), (0.0056768116, -0.032386236, 0.0459), (0.005631759, -0.0323941, 0.046355736), (0.0055020284, -0.032416385, 0.046798993), (0.00530234, -0.032449648, 0.04722078), (0.005052491, -0.032489486, 0.04761782), (0.00477181, -0.032531895, 0.047992665), (0.004474006, -0.032574188, 0.04835167), (0.004164043, -0.03261526, 0.04870143), (0.0038379733, -0.032655235, 0.04904497), (0.0034857027, -0.032694712, 0.049379025), (0.0030956662, -0.032733947, 0.049693402), (0.002659815, -0.03277224, 0.0499728), (0.002177241, -0.032807834, 0.050200548), (0.001655273, -0.032838307, 0.050363112), (0.0011077493, -0.032861333, 0.05045392), (0.00055114954, -0.03287538, 0.050475255), (2.0133194e-18, -0.03288, 0.0504375), (-0.00053679105, -0.032875616, 0.05035605), (-0.0010573613, -0.032862995, 0.050246704), (-0.0015655947, -0.032842707, 0.05012112), (-0.0020675857, -0.032814927, 0.049983658), (-0.002567164, -0.03277963, 0.049830634), (-0.0030621276, -0.032737102, 0.049652185), (-0.0035426102, -0.032688595, 0.049436044), (-0.0039922674, -0.032636732, 0.04917202), (-0.0043919943, -0.032585345, 0.04885569), (-0.0047249687, -0.03253873, 0.04849013), (-0.004981349, -0.032500472, 0.048085257), (-0.005161042, -0.03247242, 0.04765503), (-0.005273567, -0.032454334, 0.04721355), (-0.0053349906, -0.032444295, 0.04677145), (-0.005362818, -0.03243971, 0.04633377), (-0.0053704297, -0.032438446, 0.0459), (-0.005362818, -0.03243971, 0.04546623), (-0.0053349906, -0.032444295, 0.04502855), (-0.005273567, -0.032454334, 0.04458645), (-0.005161042, -0.03247242, 0.04414497), (-0.004981349, -0.032500472, 0.04371474), (-0.0047249687, -0.03253873, 0.04330987), (-0.0043919943, -0.032585345, 0.042944312), (-0.0039922674, -0.032636732, 0.04262798), (-0.0035426102, -0.032688595, 0.042363957), (-0.0030621276, -0.032737102, 0.042147815), (-0.002567164, -0.03277963, 0.041969366), (-0.0020675857, -0.032814927, 0.04181634), (-0.0015655947, -0.032842707, 0.041678876), (-0.0010573613, -0.032862995, 0.041553296), (-0.00053679105, -0.032875616, 0.04144395), (2.0133194e-18, -0.03288, 0.0413625), (0.00055114954, -0.03287538, 0.041324746), (0.0011077493, -0.032861333, 0.041346077), (0.001655273, -0.032838307, 0.04143689), (0.002177241, -0.032807834, 0.041599452), (0.002659815, -0.03277224, 0.041827198), (0.0030956662, -0.032733947, 0.0421066), (0.0034857027, -0.032694712, 0.042420976), (0.0038379733, -0.032655235, 0.042755026), (0.004164043, -0.03261526, 0.04309857), (0.004474006, -0.032574188, 0.04344833), (0.00477181, -0.032531895, 0.043807335), (0.005052491, -0.032489486, 0.04418218), (0.00530234, -0.032449648, 0.04457922), (0.0055020284, -0.032416385, 0.045001008), (0.005631759, -0.0323941, 0.045444265), (0.0075395145, -0.03200391, 0.0459), (0.0074801473, -0.032017834, 0.046507645), (0.007309136, -0.032057308, 0.047098655), (0.007045726, -0.032116227, 0.047661044), (0.006715856, -0.032186825, 0.048190426), (0.0063449084, -0.032261997, 0.048690222), (0.0059509273, -0.032336988, 0.049168896), (0.0055404464, -0.032409843, 0.04963524), (0.0051082144, -0.032480773, 0.050093297), (0.004640805, -0.03255084, 0.0505387), (0.004122797, -0.032620497, 0.05095787), (0.0035434044, -0.03268851, 0.0513304), (0.0029013352, -0.032751743, 0.051634062), (0.0022063048, -0.032805894, 0.051850814), (0.0014767817, -0.03284682, 0.051971894), (0.0007348393, -0.032871787, 0.052000336), (2.0133194e-18, -0.03288, 0.05195), (-0.00071569666, -0.03287221, 0.051841397), (-0.001409626, -0.03284977, 0.051695608), (-0.0020868457, -0.03281371, 0.051528163), (-0.002755366, -0.032764345, 0.05134488), (-0.0034201746, -0.032701634, 0.05114085), (-0.004078232, -0.0326261, 0.050902914), (-0.0047163423, -0.032539982, 0.050614726), (-0.005312796, -0.032447938, 0.050262697), (-0.0058423597, -0.03235678, 0.04984092), (-0.0062829666, -0.03227412, 0.049353506), (-0.0066218716, -0.032206293, 0.04881368), (-0.0068592126, -0.03215658, 0.048240043), (-0.0070077544, -0.032124534, 0.047651403), (-0.0070888107, -0.032106746, 0.047061935), (-0.0071255257, -0.032098617, 0.04647836), (-0.0071355677, -0.032096386, 0.0459), (-0.0071255257, -0.032098617, 0.04532164), (-0.0070888107, -0.032106746, 0.044738065), (-0.0070077544, -0.032124534, 0.044148598), (-0.0068592126, -0.03215658, 0.043559957), (-0.0066218716, -0.032206293, 0.042986322), (-0.0062829666, -0.03227412, 0.042446494), (-0.0058423597, -0.03235678, 0.04195908), (-0.005312796, -0.032447938, 0.041537303), (-0.0047163423, -0.032539982, 0.041185275), (-0.004078232, -0.0326261, 0.040897086), (-0.0034201746, -0.032701634, 0.040659152), (-0.002755366, -0.032764345, 0.04045512), (-0.0020868457, -0.03281371, 0.040271837), (-0.001409626, -0.03284977, 0.040104393), (-0.00071569666, -0.03287221, 0.039958604), (2.0133194e-18, -0.03288, 0.03985), (0.0007348393, -0.032871787, 0.039799664), (0.0014767817, -0.03284682, 0.039828103), (0.0022063048, -0.032805894, 0.039949186), (0.0029013352, -0.032751743, 0.04016594), (0.0035434044, -0.03268851, 0.040469598), (0.004122797, -0.032620497, 0.04084213), (0.004640805, -0.03255084, 0.0412613), (0.0051082144, -0.032480773, 0.041706704), (0.0055404464, -0.032409843, 0.042164758), (0.0059509273, -0.032336988, 0.042631105), (0.0063449084, -0.032261997, 0.04310978), (0.006715856, -0.032186825, 0.043609574), (0.007045726, -0.032116227, 0.044138957), (0.007309136, -0.032057308, 0.04470134), (0.0074801473, -0.032017834, 0.04529235), (0.009377, -0.03151454, 0.0459), (0.009303917, -0.031536195, 0.04665956), (0.009093293, -0.03159757, 0.04739832), (0.008768579, -0.031689215, 0.048101302), (0.008361464, -0.031799063, 0.048763033), (0.007903056, -0.03191608, 0.04938778), (0.0074155317, -0.032032862, 0.049986117), (0.006906925, -0.032146364, 0.05056905), (0.0063706883, -0.032256916, 0.05114162), (0.0057900907, -0.032366175, 0.051698375), (0.0051458552, -0.03247483, 0.052222338), (0.004424412, -0.03258096, 0.052688), (0.003624014, -0.03267967, 0.05306758), (0.002756715, -0.032764234, 0.053338517), (0.0018456277, -0.03282816, 0.053489868), (0.0009185061, -0.032867167, 0.05352542), (2.0133194e-18, -0.03288, 0.0534625), (-0.0008945811, -0.032867827, 0.05332675), (-0.0017617287, -0.032832768, 0.053144507), (-0.0026075705, -0.032776438, 0.052935205), (-0.003441934, -0.03269935, 0.0527061), (-0.0042708637, -0.032601442, 0.05245106), (-0.0050903955, -0.03248357, 0.05215364), (-0.005883968, -0.03234924, 0.051793408), (-0.00662458, -0.032205734, 0.05135337), (-0.007281075, -0.032063693, 0.050826147), (-0.00782645, -0.03193495, 0.05021688), (-0.008245379, -0.03182936, 0.0495421), (-0.008538454, -0.031751994, 0.048825055), (-0.008721743, -0.03170214, 0.048089255), (-0.008821715, -0.031674467, 0.04735242), (-0.008866987, -0.03166182, 0.04662295), (-0.008879369, -0.03165835, 0.0459), (-0.008866987, -0.03166182, 0.04517705), (-0.008821715, -0.031674467, 0.04444758), (-0.008721743, -0.03170214, 0.043710746), (-0.008538454, -0.031751994, 0.042974945), (-0.008245379, -0.03182936, 0.0422579), (-0.00782645, -0.03193495, 0.041583117), (-0.007281075, -0.032063693, 0.040973853), (-0.00662458, -0.032205734, 0.04044663), (-0.005883968, -0.03234924, 0.040006593), (-0.0050903955, -0.03248357, 0.03964636), (-0.0042708637, -0.032601442, 0.03934894), (-0.003441934, -0.03269935, 0.0390939), (-0.0026075705, -0.032776438, 0.038864795), (-0.0017617287, -0.032832768, 0.038655493), (-0.0008945811, -0.032867827, 0.038473252), (2.0133194e-18, -0.03288, 0.0383375), (0.0009185061, -0.032867167, 0.03827458), (0.0018456277, -0.03282816, 0.03831013), (0.002756715, -0.032764234, 0.038461484), (0.003624014, -0.03267967, 0.03873242), (0.004424412, -0.03258096, 0.039111998), (0.0051458552, -0.03247483, 0.039577663), (0.0057900907, -0.032366175, 0.040101625), (0.0063706883, -0.032256916, 0.04065838), (0.006906925, -0.032146364, 0.04123095), (0.0074155317, -0.032032862, 0.04181388), (0.007903056, -0.03191608, 0.04241222), (0.008361464, -0.031799063, 0.043036968), (0.008768579, -0.031689215, 0.0436987), (0.009093293, -0.03159757, 0.04440168), (0.009303917, -0.031536195, 0.04514044), (0.011183124, -0.03091977, 0.0459), (0.011097065, -0.03095076, 0.046811473), (0.0108488975, -0.031038618, 0.047697987), (0.010465879, -0.031169854, 0.048541564), (0.009984965, -0.03132722, 0.04933564), (0.009442581, -0.031494953, 0.050085332), (0.008864788, -0.031662438, 0.05080334), (0.008261031, -0.0318253, 0.05150286), (0.0076234746, -0.031984013, 0.052189942), (0.00693212, -0.03214094, 0.05285805), (0.0061638304, -0.032297082, 0.053486805), (0.0053021954, -0.03244967, 0.0540456), (0.004344925, -0.032591656, 0.054501094), (0.003306348, -0.03271334, 0.054826222), (0.0022142408, -0.032805357, 0.05500784), (0.0011021442, -0.032861523, 0.055050507), (2.0133194e-18, -0.03288, 0.054975), (-0.001073439, -0.032862473, 0.054812096), (-0.0021136287, -0.032811996, 0.05459341), (-0.003127638, -0.032730907, 0.054342248), (-0.004126988, -0.032619968, 0.054067317), (-0.0051186546, -0.03247913, 0.05376127), (-0.006097639, -0.032309644, 0.05340437), (-0.007043975, -0.032116614, 0.05297209), (-0.00792546, -0.031910524, 0.052444045), (-0.008705271, -0.031706665, 0.05181138), (-0.009351854, -0.031522013, 0.051080257), (-0.009847701, -0.031370644, 0.050270516), (-0.010194131, -0.031259783, 0.049410064), (-0.010410591, -0.031188363, 0.048527103), (-0.01052859, -0.031148728, 0.047642905), (-0.01058201, -0.03113062, 0.04676754), (-0.010596619, -0.03112565, 0.0459), (-0.01058201, -0.03113062, 0.04503246), (-0.01052859, -0.031148728, 0.044157095), (-0.010410591, -0.031188363, 0.043272898), (-0.010194131, -0.031259783, 0.042389937), (-0.009847701, -0.031370644, 0.04152948), (-0.009351854, -0.031522013, 0.040719744), (-0.008705271, -0.031706665, 0.039988622), (-0.00792546, -0.031910524, 0.039355956), (-0.007043975, -0.032116614, 0.03882791), (-0.006097639, -0.032309644, 0.038395632), (-0.0051186546, -0.03247913, 0.03803873), (-0.004126988, -0.032619968, 0.03773268), (-0.003127638, -0.032730907, 0.037457753), (-0.0021136287, -0.032811996, 0.03720659), (-0.001073439, -0.032862473, 0.036987904), (2.0133194e-18, -0.03288, 0.036825), (0.0011021442, -0.032861523, 0.036749493), (0.0022142408, -0.032805357, 0.036792155), (0.003306348, -0.03271334, 0.03697378), (0.004344925, -0.032591656, 0.037298907), (0.0053021954, -0.03244967, 0.037754398), (0.0061638304, -0.032297082, 0.038313195), (0.00693212, -0.03214094, 0.03894195), (0.0076234746, -0.031984013, 0.039610054), (0.008261031, -0.0318253, 0.04029714), (0.008864788, -0.031662438, 0.04099666), (0.009442581, -0.031494953, 0.04171467), (0.009984965, -0.03132722, 0.04246436), (0.010465879, -0.031169854, 0.043258436), (0.0108488975, -0.031038618, 0.044102013), (0.011097065, -0.03095076, 0.044988528), (0.012951844, -0.030221583, 0.0459), (0.012853691, -0.03026346, 0.046963383), (0.012570437, -0.030382207, 0.04799765), (0.012132678, -0.030559655, 0.048981823), (0.011582067, -0.030772556, 0.049908247), (0.010959854, -0.030999612, 0.05078289), (0.010295697, -0.03122648, 0.051620565), (0.009600337, -0.031447224, 0.052436672), (0.008864668, -0.03166247, 0.05323827), (0.00806546, -0.031875424, 0.054017726), (0.0071757175, -0.032087434, 0.054751273), (0.006176116, -0.032294735, 0.0554032), (0.0050637154, -0.03248774, 0.05593461), (0.0038550496, -0.032653224, 0.056313924), (0.0025825747, -0.03277842, 0.056525815), (0.001285748, -0.03285485, 0.056575593), (2.0133194e-18, -0.03288, 0.0564875), (-0.0012522651, -0.032856144, 0.056297444), (-0.002465286, -0.03278745, 0.05604231), (-0.003646917, -0.032677125, 0.055749286), (-0.004810226, -0.032526236, 0.05542854), (-0.0059629716, -0.03233477, 0.05507148), (-0.0070989896, -0.032104496, 0.054655097), (-0.008194863, -0.031842403, 0.05415077), (-0.009213295, -0.031562787, 0.053534716), (-0.010112109, -0.031286415, 0.052796606), (-0.010855656, -0.031036256, 0.051943634), (-0.0114247175, -0.030831318, 0.050998937), (-0.011821675, -0.030681303, 0.049995076), (-0.012069432, -0.03058469, 0.048964955), (-0.012204399, -0.030531082, 0.04793339), (-0.012265481, -0.030506596, 0.04691213), (-0.0122821815, -0.030499876, 0.0459), (-0.012265481, -0.030506596, 0.04488787), (-0.012204399, -0.030531082, 0.043866612), (-0.012069432, -0.03058469, 0.042835046), (-0.011821675, -0.030681303, 0.041804925), (-0.0114247175, -0.030831318, 0.040801063), (-0.010855656, -0.031036256, 0.039856367), (-0.010112109, -0.031286415, 0.039003395), (-0.009213295, -0.031562787, 0.03826528), (-0.008194863, -0.031842403, 0.03764923), (-0.0070989896, -0.032104496, 0.037144903), (-0.0059629716, -0.03233477, 0.036728516), (-0.004810226, -0.032526236, 0.036371462), (-0.003646917, -0.032677125, 0.036050715), (-0.002465286, -0.03278745, 0.035757687), (-0.0012522651, -0.032856144, 0.035502553), (2.0133194e-18, -0.03288, 0.0353125), (0.001285748, -0.03285485, 0.035224408), (0.0025825747, -0.03277842, 0.03527418), (0.0038550496, -0.032653224, 0.035486076), (0.0050637154, -0.03248774, 0.03586539), (0.006176116, -0.032294735, 0.036396798), (0.0071757175, -0.032087434, 0.037048727), (0.00806546, -0.031875424, 0.037782274), (0.008864668, -0.03166247, 0.03856173), (0.009600337, -0.031447224, 0.03936333), (0.010295697, -0.03122648, 0.040179435), (0.010959854, -0.030999612, 0.04101711), (0.011582067, -0.030772556, 0.041891754), (0.012132678, -0.030559655, 0.042818177), (0.012570437, -0.030382207, 0.04380235), (0.012853691, -0.03026346, 0.044836618), (0.014677246, -0.029422319, 0.0459), (0.014568012, -0.029476557, 0.047115296), (0.014252507, -0.029630397, 0.048297316), (0.013764121, -0.029860398, 0.049422085), (0.013148545, -0.030136526, 0.050480854), (0.012451303, -0.030431224, 0.051480442), (0.011705296, -0.030725893, 0.05243779), (0.010922445, -0.031012813, 0.05337048), (0.010092381, -0.03129278, 0.05428659), (0.009188693, -0.031569958, 0.0551774), (0.008180517, -0.03184609, 0.05601574), (0.007045536, -0.03211627, 0.0567608), (0.0057800356, -0.03236797, 0.057368126), (0.0044026645, -0.032583907, 0.057801627), (0.0029505827, -0.032747343, 0.05804379), (0.0014693115, -0.032847155, 0.058100674), (2.0133194e-18, -0.03288, 0.058), (-0.0014310542, -0.032848842, 0.057782795), (-0.0028166599, -0.032759134, 0.057491213), (-0.0041652764, -0.032615103, 0.057156328), (-0.005491348, -0.032418195, 0.05678976), (-0.0068032416, -0.032168467, 0.056381695), (-0.00809348, -0.031868324, 0.055905826), (-0.00933514, -0.031526964, 0.05532945), (-0.010485966, -0.031163102, 0.054625392), (-0.011498781, -0.030803774, 0.053781837), (-0.012334379, -0.030478803, 0.05280701), (-0.01297238, -0.030212775, 0.05172736), (-0.013416595, -0.03001815, 0.050580084), (-0.013693483, -0.029892858, 0.049402803), (-0.0138441995, -0.029823355, 0.04822387), (-0.01391238, -0.02979161, 0.04705672), (-0.013931019, -0.0297829, 0.0459), (-0.01391238, -0.02979161, 0.04474328), (-0.0138441995, -0.029823355, 0.04357613), (-0.013693483, -0.029892858, 0.042397194), (-0.013416595, -0.03001815, 0.041219916), (-0.01297238, -0.030212775, 0.040072642), (-0.012334379, -0.030478803, 0.03899299), (-0.011498781, -0.030803774, 0.038018163), (-0.010485966, -0.031163102, 0.03717461), (-0.00933514, -0.031526964, 0.036470547), (-0.00809348, -0.031868324, 0.035894174), (-0.0068032416, -0.032168467, 0.035418306), (-0.005491348, -0.032418195, 0.03501024), (-0.0041652764, -0.032615103, 0.034643672), (-0.0028166599, -0.032759134, 0.034308787), (-0.0014310542, -0.032848842, 0.034017205), (2.0133194e-18, -0.03288, 0.0338), (0.0014693115, -0.032847155, 0.033699326), (0.0029505827, -0.032747343, 0.033756208), (0.0044026645, -0.032583907, 0.03399837), (0.0057800356, -0.03236797, 0.034431875), (0.007045536, -0.03211627, 0.035039198), (0.008180517, -0.03184609, 0.03578426), (0.009188693, -0.031569958, 0.0366226), (0.010092381, -0.03129278, 0.03751341), (0.010922445, -0.031012813, 0.038429517), (0.011705296, -0.030725893, 0.03936221), (0.012451303, -0.030431224, 0.04031956), (0.013148545, -0.030136526, 0.041319147), (0.013764121, -0.029860398, 0.042377915), (0.014252507, -0.029630397, 0.043502685), (0.014568012, -0.029476557, 0.044684704), (0.03288, 0, 0.0459), (0.032825015, 0.0019007397, 0.0459), (0.03282589, 0.0018855203, 0.046051912), (0.03282838, 0.0018417139, 0.046199664), (0.03283209, 0.001774336, 0.04634026), (0.032836534, 0.0016901179, 0.046472605), (0.03284126, 0.0015956135, 0.046597555), (0.032845974, 0.0014954602, 0.046717223), (0.03285055, 0.0013913361, 0.04683381), (0.032855, 0.0012819226, 0.046948325), (0.032859396, 0.0011638452, 0.047059674), (0.032863762, 0.0010332492, 0.047164466), (0.03286802, 0.000887467, 0.0472576), (0.03287198, 0.0007262194, 0.047333516), (0.032875367, 0.0005519651, 0.047387704), (0.032877926, 0.0003693119, 0.047417972), (0.032879487, 0.00018372417, 0.047425084), (0.03288, 1.1327983e-19, 0.0474125), (0.032879513, -0.00017893741, 0.04738535), (0.032878112, -0.00035250778, 0.0473489), (0.032875855, -0.00052204035, 0.04730704), (0.032872766, -0.0006895997, 0.04726122), (0.032868844, -0.0008564962, 0.047210213), (0.032864112, -0.0010220258, 0.047150727), (0.032858714, -0.0011829115, 0.04707868), (0.03285294, -0.0013336815, 0.046990674), (0.03284722, -0.0014678991, 0.04688523), (0.03284202, -0.0015798528, 0.046763375), (0.032837756, -0.0016661542, 0.04662842), (0.03283463, -0.0017266965, 0.04648501), (0.03283261, -0.0017646328, 0.04633785), (0.032831494, -0.0017853488, 0.046190485), (0.03283098, -0.0017947358, 0.04604459), (0.03283084, -0.0017973038, 0.0459), (0.03283098, -0.0017947358, 0.04575541), (0.032831494, -0.0017853488, 0.045609515), (0.03283261, -0.0017646328, 0.04546215), (0.03283463, -0.0017266965, 0.04531499), (0.032837756, -0.0016661542, 0.04517158), (0.03284202, -0.0015798528, 0.045036625), (0.03284722, -0.0014678991, 0.04491477), (0.03285294, -0.0013336815, 0.044809327), (0.032858714, -0.0011829115, 0.04472132), (0.032864112, -0.0010220258, 0.044649273), (0.032868844, -0.0008564962, 0.044589788), (0.032872766, -0.0006895997, 0.04453878), (0.032875855, -0.00052204035, 0.04449296), (0.032878112, -0.00035250778, 0.0444511), (0.032879513, -0.00017893741, 0.04441465), (0.03288, -3.3983948e-19, 0.0443875), (0.032879487, 0.00018372417, 0.044374917), (0.032877926, 0.0003693119, 0.044382025), (0.032875367, 0.0005519651, 0.044412296), (0.03287198, 0.0007262194, 0.044466484), (0.03286802, 0.000887467, 0.0445424), (0.032863762, 0.0010332492, 0.044635534), (0.032859396, 0.0011638452, 0.044740323), (0.032855, 0.0012819226, 0.044851676), (0.03285055, 0.0013913361, 0.04496619), (0.032845974, 0.0014954602, 0.045082778), (0.03284126, 0.0015956135, 0.045202445), (0.032836534, 0.0016901179, 0.04532739), (0.03283209, 0.001774336, 0.04545974), (0.03282838, 0.0018417139, 0.045600336), (0.03282589, 0.0018855203, 0.04574809), (0.032660242, 0.0037951223, 0.0459), (0.032663748, 0.003764835, 0.046203822), (0.03267368, 0.003677645, 0.046499327), (0.0326885, 0.003543501, 0.046780523), (0.032706246, 0.0033757673, 0.047045212), (0.032725137, 0.003187467, 0.047295112), (0.032743964, 0.002987825, 0.047534447), (0.032762248, 0.0027801797, 0.04776762), (0.03278004, 0.0025618959, 0.047996648), (0.03279761, 0.0023262317, 0.04821935), (0.03281506, 0.002065478, 0.048428934), (0.032832094, 0.0017742873, 0.0486152), (0.03284792, 0.0014520844, 0.04876703), (0.032861467, 0.0011037745, 0.048875406), (0.032871705, 0.0007385772, 0.048935946), (0.032877948, 0.0003674426, 0.04895017), (0.03288, 2.2655965e-19, 0.048925), (0.032878052, -0.00035786952, 0.048870698), (0.032872442, -0.00070497504, 0.048797805), (0.032863423, -0.0010439492, 0.048714083), (0.032851074, -0.0013788961, 0.04862244), (0.03283538, -0.0017124112, 0.048520423), (0.032816462, -0.002043064, 0.048401456), (0.032794885, -0.0023642913, 0.048257362), (0.032771807, -0.002665168, 0.04808135), (0.032748934, -0.002932871, 0.04787046), (0.03272818, -0.0031560562, 0.047626752), (0.03271114, -0.0033280274, 0.04735684), (0.032698646, -0.003448628, 0.047070023), (0.03269059, -0.003524179, 0.046775702), (0.032686114, -0.0035654297, 0.04648097), (0.03268407, -0.0035841202, 0.04618918), (0.03268351, -0.0035892332, 0.0459), (0.03268407, -0.0035841202, 0.04561082), (0.032686114, -0.0035654297, 0.045319032), (0.03269059, -0.003524179, 0.045024298), (0.032698646, -0.003448628, 0.044729978), (0.03271114, -0.0033280274, 0.04444316), (0.03272818, -0.0031560562, 0.044173248), (0.032748934, -0.002932871, 0.04392954), (0.032771807, -0.002665168, 0.04371865), (0.032794885, -0.0023642913, 0.04354264), (0.032816462, -0.002043064, 0.043398544), (0.03283538, -0.0017124112, 0.043279577), (0.032851074, -0.0013788961, 0.04317756), (0.032863423, -0.0010439492, 0.043085918), (0.032872442, -0.00070497504, 0.043002196), (0.032878052, -0.00035786952, 0.042929303), (0.03288, -6.7967895e-19, 0.042875), (0.032877948, 0.0003674426, 0.04284983), (0.032871705, 0.0007385772, 0.04286405), (0.032861467, 0.0011037745, 0.042924594), (0.03284792, 0.0014520844, 0.04303297), (0.032832094, 0.0017742873, 0.0431848), (0.03281506, 0.002065478, 0.043371066), (0.03279761, 0.0023262317, 0.04358065), (0.03278004, 0.0025618959, 0.043803353), (0.032762248, 0.0027801797, 0.04403238), (0.032743964, 0.002987825, 0.044265553), (0.032725137, 0.003187467, 0.04450489), (0.032706246, 0.0033757673, 0.04475479), (0.0326885, 0.003543501, 0.045019478), (0.03267368, 0.003677645, 0.04530067), (0.032663748, 0.003764835, 0.045596175), (0.032386236, 0.0056768116, 0.0459), (0.0323941, 0.005631759, 0.046355736), (0.032416385, 0.0055020284, 0.046798993), (0.032449648, 0.00530234, 0.04722078), (0.032489486, 0.005052491, 0.04761782), (0.032531895, 0.00477181, 0.047992665), (0.032574188, 0.004474006, 0.04835167), (0.03261526, 0.004164043, 0.04870143), (0.032655235, 0.0038379733, 0.04904497), (0.032694712, 0.0034857027, 0.049379025), (0.032733947, 0.0030956662, 0.049693402), (0.03277224, 0.002659815, 0.0499728), (0.032807834, 0.002177241, 0.050200548), (0.032838307, 0.001655273, 0.050363112), (0.032861333, 0.0011077493, 0.05045392), (0.03287538, 0.00055114954, 0.050475255), (0.03288, 3.3983948e-19, 0.0504375), (0.032875616, -0.00053679105, 0.05035605), (0.032862995, -0.0010573613, 0.050246704), (0.032842707, -0.0015655947, 0.05012112), (0.032814927, -0.0020675857, 0.049983658), (0.03277963, -0.002567164, 0.049830634), (0.032737102, -0.0030621276, 0.049652185), (0.032688595, -0.0035426102, 0.049436044), (0.032636732, -0.0039922674, 0.04917202), (0.032585345, -0.0043919943, 0.04885569), (0.03253873, -0.0047249687, 0.04849013), (0.032500472, -0.004981349, 0.048085257), (0.03247242, -0.005161042, 0.04765503), (0.032454334, -0.005273567, 0.04721355), (0.032444295, -0.0053349906, 0.04677145), (0.03243971, -0.005362818, 0.04633377), (0.032438446, -0.0053704297, 0.0459), (0.03243971, -0.005362818, 0.04546623), (0.032444295, -0.0053349906, 0.04502855), (0.032454334, -0.005273567, 0.04458645), (0.03247242, -0.005161042, 0.04414497), (0.032500472, -0.004981349, 0.04371474), (0.03253873, -0.0047249687, 0.04330987), (0.032585345, -0.0043919943, 0.042944312), (0.032636732, -0.0039922674, 0.04262798), (0.032688595, -0.0035426102, 0.042363957), (0.032737102, -0.0030621276, 0.042147815), (0.03277963, -0.002567164, 0.041969366), (0.032814927, -0.0020675857, 0.04181634), (0.032842707, -0.0015655947, 0.041678876), (0.032862995, -0.0010573613, 0.041553296), (0.032875616, -0.00053679105, 0.04144395), (0.03288, -1.0195185e-18, 0.0413625), (0.03287538, 0.00055114954, 0.041324746), (0.032861333, 0.0011077493, 0.041346077), (0.032838307, 0.001655273, 0.04143689), (0.032807834, 0.002177241, 0.041599452), (0.03277224, 0.002659815, 0.041827198), (0.032733947, 0.0030956662, 0.0421066), (0.032694712, 0.0034857027, 0.042420976), (0.032655235, 0.0038379733, 0.042755026), (0.03261526, 0.004164043, 0.04309857), (0.032574188, 0.004474006, 0.04344833), (0.032531895, 0.00477181, 0.043807335), (0.032489486, 0.005052491, 0.04418218), (0.032449648, 0.00530234, 0.04457922), (0.032416385, 0.0055020284, 0.045001008), (0.0323941, 0.005631759, 0.045444265), (0.03200391, 0.0075395145, 0.0459), (0.032017834, 0.0074801473, 0.046507645), (0.032057308, 0.007309136, 0.047098655), (0.032116227, 0.007045726, 0.047661044), (0.032186825, 0.006715856, 0.048190426), (0.032261997, 0.0063449084, 0.048690222), (0.032336988, 0.0059509273, 0.049168896), (0.032409843, 0.0055404464, 0.04963524), (0.032480773, 0.0051082144, 0.050093297), (0.03255084, 0.004640805, 0.0505387), (0.032620497, 0.004122797, 0.05095787), (0.03268851, 0.0035434044, 0.0513304), (0.032751743, 0.0029013352, 0.051634062), (0.032805894, 0.0022063048, 0.051850814), (0.03284682, 0.0014767817, 0.051971894), (0.032871787, 0.0007348393, 0.052000336), (0.03288, 4.531193e-19, 0.05195), (0.03287221, -0.00071569666, 0.051841397), (0.03284977, -0.001409626, 0.051695608), (0.03281371, -0.0020868457, 0.051528163), (0.032764345, -0.002755366, 0.05134488), (0.032701634, -0.0034201746, 0.05114085), (0.0326261, -0.004078232, 0.050902914), (0.032539982, -0.0047163423, 0.050614726), (0.032447938, -0.005312796, 0.050262697), (0.03235678, -0.0058423597, 0.04984092), (0.03227412, -0.0062829666, 0.049353506), (0.032206293, -0.0066218716, 0.04881368), (0.03215658, -0.0068592126, 0.048240043), (0.032124534, -0.0070077544, 0.047651403), (0.032106746, -0.0070888107, 0.047061935), (0.032098617, -0.0071255257, 0.04647836), (0.032096386, -0.0071355677, 0.0459), (0.032098617, -0.0071255257, 0.04532164), (0.032106746, -0.0070888107, 0.044738065), (0.032124534, -0.0070077544, 0.044148598), (0.03215658, -0.0068592126, 0.043559957), (0.032206293, -0.0066218716, 0.042986322), (0.03227412, -0.0062829666, 0.042446494), (0.03235678, -0.0058423597, 0.04195908), (0.032447938, -0.005312796, 0.041537303), (0.032539982, -0.0047163423, 0.041185275), (0.0326261, -0.004078232, 0.040897086), (0.032701634, -0.0034201746, 0.040659152), (0.032764345, -0.002755366, 0.04045512), (0.03281371, -0.0020868457, 0.040271837), (0.03284977, -0.001409626, 0.040104393), (0.03287221, -0.00071569666, 0.039958604), (0.03288, -1.3593579e-18, 0.03985), (0.032871787, 0.0007348393, 0.039799664), (0.03284682, 0.0014767817, 0.039828103), (0.032805894, 0.0022063048, 0.039949186), (0.032751743, 0.0029013352, 0.04016594), (0.03268851, 0.0035434044, 0.040469598), (0.032620497, 0.004122797, 0.04084213), (0.03255084, 0.004640805, 0.0412613), (0.032480773, 0.0051082144, 0.041706704), (0.032409843, 0.0055404464, 0.042164758), (0.032336988, 0.0059509273, 0.042631105), (0.032261997, 0.0063449084, 0.04310978), (0.032186825, 0.006715856, 0.043609574), (0.032116227, 0.007045726, 0.044138957), (0.032057308, 0.007309136, 0.04470134), (0.032017834, 0.0074801473, 0.04529235), (0.03151454, 0.009377, 0.0459), (0.031536195, 0.009303917, 0.04665956), (0.03159757, 0.009093293, 0.04739832), (0.031689215, 0.008768579, 0.048101302), (0.031799063, 0.008361464, 0.048763033), (0.03191608, 0.007903056, 0.04938778), (0.032032862, 0.0074155317, 0.049986117), (0.032146364, 0.006906925, 0.05056905), (0.032256916, 0.0063706883, 0.05114162), (0.032366175, 0.0057900907, 0.051698375), (0.03247483, 0.0051458552, 0.052222338), (0.03258096, 0.004424412, 0.052688), (0.03267967, 0.003624014, 0.05306758), (0.032764234, 0.002756715, 0.053338517), (0.03282816, 0.0018456277, 0.053489868), (0.032867167, 0.0009185061, 0.05352542), (0.03288, 5.6639915e-19, 0.0534625), (0.032867827, -0.0008945811, 0.05332675), (0.032832768, -0.0017617287, 0.053144507), (0.032776438, -0.0026075705, 0.052935205), (0.03269935, -0.003441934, 0.0527061), (0.032601442, -0.0042708637, 0.05245106), (0.03248357, -0.0050903955, 0.05215364), (0.03234924, -0.005883968, 0.051793408), (0.032205734, -0.00662458, 0.05135337), (0.032063693, -0.007281075, 0.050826147), (0.03193495, -0.00782645, 0.05021688), (0.03182936, -0.008245379, 0.0495421), (0.031751994, -0.008538454, 0.048825055), (0.03170214, -0.008721743, 0.048089255), (0.031674467, -0.008821715, 0.04735242), (0.03166182, -0.008866987, 0.04662295), (0.03165835, -0.008879369, 0.0459), (0.03166182, -0.008866987, 0.04517705), (0.031674467, -0.008821715, 0.04444758), (0.03170214, -0.008721743, 0.043710746), (0.031751994, -0.008538454, 0.042974945), (0.03182936, -0.008245379, 0.0422579), (0.03193495, -0.00782645, 0.041583117), (0.032063693, -0.007281075, 0.040973853), (0.032205734, -0.00662458, 0.04044663), (0.03234924, -0.005883968, 0.040006593), (0.03248357, -0.0050903955, 0.03964636), (0.032601442, -0.0042708637, 0.03934894), (0.03269935, -0.003441934, 0.0390939), (0.032776438, -0.0026075705, 0.038864795), (0.032832768, -0.0017617287, 0.038655493), (0.032867827, -0.0008945811, 0.038473252), (0.03288, -1.6991974e-18, 0.0383375), (0.032867167, 0.0009185061, 0.03827458), (0.03282816, 0.0018456277, 0.03831013), (0.032764234, 0.002756715, 0.038461484), (0.03267967, 0.003624014, 0.03873242), (0.03258096, 0.004424412, 0.039111998), (0.03247483, 0.0051458552, 0.039577663), (0.032366175, 0.0057900907, 0.040101625), (0.032256916, 0.0063706883, 0.04065838), (0.032146364, 0.006906925, 0.04123095), (0.032032862, 0.0074155317, 0.04181388), (0.03191608, 0.007903056, 0.04241222), (0.031799063, 0.008361464, 0.043036968), (0.031689215, 0.008768579, 0.0436987), (0.03159757, 0.009093293, 0.04440168), (0.031536195, 0.009303917, 0.04514044), (0.03091977, 0.011183124, 0.0459), (0.03095076, 0.011097065, 0.046811473), (0.031038618, 0.0108488975, 0.047697987), (0.031169854, 0.010465879, 0.048541564), (0.03132722, 0.009984965, 0.04933564), (0.031494953, 0.009442581, 0.050085332), (0.031662438, 0.008864788, 0.05080334), (0.0318253, 0.008261031, 0.05150286), (0.031984013, 0.0076234746, 0.052189942), (0.03214094, 0.00693212, 0.05285805), (0.032297082, 0.0061638304, 0.053486805), (0.03244967, 0.0053021954, 0.0540456), (0.032591656, 0.004344925, 0.054501094), (0.03271334, 0.003306348, 0.054826222), (0.032805357, 0.0022142408, 0.05500784), (0.032861523, 0.0011021442, 0.055050507), (0.03288, 6.7967895e-19, 0.054975), (0.032862473, -0.001073439, 0.054812096), (0.032811996, -0.0021136287, 0.05459341), (0.032730907, -0.003127638, 0.054342248), (0.032619968, -0.004126988, 0.054067317), (0.03247913, -0.0051186546, 0.05376127), (0.032309644, -0.006097639, 0.05340437), (0.032116614, -0.007043975, 0.05297209), (0.031910524, -0.00792546, 0.052444045), (0.031706665, -0.008705271, 0.05181138), (0.031522013, -0.009351854, 0.051080257), (0.031370644, -0.009847701, 0.050270516), (0.031259783, -0.010194131, 0.049410064), (0.031188363, -0.010410591, 0.048527103), (0.031148728, -0.01052859, 0.047642905), (0.03113062, -0.01058201, 0.04676754), (0.03112565, -0.010596619, 0.0459), (0.03113062, -0.01058201, 0.04503246), (0.031148728, -0.01052859, 0.044157095), (0.031188363, -0.010410591, 0.043272898), (0.031259783, -0.010194131, 0.042389937), (0.031370644, -0.009847701, 0.04152948), (0.031522013, -0.009351854, 0.040719744), (0.031706665, -0.008705271, 0.039988622), (0.031910524, -0.00792546, 0.039355956), (0.032116614, -0.007043975, 0.03882791), (0.032309644, -0.006097639, 0.038395632), (0.03247913, -0.0051186546, 0.03803873), (0.032619968, -0.004126988, 0.03773268), (0.032730907, -0.003127638, 0.037457753), (0.032811996, -0.0021136287, 0.03720659), (0.032862473, -0.001073439, 0.036987904), (0.03288, -2.039037e-18, 0.036825), (0.032861523, 0.0011021442, 0.036749493), (0.032805357, 0.0022142408, 0.036792155), (0.03271334, 0.003306348, 0.03697378), (0.032591656, 0.004344925, 0.037298907), (0.03244967, 0.0053021954, 0.037754398), (0.032297082, 0.0061638304, 0.038313195), (0.03214094, 0.00693212, 0.03894195), (0.031984013, 0.0076234746, 0.039610054), (0.0318253, 0.008261031, 0.04029714), (0.031662438, 0.008864788, 0.04099666), (0.031494953, 0.009442581, 0.04171467), (0.03132722, 0.009984965, 0.04246436), (0.031169854, 0.010465879, 0.043258436), (0.031038618, 0.0108488975, 0.044102013), (0.03095076, 0.011097065, 0.044988528), (0.030221583, 0.012951844, 0.0459), (0.03026346, 0.012853691, 0.046963383), (0.030382207, 0.012570437, 0.04799765), (0.030559655, 0.012132678, 0.048981823), (0.030772556, 0.011582067, 0.049908247), (0.030999612, 0.010959854, 0.05078289), (0.03122648, 0.010295697, 0.051620565), (0.031447224, 0.009600337, 0.052436672), (0.03166247, 0.008864668, 0.05323827), (0.031875424, 0.00806546, 0.054017726), (0.032087434, 0.0071757175, 0.054751273), (0.032294735, 0.006176116, 0.0554032), (0.03248774, 0.0050637154, 0.05593461), (0.032653224, 0.0038550496, 0.056313924), (0.03277842, 0.0025825747, 0.056525815), (0.03285485, 0.001285748, 0.056575593), (0.03288, 7.929588e-19, 0.0564875), (0.032856144, -0.0012522651, 0.056297444), (0.03278745, -0.002465286, 0.05604231), (0.032677125, -0.003646917, 0.055749286), (0.032526236, -0.004810226, 0.05542854), (0.03233477, -0.0059629716, 0.05507148), (0.032104496, -0.0070989896, 0.054655097), (0.031842403, -0.008194863, 0.05415077), (0.031562787, -0.009213295, 0.053534716), (0.031286415, -0.010112109, 0.052796606), (0.031036256, -0.010855656, 0.051943634), (0.030831318, -0.0114247175, 0.050998937), (0.030681303, -0.011821675, 0.049995076), (0.03058469, -0.012069432, 0.048964955), (0.030531082, -0.012204399, 0.04793339), (0.030506596, -0.012265481, 0.04691213), (0.030499876, -0.0122821815, 0.0459), (0.030506596, -0.012265481, 0.04488787), (0.030531082, -0.012204399, 0.043866612), (0.03058469, -0.012069432, 0.042835046), (0.030681303, -0.011821675, 0.041804925), (0.030831318, -0.0114247175, 0.040801063), (0.031036256, -0.010855656, 0.039856367), (0.031286415, -0.010112109, 0.039003395), (0.031562787, -0.009213295, 0.03826528), (0.031842403, -0.008194863, 0.03764923), (0.032104496, -0.0070989896, 0.037144903), (0.03233477, -0.0059629716, 0.036728516), (0.032526236, -0.004810226, 0.036371462), (0.032677125, -0.003646917, 0.036050715), (0.03278745, -0.002465286, 0.035757687), (0.032856144, -0.0012522651, 0.035502553), (0.03288, -2.3788763e-18, 0.0353125), (0.03285485, 0.001285748, 0.035224408), (0.03277842, 0.0025825747, 0.03527418), (0.032653224, 0.0038550496, 0.035486076), (0.03248774, 0.0050637154, 0.03586539), (0.032294735, 0.006176116, 0.036396798), (0.032087434, 0.0071757175, 0.037048727), (0.031875424, 0.00806546, 0.037782274), (0.03166247, 0.008864668, 0.03856173), (0.031447224, 0.009600337, 0.03936333), (0.03122648, 0.010295697, 0.040179435), (0.030999612, 0.010959854, 0.04101711), (0.030772556, 0.011582067, 0.041891754), (0.030559655, 0.012132678, 0.042818177), (0.030382207, 0.012570437, 0.04380235), (0.03026346, 0.012853691, 0.044836618), (0.029422319, 0.014677246, 0.0459), (0.029476557, 0.014568012, 0.047115296), (0.029630397, 0.014252507, 0.048297316), (0.029860398, 0.013764121, 0.049422085), (0.030136526, 0.013148545, 0.050480854), (0.030431224, 0.012451303, 0.051480442), (0.030725893, 0.011705296, 0.05243779), (0.031012813, 0.010922445, 0.05337048), (0.03129278, 0.010092381, 0.05428659), (0.031569958, 0.009188693, 0.0551774), (0.03184609, 0.008180517, 0.05601574), (0.03211627, 0.007045536, 0.0567608), (0.03236797, 0.0057800356, 0.057368126), (0.032583907, 0.0044026645, 0.057801627), (0.032747343, 0.0029505827, 0.05804379), (0.032847155, 0.0014693115, 0.058100674), (0.03288, 9.062386e-19, 0.058), (0.032848842, -0.0014310542, 0.057782795), (0.032759134, -0.0028166599, 0.057491213), (0.032615103, -0.0041652764, 0.057156328), (0.032418195, -0.005491348, 0.05678976), (0.032168467, -0.0068032416, 0.056381695), (0.031868324, -0.00809348, 0.055905826), (0.031526964, -0.00933514, 0.05532945), (0.031163102, -0.010485966, 0.054625392), (0.030803774, -0.011498781, 0.053781837), (0.030478803, -0.012334379, 0.05280701), (0.030212775, -0.01297238, 0.05172736), (0.03001815, -0.013416595, 0.050580084), (0.029892858, -0.013693483, 0.049402803), (0.029823355, -0.0138441995, 0.04822387), (0.02979161, -0.01391238, 0.04705672), (0.0297829, -0.013931019, 0.0459), (0.02979161, -0.01391238, 0.04474328), (0.029823355, -0.0138441995, 0.04357613), (0.029892858, -0.013693483, 0.042397194), (0.03001815, -0.013416595, 0.041219916), (0.030212775, -0.01297238, 0.040072642), (0.030478803, -0.012334379, 0.03899299), (0.030803774, -0.011498781, 0.038018163), (0.031163102, -0.010485966, 0.03717461), (0.031526964, -0.00933514, 0.036470547), (0.031868324, -0.00809348, 0.035894174), (0.032168467, -0.0068032416, 0.035418306), (0.032418195, -0.005491348, 0.03501024), (0.032615103, -0.0041652764, 0.034643672), (0.032759134, -0.0028166599, 0.034308787), (0.032848842, -0.0014310542, 0.034017205), (0.03288, -2.7187158e-18, 0.0338), (0.032847155, 0.0014693115, 0.033699326), (0.032747343, 0.0029505827, 0.033756208), (0.032583907, 0.0044026645, 0.03399837), (0.03236797, 0.0057800356, 0.034431875), (0.03211627, 0.007045536, 0.035039198), (0.03184609, 0.008180517, 0.03578426), (0.031569958, 0.009188693, 0.0366226), (0.03129278, 0.010092381, 0.03751341), (0.031012813, 0.010922445, 0.038429517), (0.030725893, 0.011705296, 0.03936221), (0.030431224, 0.012451303, 0.04031956), (0.030136526, 0.013148545, 0.041319147), (0.029860398, 0.013764121, 0.042377915), (0.029630397, 0.014252507, 0.043502685), (0.029476557, 0.014568012, 0.044684704), (2.0133194e-18, 0.03288, 0.0459), (-0.0019007397, 0.032825015, 0.0459), (-0.0018855203, 0.03282589, 0.046051912), (-0.0018417139, 0.03282838, 0.046199664), (-0.001774336, 0.03283209, 0.04634026), (-0.0016901179, 0.032836534, 0.046472605), (-0.0015956135, 0.03284126, 0.046597555), (-0.0014954602, 0.032845974, 0.046717223), (-0.0013913361, 0.03285055, 0.04683381), (-0.0012819226, 0.032855, 0.046948325), (-0.0011638452, 0.032859396, 0.047059674), (-0.0010332492, 0.032863762, 0.047164466), (-0.000887467, 0.03286802, 0.0472576), (-0.0007262194, 0.03287198, 0.047333516), (-0.0005519651, 0.032875367, 0.047387704), (-0.0003693119, 0.032877926, 0.047417972), (-0.00018372417, 0.032879487, 0.047425084), (2.0133194e-18, 0.03288, 0.0474125), (0.00017893741, 0.032879513, 0.04738535), (0.00035250778, 0.032878112, 0.0473489), (0.00052204035, 0.032875855, 0.04730704), (0.0006895997, 0.032872766, 0.04726122), (0.0008564962, 0.032868844, 0.047210213), (0.0010220258, 0.032864112, 0.047150727), (0.0011829115, 0.032858714, 0.04707868), (0.0013336815, 0.03285294, 0.046990674), (0.0014678991, 0.03284722, 0.04688523), (0.0015798528, 0.03284202, 0.046763375), (0.0016661542, 0.032837756, 0.04662842), (0.0017266965, 0.03283463, 0.04648501), (0.0017646328, 0.03283261, 0.04633785), (0.0017853488, 0.032831494, 0.046190485), (0.0017947358, 0.03283098, 0.04604459), (0.0017973038, 0.03283084, 0.0459), (0.0017947358, 0.03283098, 0.04575541), (0.0017853488, 0.032831494, 0.045609515), (0.0017646328, 0.03283261, 0.04546215), (0.0017266965, 0.03283463, 0.04531499), (0.0016661542, 0.032837756, 0.04517158), (0.0015798528, 0.03284202, 0.045036625), (0.0014678991, 0.03284722, 0.04491477), (0.0013336815, 0.03285294, 0.044809327), (0.0011829115, 0.032858714, 0.04472132), (0.0010220258, 0.032864112, 0.044649273), (0.0008564962, 0.032868844, 0.044589788), (0.0006895997, 0.032872766, 0.04453878), (0.00052204035, 0.032875855, 0.04449296), (0.00035250778, 0.032878112, 0.0444511), (0.00017893741, 0.032879513, 0.04441465), (2.0133194e-18, 0.03288, 0.0443875), (-0.00018372417, 0.032879487, 0.044374917), (-0.0003693119, 0.032877926, 0.044382025), (-0.0005519651, 0.032875367, 0.044412296), (-0.0007262194, 0.03287198, 0.044466484), (-0.000887467, 0.03286802, 0.0445424), (-0.0010332492, 0.032863762, 0.044635534), (-0.0011638452, 0.032859396, 0.044740323), (-0.0012819226, 0.032855, 0.044851676), (-0.0013913361, 0.03285055, 0.04496619), (-0.0014954602, 0.032845974, 0.045082778), (-0.0015956135, 0.03284126, 0.045202445), (-0.0016901179, 0.032836534, 0.04532739), (-0.001774336, 0.03283209, 0.04545974), (-0.0018417139, 0.03282838, 0.045600336), (-0.0018855203, 0.03282589, 0.04574809), (-0.0037951223, 0.032660242, 0.0459), (-0.003764835, 0.032663748, 0.046203822), (-0.003677645, 0.03267368, 0.046499327), (-0.003543501, 0.0326885, 0.046780523), (-0.0033757673, 0.032706246, 0.047045212), (-0.003187467, 0.032725137, 0.047295112), (-0.002987825, 0.032743964, 0.047534447), (-0.0027801797, 0.032762248, 0.04776762), (-0.0025618959, 0.03278004, 0.047996648), (-0.0023262317, 0.03279761, 0.04821935), (-0.002065478, 0.03281506, 0.048428934), (-0.0017742873, 0.032832094, 0.0486152), (-0.0014520844, 0.03284792, 0.04876703), (-0.0011037745, 0.032861467, 0.048875406), (-0.0007385772, 0.032871705, 0.048935946), (-0.0003674426, 0.032877948, 0.04895017), (2.0133194e-18, 0.03288, 0.048925), (0.00035786952, 0.032878052, 0.048870698), (0.00070497504, 0.032872442, 0.048797805), (0.0010439492, 0.032863423, 0.048714083), (0.0013788961, 0.032851074, 0.04862244), (0.0017124112, 0.03283538, 0.048520423), (0.002043064, 0.032816462, 0.048401456), (0.0023642913, 0.032794885, 0.048257362), (0.002665168, 0.032771807, 0.04808135), (0.002932871, 0.032748934, 0.04787046), (0.0031560562, 0.03272818, 0.047626752), (0.0033280274, 0.03271114, 0.04735684), (0.003448628, 0.032698646, 0.047070023), (0.003524179, 0.03269059, 0.046775702), (0.0035654297, 0.032686114, 0.04648097), (0.0035841202, 0.03268407, 0.04618918), (0.0035892332, 0.03268351, 0.0459), (0.0035841202, 0.03268407, 0.04561082), (0.0035654297, 0.032686114, 0.045319032), (0.003524179, 0.03269059, 0.045024298), (0.003448628, 0.032698646, 0.044729978), (0.0033280274, 0.03271114, 0.04444316), (0.0031560562, 0.03272818, 0.044173248), (0.002932871, 0.032748934, 0.04392954), (0.002665168, 0.032771807, 0.04371865), (0.0023642913, 0.032794885, 0.04354264), (0.002043064, 0.032816462, 0.043398544), (0.0017124112, 0.03283538, 0.043279577), (0.0013788961, 0.032851074, 0.04317756), (0.0010439492, 0.032863423, 0.043085918), (0.00070497504, 0.032872442, 0.043002196), (0.00035786952, 0.032878052, 0.042929303), (2.0133194e-18, 0.03288, 0.042875), (-0.0003674426, 0.032877948, 0.04284983), (-0.0007385772, 0.032871705, 0.04286405), (-0.0011037745, 0.032861467, 0.042924594), (-0.0014520844, 0.03284792, 0.04303297), (-0.0017742873, 0.032832094, 0.0431848), (-0.002065478, 0.03281506, 0.043371066), (-0.0023262317, 0.03279761, 0.04358065), (-0.0025618959, 0.03278004, 0.043803353), (-0.0027801797, 0.032762248, 0.04403238), (-0.002987825, 0.032743964, 0.044265553), (-0.003187467, 0.032725137, 0.04450489), (-0.0033757673, 0.032706246, 0.04475479), (-0.003543501, 0.0326885, 0.045019478), (-0.003677645, 0.03267368, 0.04530067), (-0.003764835, 0.032663748, 0.045596175), (-0.0056768116, 0.032386236, 0.0459), (-0.005631759, 0.0323941, 0.046355736), (-0.0055020284, 0.032416385, 0.046798993), (-0.00530234, 0.032449648, 0.04722078), (-0.005052491, 0.032489486, 0.04761782), (-0.00477181, 0.032531895, 0.047992665), (-0.004474006, 0.032574188, 0.04835167), (-0.004164043, 0.03261526, 0.04870143), (-0.0038379733, 0.032655235, 0.04904497), (-0.0034857027, 0.032694712, 0.049379025), (-0.0030956662, 0.032733947, 0.049693402), (-0.002659815, 0.03277224, 0.0499728), (-0.002177241, 0.032807834, 0.050200548), (-0.001655273, 0.032838307, 0.050363112), (-0.0011077493, 0.032861333, 0.05045392), (-0.00055114954, 0.03287538, 0.050475255), (2.0133194e-18, 0.03288, 0.0504375), (0.00053679105, 0.032875616, 0.05035605), (0.0010573613, 0.032862995, 0.050246704), (0.0015655947, 0.032842707, 0.05012112), (0.0020675857, 0.032814927, 0.049983658), (0.002567164, 0.03277963, 0.049830634), (0.0030621276, 0.032737102, 0.049652185), (0.0035426102, 0.032688595, 0.049436044), (0.0039922674, 0.032636732, 0.04917202), (0.0043919943, 0.032585345, 0.04885569), (0.0047249687, 0.03253873, 0.04849013), (0.004981349, 0.032500472, 0.048085257), (0.005161042, 0.03247242, 0.04765503), (0.005273567, 0.032454334, 0.04721355), (0.0053349906, 0.032444295, 0.04677145), (0.005362818, 0.03243971, 0.04633377), (0.0053704297, 0.032438446, 0.0459), (0.005362818, 0.03243971, 0.04546623), (0.0053349906, 0.032444295, 0.04502855), (0.005273567, 0.032454334, 0.04458645), (0.005161042, 0.03247242, 0.04414497), (0.004981349, 0.032500472, 0.04371474), (0.0047249687, 0.03253873, 0.04330987), (0.0043919943, 0.032585345, 0.042944312), (0.0039922674, 0.032636732, 0.04262798), (0.0035426102, 0.032688595, 0.042363957), (0.0030621276, 0.032737102, 0.042147815), (0.002567164, 0.03277963, 0.041969366), (0.0020675857, 0.032814927, 0.04181634), (0.0015655947, 0.032842707, 0.041678876), (0.0010573613, 0.032862995, 0.041553296), (0.00053679105, 0.032875616, 0.04144395), (2.0133194e-18, 0.03288, 0.0413625), (-0.00055114954, 0.03287538, 0.041324746), (-0.0011077493, 0.032861333, 0.041346077), (-0.001655273, 0.032838307, 0.04143689), (-0.002177241, 0.032807834, 0.041599452), (-0.002659815, 0.03277224, 0.041827198), (-0.0030956662, 0.032733947, 0.0421066), (-0.0034857027, 0.032694712, 0.042420976), (-0.0038379733, 0.032655235, 0.042755026), (-0.004164043, 0.03261526, 0.04309857), (-0.004474006, 0.032574188, 0.04344833), (-0.00477181, 0.032531895, 0.043807335), (-0.005052491, 0.032489486, 0.04418218), (-0.00530234, 0.032449648, 0.04457922), (-0.0055020284, 0.032416385, 0.045001008), (-0.005631759, 0.0323941, 0.045444265), (-0.0075395145, 0.03200391, 0.0459), (-0.0074801473, 0.032017834, 0.046507645), (-0.007309136, 0.032057308, 0.047098655), (-0.007045726, 0.032116227, 0.047661044), (-0.006715856, 0.032186825, 0.048190426), (-0.0063449084, 0.032261997, 0.048690222), (-0.0059509273, 0.032336988, 0.049168896), (-0.0055404464, 0.032409843, 0.04963524), (-0.0051082144, 0.032480773, 0.050093297), (-0.004640805, 0.03255084, 0.0505387), (-0.004122797, 0.032620497, 0.05095787), (-0.0035434044, 0.03268851, 0.0513304), (-0.0029013352, 0.032751743, 0.051634062), (-0.0022063048, 0.032805894, 0.051850814), (-0.0014767817, 0.03284682, 0.051971894), (-0.0007348393, 0.032871787, 0.052000336), (2.0133194e-18, 0.03288, 0.05195), (0.00071569666, 0.03287221, 0.051841397), (0.001409626, 0.03284977, 0.051695608), (0.0020868457, 0.03281371, 0.051528163), (0.002755366, 0.032764345, 0.05134488), (0.0034201746, 0.032701634, 0.05114085), (0.004078232, 0.0326261, 0.050902914), (0.0047163423, 0.032539982, 0.050614726), (0.005312796, 0.032447938, 0.050262697), (0.0058423597, 0.03235678, 0.04984092), (0.0062829666, 0.03227412, 0.049353506), (0.0066218716, 0.032206293, 0.04881368), (0.0068592126, 0.03215658, 0.048240043), (0.0070077544, 0.032124534, 0.047651403), (0.0070888107, 0.032106746, 0.047061935), (0.0071255257, 0.032098617, 0.04647836), (0.0071355677, 0.032096386, 0.0459), (0.0071255257, 0.032098617, 0.04532164), (0.0070888107, 0.032106746, 0.044738065), (0.0070077544, 0.032124534, 0.044148598), (0.0068592126, 0.03215658, 0.043559957), (0.0066218716, 0.032206293, 0.042986322), (0.0062829666, 0.03227412, 0.042446494), (0.0058423597, 0.03235678, 0.04195908), (0.005312796, 0.032447938, 0.041537303), (0.0047163423, 0.032539982, 0.041185275), (0.004078232, 0.0326261, 0.040897086), (0.0034201746, 0.032701634, 0.040659152), (0.002755366, 0.032764345, 0.04045512), (0.0020868457, 0.03281371, 0.040271837), (0.001409626, 0.03284977, 0.040104393), (0.00071569666, 0.03287221, 0.039958604), (2.0133194e-18, 0.03288, 0.03985), (-0.0007348393, 0.032871787, 0.039799664), (-0.0014767817, 0.03284682, 0.039828103), (-0.0022063048, 0.032805894, 0.039949186), (-0.0029013352, 0.032751743, 0.04016594), (-0.0035434044, 0.03268851, 0.040469598), (-0.004122797, 0.032620497, 0.04084213), (-0.004640805, 0.03255084, 0.0412613), (-0.0051082144, 0.032480773, 0.041706704), (-0.0055404464, 0.032409843, 0.042164758), (-0.0059509273, 0.032336988, 0.042631105), (-0.0063449084, 0.032261997, 0.04310978), (-0.006715856, 0.032186825, 0.043609574), (-0.007045726, 0.032116227, 0.044138957), (-0.007309136, 0.032057308, 0.04470134), (-0.0074801473, 0.032017834, 0.04529235), (-0.009377, 0.03151454, 0.0459), (-0.009303917, 0.031536195, 0.04665956), (-0.009093293, 0.03159757, 0.04739832), (-0.008768579, 0.031689215, 0.048101302), (-0.008361464, 0.031799063, 0.048763033), (-0.007903056, 0.03191608, 0.04938778), (-0.0074155317, 0.032032862, 0.049986117), (-0.006906925, 0.032146364, 0.05056905), (-0.0063706883, 0.032256916, 0.05114162), (-0.0057900907, 0.032366175, 0.051698375), (-0.0051458552, 0.03247483, 0.052222338), (-0.004424412, 0.03258096, 0.052688), (-0.003624014, 0.03267967, 0.05306758), (-0.002756715, 0.032764234, 0.053338517), (-0.0018456277, 0.03282816, 0.053489868), (-0.0009185061, 0.032867167, 0.05352542), (2.0133194e-18, 0.03288, 0.0534625), (0.0008945811, 0.032867827, 0.05332675), (0.0017617287, 0.032832768, 0.053144507), (0.0026075705, 0.032776438, 0.052935205), (0.003441934, 0.03269935, 0.0527061), (0.0042708637, 0.032601442, 0.05245106), (0.0050903955, 0.03248357, 0.05215364), (0.005883968, 0.03234924, 0.051793408), (0.00662458, 0.032205734, 0.05135337), (0.007281075, 0.032063693, 0.050826147), (0.00782645, 0.03193495, 0.05021688), (0.008245379, 0.03182936, 0.0495421), (0.008538454, 0.031751994, 0.048825055), (0.008721743, 0.03170214, 0.048089255), (0.008821715, 0.031674467, 0.04735242), (0.008866987, 0.03166182, 0.04662295), (0.008879369, 0.03165835, 0.0459), (0.008866987, 0.03166182, 0.04517705), (0.008821715, 0.031674467, 0.04444758), (0.008721743, 0.03170214, 0.043710746), (0.008538454, 0.031751994, 0.042974945), (0.008245379, 0.03182936, 0.0422579), (0.00782645, 0.03193495, 0.041583117), (0.007281075, 0.032063693, 0.040973853), (0.00662458, 0.032205734, 0.04044663), (0.005883968, 0.03234924, 0.040006593), (0.0050903955, 0.03248357, 0.03964636), (0.0042708637, 0.032601442, 0.03934894), (0.003441934, 0.03269935, 0.0390939), (0.0026075705, 0.032776438, 0.038864795), (0.0017617287, 0.032832768, 0.038655493), (0.0008945811, 0.032867827, 0.038473252), (2.0133194e-18, 0.03288, 0.0383375), (-0.0009185061, 0.032867167, 0.03827458), (-0.0018456277, 0.03282816, 0.03831013), (-0.002756715, 0.032764234, 0.038461484), (-0.003624014, 0.03267967, 0.03873242), (-0.004424412, 0.03258096, 0.039111998), (-0.0051458552, 0.03247483, 0.039577663), (-0.0057900907, 0.032366175, 0.040101625), (-0.0063706883, 0.032256916, 0.04065838), (-0.006906925, 0.032146364, 0.04123095), (-0.0074155317, 0.032032862, 0.04181388), (-0.007903056, 0.03191608, 0.04241222), (-0.008361464, 0.031799063, 0.043036968), (-0.008768579, 0.031689215, 0.0436987), (-0.009093293, 0.03159757, 0.04440168), (-0.009303917, 0.031536195, 0.04514044), (-0.011183124, 0.03091977, 0.0459), (-0.011097065, 0.03095076, 0.046811473), (-0.0108488975, 0.031038618, 0.047697987), (-0.010465879, 0.031169854, 0.048541564), (-0.009984965, 0.03132722, 0.04933564), (-0.009442581, 0.031494953, 0.050085332), (-0.008864788, 0.031662438, 0.05080334), (-0.008261031, 0.0318253, 0.05150286), (-0.0076234746, 0.031984013, 0.052189942), (-0.00693212, 0.03214094, 0.05285805), (-0.0061638304, 0.032297082, 0.053486805), (-0.0053021954, 0.03244967, 0.0540456), (-0.004344925, 0.032591656, 0.054501094), (-0.003306348, 0.03271334, 0.054826222), (-0.0022142408, 0.032805357, 0.05500784), (-0.0011021442, 0.032861523, 0.055050507), (2.0133194e-18, 0.03288, 0.054975), (0.001073439, 0.032862473, 0.054812096), (0.0021136287, 0.032811996, 0.05459341), (0.003127638, 0.032730907, 0.054342248), (0.004126988, 0.032619968, 0.054067317), (0.0051186546, 0.03247913, 0.05376127), (0.006097639, 0.032309644, 0.05340437), (0.007043975, 0.032116614, 0.05297209), (0.00792546, 0.031910524, 0.052444045), (0.008705271, 0.031706665, 0.05181138), (0.009351854, 0.031522013, 0.051080257), (0.009847701, 0.031370644, 0.050270516), (0.010194131, 0.031259783, 0.049410064), (0.010410591, 0.031188363, 0.048527103), (0.01052859, 0.031148728, 0.047642905), (0.01058201, 0.03113062, 0.04676754), (0.010596619, 0.03112565, 0.0459), (0.01058201, 0.03113062, 0.04503246), (0.01052859, 0.031148728, 0.044157095), (0.010410591, 0.031188363, 0.043272898), (0.010194131, 0.031259783, 0.042389937), (0.009847701, 0.031370644, 0.04152948), (0.009351854, 0.031522013, 0.040719744), (0.008705271, 0.031706665, 0.039988622), (0.00792546, 0.031910524, 0.039355956), (0.007043975, 0.032116614, 0.03882791), (0.006097639, 0.032309644, 0.038395632), (0.0051186546, 0.03247913, 0.03803873), (0.004126988, 0.032619968, 0.03773268), (0.003127638, 0.032730907, 0.037457753), (0.0021136287, 0.032811996, 0.03720659), (0.001073439, 0.032862473, 0.036987904), (2.0133194e-18, 0.03288, 0.036825), (-0.0011021442, 0.032861523, 0.036749493), (-0.0022142408, 0.032805357, 0.036792155), (-0.003306348, 0.03271334, 0.03697378), (-0.004344925, 0.032591656, 0.037298907), (-0.0053021954, 0.03244967, 0.037754398), (-0.0061638304, 0.032297082, 0.038313195), (-0.00693212, 0.03214094, 0.03894195), (-0.0076234746, 0.031984013, 0.039610054), (-0.008261031, 0.0318253, 0.04029714), (-0.008864788, 0.031662438, 0.04099666), (-0.009442581, 0.031494953, 0.04171467), (-0.009984965, 0.03132722, 0.04246436), (-0.010465879, 0.031169854, 0.043258436), (-0.0108488975, 0.031038618, 0.044102013), (-0.011097065, 0.03095076, 0.044988528), (-0.012951844, 0.030221583, 0.0459), (-0.012853691, 0.03026346, 0.046963383), (-0.012570437, 0.030382207, 0.04799765), (-0.012132678, 0.030559655, 0.048981823), (-0.011582067, 0.030772556, 0.049908247), (-0.010959854, 0.030999612, 0.05078289), (-0.010295697, 0.03122648, 0.051620565), (-0.009600337, 0.031447224, 0.052436672), (-0.008864668, 0.03166247, 0.05323827), (-0.00806546, 0.031875424, 0.054017726), (-0.0071757175, 0.032087434, 0.054751273), (-0.006176116, 0.032294735, 0.0554032), (-0.0050637154, 0.03248774, 0.05593461), (-0.0038550496, 0.032653224, 0.056313924), (-0.0025825747, 0.03277842, 0.056525815), (-0.001285748, 0.03285485, 0.056575593), (2.0133194e-18, 0.03288, 0.0564875), (0.0012522651, 0.032856144, 0.056297444), (0.002465286, 0.03278745, 0.05604231), (0.003646917, 0.032677125, 0.055749286), (0.004810226, 0.032526236, 0.05542854), (0.0059629716, 0.03233477, 0.05507148), (0.0070989896, 0.032104496, 0.054655097), (0.008194863, 0.031842403, 0.05415077), (0.009213295, 0.031562787, 0.053534716), (0.010112109, 0.031286415, 0.052796606), (0.010855656, 0.031036256, 0.051943634), (0.0114247175, 0.030831318, 0.050998937), (0.011821675, 0.030681303, 0.049995076), (0.012069432, 0.03058469, 0.048964955), (0.012204399, 0.030531082, 0.04793339), (0.012265481, 0.030506596, 0.04691213), (0.0122821815, 0.030499876, 0.0459), (0.012265481, 0.030506596, 0.04488787), (0.012204399, 0.030531082, 0.043866612), (0.012069432, 0.03058469, 0.042835046), (0.011821675, 0.030681303, 0.041804925), (0.0114247175, 0.030831318, 0.040801063), (0.010855656, 0.031036256, 0.039856367), (0.010112109, 0.031286415, 0.039003395), (0.009213295, 0.031562787, 0.03826528), (0.008194863, 0.031842403, 0.03764923), (0.0070989896, 0.032104496, 0.037144903), (0.0059629716, 0.03233477, 0.036728516), (0.004810226, 0.032526236, 0.036371462), (0.003646917, 0.032677125, 0.036050715), (0.002465286, 0.03278745, 0.035757687), (0.0012522651, 0.032856144, 0.035502553), (2.0133194e-18, 0.03288, 0.0353125), (-0.001285748, 0.03285485, 0.035224408), (-0.0025825747, 0.03277842, 0.03527418), (-0.0038550496, 0.032653224, 0.035486076), (-0.0050637154, 0.03248774, 0.03586539), (-0.006176116, 0.032294735, 0.036396798), (-0.0071757175, 0.032087434, 0.037048727), (-0.00806546, 0.031875424, 0.037782274), (-0.008864668, 0.03166247, 0.03856173), (-0.009600337, 0.031447224, 0.03936333), (-0.010295697, 0.03122648, 0.040179435), (-0.010959854, 0.030999612, 0.04101711), (-0.011582067, 0.030772556, 0.041891754), (-0.012132678, 0.030559655, 0.042818177), (-0.012570437, 0.030382207, 0.04380235), (-0.012853691, 0.03026346, 0.044836618), (-0.014677246, 0.029422319, 0.0459), (-0.014568012, 0.029476557, 0.047115296), (-0.014252507, 0.029630397, 0.048297316), (-0.013764121, 0.029860398, 0.049422085), (-0.013148545, 0.030136526, 0.050480854), (-0.012451303, 0.030431224, 0.051480442), (-0.011705296, 0.030725893, 0.05243779), (-0.010922445, 0.031012813, 0.05337048), (-0.010092381, 0.03129278, 0.05428659), (-0.009188693, 0.031569958, 0.0551774), (-0.008180517, 0.03184609, 0.05601574), (-0.007045536, 0.03211627, 0.0567608), (-0.0057800356, 0.03236797, 0.057368126), (-0.0044026645, 0.032583907, 0.057801627), (-0.0029505827, 0.032747343, 0.05804379), (-0.0014693115, 0.032847155, 0.058100674), (2.0133194e-18, 0.03288, 0.058), (0.0014310542, 0.032848842, 0.057782795), (0.0028166599, 0.032759134, 0.057491213), (0.0041652764, 0.032615103, 0.057156328), (0.005491348, 0.032418195, 0.05678976), (0.0068032416, 0.032168467, 0.056381695), (0.00809348, 0.031868324, 0.055905826), (0.00933514, 0.031526964, 0.05532945), (0.010485966, 0.031163102, 0.054625392), (0.011498781, 0.030803774, 0.053781837), (0.012334379, 0.030478803, 0.05280701), (0.01297238, 0.030212775, 0.05172736), (0.013416595, 0.03001815, 0.050580084), (0.013693483, 0.029892858, 0.049402803), (0.0138441995, 0.029823355, 0.04822387), (0.01391238, 0.02979161, 0.04705672), (0.013931019, 0.0297829, 0.0459), (0.01391238, 0.02979161, 0.04474328), (0.0138441995, 0.029823355, 0.04357613), (0.013693483, 0.029892858, 0.042397194), (0.013416595, 0.03001815, 0.041219916), (0.01297238, 0.030212775, 0.040072642), (0.012334379, 0.030478803, 0.03899299), (0.011498781, 0.030803774, 0.038018163), (0.010485966, 0.031163102, 0.03717461), (0.00933514, 0.031526964, 0.036470547), (0.00809348, 0.031868324, 0.035894174), (0.0068032416, 0.032168467, 0.035418306), (0.005491348, 0.032418195, 0.03501024), (0.0041652764, 0.032615103, 0.034643672), (0.0028166599, 0.032759134, 0.034308787), (0.0014310542, 0.032848842, 0.034017205), (2.0133194e-18, 0.03288, 0.0338), (-0.0014693115, 0.032847155, 0.033699326), (-0.0029505827, 0.032747343, 0.033756208), (-0.0044026645, 0.032583907, 0.03399837), (-0.0057800356, 0.03236797, 0.034431875), (-0.007045536, 0.03211627, 0.035039198), (-0.008180517, 0.03184609, 0.03578426), (-0.009188693, 0.031569958, 0.0366226), (-0.010092381, 0.03129278, 0.03751341), (-0.010922445, 0.031012813, 0.038429517), (-0.011705296, 0.030725893, 0.03936221), (-0.012451303, 0.030431224, 0.04031956), (-0.013148545, 0.030136526, 0.041319147), (-0.013764121, 0.029860398, 0.042377915), (-0.014252507, 0.029630397, 0.043502685), (-0.014568012, 0.029476557, 0.044684704), (-0.03288, 4.0266387e-18, 0.0459), (-0.032825015, -0.0019007397, 0.0459), (-0.03282589, -0.0018855203, 0.046051912), (-0.03282838, -0.0018417139, 0.046199664), (-0.03283209, -0.001774336, 0.04634026), (-0.032836534, -0.0016901179, 0.046472605), (-0.03284126, -0.0015956135, 0.046597555), (-0.032845974, -0.0014954602, 0.046717223), (-0.03285055, -0.0013913361, 0.04683381), (-0.032855, -0.0012819226, 0.046948325), (-0.032859396, -0.0011638452, 0.047059674), (-0.032863762, -0.0010332492, 0.047164466), (-0.03286802, -0.000887467, 0.0472576), (-0.03287198, -0.0007262194, 0.047333516), (-0.032875367, -0.0005519651, 0.047387704), (-0.032877926, -0.0003693119, 0.047417972), (-0.032879487, -0.00018372417, 0.047425084), (-0.03288, 4.0266387e-18, 0.0474125), (-0.032879513, 0.00017893741, 0.04738535), (-0.032878112, 0.00035250778, 0.0473489), (-0.032875855, 0.00052204035, 0.04730704), (-0.032872766, 0.0006895997, 0.04726122), (-0.032868844, 0.0008564962, 0.047210213), (-0.032864112, 0.0010220258, 0.047150727), (-0.032858714, 0.0011829115, 0.04707868), (-0.03285294, 0.0013336815, 0.046990674), (-0.03284722, 0.0014678991, 0.04688523), (-0.03284202, 0.0015798528, 0.046763375), (-0.032837756, 0.0016661542, 0.04662842), (-0.03283463, 0.0017266965, 0.04648501), (-0.03283261, 0.0017646328, 0.04633785), (-0.032831494, 0.0017853488, 0.046190485), (-0.03283098, 0.0017947358, 0.04604459), (-0.03283084, 0.0017973038, 0.0459), (-0.03283098, 0.0017947358, 0.04575541), (-0.032831494, 0.0017853488, 0.045609515), (-0.03283261, 0.0017646328, 0.04546215), (-0.03283463, 0.0017266965, 0.04531499), (-0.032837756, 0.0016661542, 0.04517158), (-0.03284202, 0.0015798528, 0.045036625), (-0.03284722, 0.0014678991, 0.04491477), (-0.03285294, 0.0013336815, 0.044809327), (-0.032858714, 0.0011829115, 0.04472132), (-0.032864112, 0.0010220258, 0.044649273), (-0.032868844, 0.0008564962, 0.044589788), (-0.032872766, 0.0006895997, 0.04453878), (-0.032875855, 0.00052204035, 0.04449296), (-0.032878112, 0.00035250778, 0.0444511), (-0.032879513, 0.00017893741, 0.04441465), (-0.03288, 4.0266387e-18, 0.0443875), (-0.032879487, -0.00018372417, 0.044374917), (-0.032877926, -0.0003693119, 0.044382025), (-0.032875367, -0.0005519651, 0.044412296), (-0.03287198, -0.0007262194, 0.044466484), (-0.03286802, -0.000887467, 0.0445424), (-0.032863762, -0.0010332492, 0.044635534), (-0.032859396, -0.0011638452, 0.044740323), (-0.032855, -0.0012819226, 0.044851676), (-0.03285055, -0.0013913361, 0.04496619), (-0.032845974, -0.0014954602, 0.045082778), (-0.03284126, -0.0015956135, 0.045202445), (-0.032836534, -0.0016901179, 0.04532739), (-0.03283209, -0.001774336, 0.04545974), (-0.03282838, -0.0018417139, 0.045600336), (-0.03282589, -0.0018855203, 0.04574809), (-0.032660242, -0.0037951223, 0.0459), (-0.032663748, -0.003764835, 0.046203822), (-0.03267368, -0.003677645, 0.046499327), (-0.0326885, -0.003543501, 0.046780523), (-0.032706246, -0.0033757673, 0.047045212), (-0.032725137, -0.003187467, 0.047295112), (-0.032743964, -0.002987825, 0.047534447), (-0.032762248, -0.0027801797, 0.04776762), (-0.03278004, -0.0025618959, 0.047996648), (-0.03279761, -0.0023262317, 0.04821935), (-0.03281506, -0.002065478, 0.048428934), (-0.032832094, -0.0017742873, 0.0486152), (-0.03284792, -0.0014520844, 0.04876703), (-0.032861467, -0.0011037745, 0.048875406), (-0.032871705, -0.0007385772, 0.048935946), (-0.032877948, -0.0003674426, 0.04895017), (-0.03288, 4.0266387e-18, 0.048925), (-0.032878052, 0.00035786952, 0.048870698), (-0.032872442, 0.00070497504, 0.048797805), (-0.032863423, 0.0010439492, 0.048714083), (-0.032851074, 0.0013788961, 0.04862244), (-0.03283538, 0.0017124112, 0.048520423), (-0.032816462, 0.002043064, 0.048401456), (-0.032794885, 0.0023642913, 0.048257362), (-0.032771807, 0.002665168, 0.04808135), (-0.032748934, 0.002932871, 0.04787046), (-0.03272818, 0.0031560562, 0.047626752), (-0.03271114, 0.0033280274, 0.04735684), (-0.032698646, 0.003448628, 0.047070023), (-0.03269059, 0.003524179, 0.046775702), (-0.032686114, 0.0035654297, 0.04648097), (-0.03268407, 0.0035841202, 0.04618918), (-0.03268351, 0.0035892332, 0.0459), (-0.03268407, 0.0035841202, 0.04561082), (-0.032686114, 0.0035654297, 0.045319032), (-0.03269059, 0.003524179, 0.045024298), (-0.032698646, 0.003448628, 0.044729978), (-0.03271114, 0.0033280274, 0.04444316), (-0.03272818, 0.0031560562, 0.044173248), (-0.032748934, 0.002932871, 0.04392954), (-0.032771807, 0.002665168, 0.04371865), (-0.032794885, 0.0023642913, 0.04354264), (-0.032816462, 0.002043064, 0.043398544), (-0.03283538, 0.0017124112, 0.043279577), (-0.032851074, 0.0013788961, 0.04317756), (-0.032863423, 0.0010439492, 0.043085918), (-0.032872442, 0.00070497504, 0.043002196), (-0.032878052, 0.00035786952, 0.042929303), (-0.03288, 4.0266387e-18, 0.042875), (-0.032877948, -0.0003674426, 0.04284983), (-0.032871705, -0.0007385772, 0.04286405), (-0.032861467, -0.0011037745, 0.042924594), (-0.03284792, -0.0014520844, 0.04303297), (-0.032832094, -0.0017742873, 0.0431848), (-0.03281506, -0.002065478, 0.043371066), (-0.03279761, -0.0023262317, 0.04358065), (-0.03278004, -0.0025618959, 0.043803353), (-0.032762248, -0.0027801797, 0.04403238), (-0.032743964, -0.002987825, 0.044265553), (-0.032725137, -0.003187467, 0.04450489), (-0.032706246, -0.0033757673, 0.04475479), (-0.0326885, -0.003543501, 0.045019478), (-0.03267368, -0.003677645, 0.04530067), (-0.032663748, -0.003764835, 0.045596175), (-0.032386236, -0.0056768116, 0.0459), (-0.0323941, -0.005631759, 0.046355736), (-0.032416385, -0.0055020284, 0.046798993), (-0.032449648, -0.00530234, 0.04722078), (-0.032489486, -0.005052491, 0.04761782), (-0.032531895, -0.00477181, 0.047992665), (-0.032574188, -0.004474006, 0.04835167), (-0.03261526, -0.004164043, 0.04870143), (-0.032655235, -0.0038379733, 0.04904497), (-0.032694712, -0.0034857027, 0.049379025), (-0.032733947, -0.0030956662, 0.049693402), (-0.03277224, -0.002659815, 0.0499728), (-0.032807834, -0.002177241, 0.050200548), (-0.032838307, -0.001655273, 0.050363112), (-0.032861333, -0.0011077493, 0.05045392), (-0.03287538, -0.00055114954, 0.050475255), (-0.03288, 4.0266387e-18, 0.0504375), (-0.032875616, 0.00053679105, 0.05035605), (-0.032862995, 0.0010573613, 0.050246704), (-0.032842707, 0.0015655947, 0.05012112), (-0.032814927, 0.0020675857, 0.049983658), (-0.03277963, 0.002567164, 0.049830634), (-0.032737102, 0.0030621276, 0.049652185), (-0.032688595, 0.0035426102, 0.049436044), (-0.032636732, 0.0039922674, 0.04917202), (-0.032585345, 0.0043919943, 0.04885569), (-0.03253873, 0.0047249687, 0.04849013), (-0.032500472, 0.004981349, 0.048085257), (-0.03247242, 0.005161042, 0.04765503), (-0.032454334, 0.005273567, 0.04721355), (-0.032444295, 0.0053349906, 0.04677145), (-0.03243971, 0.005362818, 0.04633377), (-0.032438446, 0.0053704297, 0.0459), (-0.03243971, 0.005362818, 0.04546623), (-0.032444295, 0.0053349906, 0.04502855), (-0.032454334, 0.005273567, 0.04458645), (-0.03247242, 0.005161042, 0.04414497), (-0.032500472, 0.004981349, 0.04371474), (-0.03253873, 0.0047249687, 0.04330987), (-0.032585345, 0.0043919943, 0.042944312), (-0.032636732, 0.0039922674, 0.04262798), (-0.032688595, 0.0035426102, 0.042363957), (-0.032737102, 0.0030621276, 0.042147815), (-0.03277963, 0.002567164, 0.041969366), (-0.032814927, 0.0020675857, 0.04181634), (-0.032842707, 0.0015655947, 0.041678876), (-0.032862995, 0.0010573613, 0.041553296), (-0.032875616, 0.00053679105, 0.04144395), (-0.03288, 4.0266387e-18, 0.0413625), (-0.03287538, -0.00055114954, 0.041324746), (-0.032861333, -0.0011077493, 0.041346077), (-0.032838307, -0.001655273, 0.04143689), (-0.032807834, -0.002177241, 0.041599452), (-0.03277224, -0.002659815, 0.041827198), (-0.032733947, -0.0030956662, 0.0421066), (-0.032694712, -0.0034857027, 0.042420976), (-0.032655235, -0.0038379733, 0.042755026), (-0.03261526, -0.004164043, 0.04309857), (-0.032574188, -0.004474006, 0.04344833), (-0.032531895, -0.00477181, 0.043807335), (-0.032489486, -0.005052491, 0.04418218), (-0.032449648, -0.00530234, 0.04457922), (-0.032416385, -0.0055020284, 0.045001008), (-0.0323941, -0.005631759, 0.045444265), (-0.03200391, -0.0075395145, 0.0459), (-0.032017834, -0.0074801473, 0.046507645), (-0.032057308, -0.007309136, 0.047098655), (-0.032116227, -0.007045726, 0.047661044), (-0.032186825, -0.006715856, 0.048190426), (-0.032261997, -0.0063449084, 0.048690222), (-0.032336988, -0.0059509273, 0.049168896), (-0.032409843, -0.0055404464, 0.04963524), (-0.032480773, -0.0051082144, 0.050093297), (-0.03255084, -0.004640805, 0.0505387), (-0.032620497, -0.004122797, 0.05095787), (-0.03268851, -0.0035434044, 0.0513304), (-0.032751743, -0.0029013352, 0.051634062), (-0.032805894, -0.0022063048, 0.051850814), (-0.03284682, -0.0014767817, 0.051971894), (-0.032871787, -0.0007348393, 0.052000336), (-0.03288, 4.0266387e-18, 0.05195), (-0.03287221, 0.00071569666, 0.051841397), (-0.03284977, 0.001409626, 0.051695608), (-0.03281371, 0.0020868457, 0.051528163), (-0.032764345, 0.002755366, 0.05134488), (-0.032701634, 0.0034201746, 0.05114085), (-0.0326261, 0.004078232, 0.050902914), (-0.032539982, 0.0047163423, 0.050614726), (-0.032447938, 0.005312796, 0.050262697), (-0.03235678, 0.0058423597, 0.04984092), (-0.03227412, 0.0062829666, 0.049353506), (-0.032206293, 0.0066218716, 0.04881368), (-0.03215658, 0.0068592126, 0.048240043), (-0.032124534, 0.0070077544, 0.047651403), (-0.032106746, 0.0070888107, 0.047061935), (-0.032098617, 0.0071255257, 0.04647836), (-0.032096386, 0.0071355677, 0.0459), (-0.032098617, 0.0071255257, 0.04532164), (-0.032106746, 0.0070888107, 0.044738065), (-0.032124534, 0.0070077544, 0.044148598), (-0.03215658, 0.0068592126, 0.043559957), (-0.032206293, 0.0066218716, 0.042986322), (-0.03227412, 0.0062829666, 0.042446494), (-0.03235678, 0.0058423597, 0.04195908), (-0.032447938, 0.005312796, 0.041537303), (-0.032539982, 0.0047163423, 0.041185275), (-0.0326261, 0.004078232, 0.040897086), (-0.032701634, 0.0034201746, 0.040659152), (-0.032764345, 0.002755366, 0.04045512), (-0.03281371, 0.0020868457, 0.040271837), (-0.03284977, 0.001409626, 0.040104393), (-0.03287221, 0.00071569666, 0.039958604), (-0.03288, 4.0266387e-18, 0.03985), (-0.032871787, -0.0007348393, 0.039799664), (-0.03284682, -0.0014767817, 0.039828103), (-0.032805894, -0.0022063048, 0.039949186), (-0.032751743, -0.0029013352, 0.04016594), (-0.03268851, -0.0035434044, 0.040469598), (-0.032620497, -0.004122797, 0.04084213), (-0.03255084, -0.004640805, 0.0412613), (-0.032480773, -0.0051082144, 0.041706704), (-0.032409843, -0.0055404464, 0.042164758), (-0.032336988, -0.0059509273, 0.042631105), (-0.032261997, -0.0063449084, 0.04310978), (-0.032186825, -0.006715856, 0.043609574), (-0.032116227, -0.007045726, 0.044138957), (-0.032057308, -0.007309136, 0.04470134), (-0.032017834, -0.0074801473, 0.04529235), (-0.03151454, -0.009377, 0.0459), (-0.031536195, -0.009303917, 0.04665956), (-0.03159757, -0.009093293, 0.04739832), (-0.031689215, -0.008768579, 0.048101302), (-0.031799063, -0.008361464, 0.048763033), (-0.03191608, -0.007903056, 0.04938778), (-0.032032862, -0.0074155317, 0.049986117), (-0.032146364, -0.006906925, 0.05056905), (-0.032256916, -0.0063706883, 0.05114162), (-0.032366175, -0.0057900907, 0.051698375), (-0.03247483, -0.0051458552, 0.052222338), (-0.03258096, -0.004424412, 0.052688), (-0.03267967, -0.003624014, 0.05306758), (-0.032764234, -0.002756715, 0.053338517), (-0.03282816, -0.0018456277, 0.053489868), (-0.032867167, -0.0009185061, 0.05352542), (-0.03288, 4.0266387e-18, 0.0534625), (-0.032867827, 0.0008945811, 0.05332675), (-0.032832768, 0.0017617287, 0.053144507), (-0.032776438, 0.0026075705, 0.052935205), (-0.03269935, 0.003441934, 0.0527061), (-0.032601442, 0.0042708637, 0.05245106), (-0.03248357, 0.0050903955, 0.05215364), (-0.03234924, 0.005883968, 0.051793408), (-0.032205734, 0.00662458, 0.05135337), (-0.032063693, 0.007281075, 0.050826147), (-0.03193495, 0.00782645, 0.05021688), (-0.03182936, 0.008245379, 0.0495421), (-0.031751994, 0.008538454, 0.048825055), (-0.03170214, 0.008721743, 0.048089255), (-0.031674467, 0.008821715, 0.04735242), (-0.03166182, 0.008866987, 0.04662295), (-0.03165835, 0.008879369, 0.0459), (-0.03166182, 0.008866987, 0.04517705), (-0.031674467, 0.008821715, 0.04444758), (-0.03170214, 0.008721743, 0.043710746), (-0.031751994, 0.008538454, 0.042974945), (-0.03182936, 0.008245379, 0.0422579), (-0.03193495, 0.00782645, 0.041583117), (-0.032063693, 0.007281075, 0.040973853), (-0.032205734, 0.00662458, 0.04044663), (-0.03234924, 0.005883968, 0.040006593), (-0.03248357, 0.0050903955, 0.03964636), (-0.032601442, 0.0042708637, 0.03934894), (-0.03269935, 0.003441934, 0.0390939), (-0.032776438, 0.0026075705, 0.038864795), (-0.032832768, 0.0017617287, 0.038655493), (-0.032867827, 0.0008945811, 0.038473252), (-0.03288, 4.0266387e-18, 0.0383375), (-0.032867167, -0.0009185061, 0.03827458), (-0.03282816, -0.0018456277, 0.03831013), (-0.032764234, -0.002756715, 0.038461484), (-0.03267967, -0.003624014, 0.03873242), (-0.03258096, -0.004424412, 0.039111998), (-0.03247483, -0.0051458552, 0.039577663), (-0.032366175, -0.0057900907, 0.040101625), (-0.032256916, -0.0063706883, 0.04065838), (-0.032146364, -0.006906925, 0.04123095), (-0.032032862, -0.0074155317, 0.04181388), (-0.03191608, -0.007903056, 0.04241222), (-0.031799063, -0.008361464, 0.043036968), (-0.031689215, -0.008768579, 0.0436987), (-0.03159757, -0.009093293, 0.04440168), (-0.031536195, -0.009303917, 0.04514044), (-0.03091977, -0.011183124, 0.0459), (-0.03095076, -0.011097065, 0.046811473), (-0.031038618, -0.0108488975, 0.047697987), (-0.031169854, -0.010465879, 0.048541564), (-0.03132722, -0.009984965, 0.04933564), (-0.031494953, -0.009442581, 0.050085332), (-0.031662438, -0.008864788, 0.05080334), (-0.0318253, -0.008261031, 0.05150286), (-0.031984013, -0.0076234746, 0.052189942), (-0.03214094, -0.00693212, 0.05285805), (-0.032297082, -0.0061638304, 0.053486805), (-0.03244967, -0.0053021954, 0.0540456), (-0.032591656, -0.004344925, 0.054501094), (-0.03271334, -0.003306348, 0.054826222), (-0.032805357, -0.0022142408, 0.05500784), (-0.032861523, -0.0011021442, 0.055050507), (-0.03288, 4.0266387e-18, 0.054975), (-0.032862473, 0.001073439, 0.054812096), (-0.032811996, 0.0021136287, 0.05459341), (-0.032730907, 0.003127638, 0.054342248), (-0.032619968, 0.004126988, 0.054067317), (-0.03247913, 0.0051186546, 0.05376127), (-0.032309644, 0.006097639, 0.05340437), (-0.032116614, 0.007043975, 0.05297209), (-0.031910524, 0.00792546, 0.052444045), (-0.031706665, 0.008705271, 0.05181138), (-0.031522013, 0.009351854, 0.051080257), (-0.031370644, 0.009847701, 0.050270516), (-0.031259783, 0.010194131, 0.049410064), (-0.031188363, 0.010410591, 0.048527103), (-0.031148728, 0.01052859, 0.047642905), (-0.03113062, 0.01058201, 0.04676754), (-0.03112565, 0.010596619, 0.0459), (-0.03113062, 0.01058201, 0.04503246), (-0.031148728, 0.01052859, 0.044157095), (-0.031188363, 0.010410591, 0.043272898), (-0.031259783, 0.010194131, 0.042389937), (-0.031370644, 0.009847701, 0.04152948), (-0.031522013, 0.009351854, 0.040719744), (-0.031706665, 0.008705271, 0.039988622), (-0.031910524, 0.00792546, 0.039355956), (-0.032116614, 0.007043975, 0.03882791), (-0.032309644, 0.006097639, 0.038395632), (-0.03247913, 0.0051186546, 0.03803873), (-0.032619968, 0.004126988, 0.03773268), (-0.032730907, 0.003127638, 0.037457753), (-0.032811996, 0.0021136287, 0.03720659), (-0.032862473, 0.001073439, 0.036987904), (-0.03288, 4.0266387e-18, 0.036825), (-0.032861523, -0.0011021442, 0.036749493), (-0.032805357, -0.0022142408, 0.036792155), (-0.03271334, -0.003306348, 0.03697378), (-0.032591656, -0.004344925, 0.037298907), (-0.03244967, -0.0053021954, 0.037754398), (-0.032297082, -0.0061638304, 0.038313195), (-0.03214094, -0.00693212, 0.03894195), (-0.031984013, -0.0076234746, 0.039610054), (-0.0318253, -0.008261031, 0.04029714), (-0.031662438, -0.008864788, 0.04099666), (-0.031494953, -0.009442581, 0.04171467), (-0.03132722, -0.009984965, 0.04246436), (-0.031169854, -0.010465879, 0.043258436), (-0.031038618, -0.0108488975, 0.044102013), (-0.03095076, -0.011097065, 0.044988528), (-0.030221583, -0.012951844, 0.0459), (-0.03026346, -0.012853691, 0.046963383), (-0.030382207, -0.012570437, 0.04799765), (-0.030559655, -0.012132678, 0.048981823), (-0.030772556, -0.011582067, 0.049908247), (-0.030999612, -0.010959854, 0.05078289), (-0.03122648, -0.010295697, 0.051620565), (-0.031447224, -0.009600337, 0.052436672), (-0.03166247, -0.008864668, 0.05323827), (-0.031875424, -0.00806546, 0.054017726), (-0.032087434, -0.0071757175, 0.054751273), (-0.032294735, -0.006176116, 0.0554032), (-0.03248774, -0.0050637154, 0.05593461), (-0.032653224, -0.0038550496, 0.056313924), (-0.03277842, -0.0025825747, 0.056525815), (-0.03285485, -0.001285748, 0.056575593), (-0.03288, 4.0266387e-18, 0.0564875), (-0.032856144, 0.0012522651, 0.056297444), (-0.03278745, 0.002465286, 0.05604231), (-0.032677125, 0.003646917, 0.055749286), (-0.032526236, 0.004810226, 0.05542854), (-0.03233477, 0.0059629716, 0.05507148), (-0.032104496, 0.0070989896, 0.054655097), (-0.031842403, 0.008194863, 0.05415077), (-0.031562787, 0.009213295, 0.053534716), (-0.031286415, 0.010112109, 0.052796606), (-0.031036256, 0.010855656, 0.051943634), (-0.030831318, 0.0114247175, 0.050998937), (-0.030681303, 0.011821675, 0.049995076), (-0.03058469, 0.012069432, 0.048964955), (-0.030531082, 0.012204399, 0.04793339), (-0.030506596, 0.012265481, 0.04691213), (-0.030499876, 0.0122821815, 0.0459), (-0.030506596, 0.012265481, 0.04488787), (-0.030531082, 0.012204399, 0.043866612), (-0.03058469, 0.012069432, 0.042835046), (-0.030681303, 0.011821675, 0.041804925), (-0.030831318, 0.0114247175, 0.040801063), (-0.031036256, 0.010855656, 0.039856367), (-0.031286415, 0.010112109, 0.039003395), (-0.031562787, 0.009213295, 0.03826528), (-0.031842403, 0.008194863, 0.03764923), (-0.032104496, 0.0070989896, 0.037144903), (-0.03233477, 0.0059629716, 0.036728516), (-0.032526236, 0.004810226, 0.036371462), (-0.032677125, 0.003646917, 0.036050715), (-0.03278745, 0.002465286, 0.035757687), (-0.032856144, 0.0012522651, 0.035502553), (-0.03288, 4.0266387e-18, 0.0353125), (-0.03285485, -0.001285748, 0.035224408), (-0.03277842, -0.0025825747, 0.03527418), (-0.032653224, -0.0038550496, 0.035486076), (-0.03248774, -0.0050637154, 0.03586539), (-0.032294735, -0.006176116, 0.036396798), (-0.032087434, -0.0071757175, 0.037048727), (-0.031875424, -0.00806546, 0.037782274), (-0.03166247, -0.008864668, 0.03856173), (-0.031447224, -0.009600337, 0.03936333), (-0.03122648, -0.010295697, 0.040179435), (-0.030999612, -0.010959854, 0.04101711), (-0.030772556, -0.011582067, 0.041891754), (-0.030559655, -0.012132678, 0.042818177), (-0.030382207, -0.012570437, 0.04380235), (-0.03026346, -0.012853691, 0.044836618), (-0.029422319, -0.014677246, 0.0459), (-0.029476557, -0.014568012, 0.047115296), (-0.029630397, -0.014252507, 0.048297316), (-0.029860398, -0.013764121, 0.049422085), (-0.030136526, -0.013148545, 0.050480854), (-0.030431224, -0.012451303, 0.051480442), (-0.030725893, -0.011705296, 0.05243779), (-0.031012813, -0.010922445, 0.05337048), (-0.03129278, -0.010092381, 0.05428659), (-0.031569958, -0.009188693, 0.0551774), (-0.03184609, -0.008180517, 0.05601574), (-0.03211627, -0.007045536, 0.0567608), (-0.03236797, -0.0057800356, 0.057368126), (-0.032583907, -0.0044026645, 0.057801627), (-0.032747343, -0.0029505827, 0.05804379), (-0.032847155, -0.0014693115, 0.058100674), (-0.03288, 4.0266387e-18, 0.058), (-0.032848842, 0.0014310542, 0.057782795), (-0.032759134, 0.0028166599, 0.057491213), (-0.032615103, 0.0041652764, 0.057156328), (-0.032418195, 0.005491348, 0.05678976), (-0.032168467, 0.0068032416, 0.056381695), (-0.031868324, 0.00809348, 0.055905826), (-0.031526964, 0.00933514, 0.05532945), (-0.031163102, 0.010485966, 0.054625392), (-0.030803774, 0.011498781, 0.053781837), (-0.030478803, 0.012334379, 0.05280701), (-0.030212775, 0.01297238, 0.05172736), (-0.03001815, 0.013416595, 0.050580084), (-0.029892858, 0.013693483, 0.049402803), (-0.029823355, 0.0138441995, 0.04822387), (-0.02979161, 0.01391238, 0.04705672), (-0.0297829, 0.013931019, 0.0459), (-0.02979161, 0.01391238, 0.04474328), (-0.029823355, 0.0138441995, 0.04357613), (-0.029892858, 0.013693483, 0.042397194), (-0.03001815, 0.013416595, 0.041219916), (-0.030212775, 0.01297238, 0.040072642), (-0.030478803, 0.012334379, 0.03899299), (-0.030803774, 0.011498781, 0.038018163), (-0.031163102, 0.010485966, 0.03717461), (-0.031526964, 0.00933514, 0.036470547), (-0.031868324, 0.00809348, 0.035894174), (-0.032168467, 0.0068032416, 0.035418306), (-0.032418195, 0.005491348, 0.03501024), (-0.032615103, 0.0041652764, 0.034643672), (-0.032759134, 0.0028166599, 0.034308787), (-0.032848842, 0.0014310542, 0.034017205), (-0.03288, 4.0266387e-18, 0.0338), (-0.032847155, -0.0014693115, 0.033699326), (-0.032747343, -0.0029505827, 0.033756208), (-0.032583907, -0.0044026645, 0.03399837), (-0.03236797, -0.0057800356, 0.034431875), (-0.03211627, -0.007045536, 0.035039198), (-0.03184609, -0.008180517, 0.03578426), (-0.031569958, -0.009188693, 0.0366226), (-0.03129278, -0.010092381, 0.03751341), (-0.031012813, -0.010922445, 0.038429517), (-0.030725893, -0.011705296, 0.03936221), (-0.030431224, -0.012451303, 0.04031956), (-0.030136526, -0.013148545, 0.041319147), (-0.029860398, -0.013764121, 0.042377915), (-0.029630397, -0.014252507, 0.043502685), (-0.029476557, -0.014568012, 0.044684704)]
        uniform token subdivisionScheme = "none"
    }

    def Mesh "EmblemLeaf" (
        prepend apiSchemas = ["MaterialBindingAPI"]
    )
    {
        uniform bool doubleSided = 1
        float3[] extent = [(-0.03294, -0.0342, 0.053), (0.03294, 0.03294, 0.064)]
        int[] faceVertexCounts = [3, 3, 3, 3, 3, 3, 3, 3, 3, 3, 3, 3, 3, 3, 3, 3, 3, 3, 3, 3, 3, 3, 3, 3, 3, 3, 3, 3, 3, 3, 3, 3, 3, 3, 3, 3, 3, 3, 3, 3, 3, 3, 3, 3, 3, 3, 3, 3, 3, 3, 3, 3, 3, 3, 3, 3, 3, 3, 3, 3, 3, 3, 3, 3, 3, 3, 3, 3, 3, 3, 3, 3, 3, 3, 3, 3, 3, 3, 3, 3, 3, 3, 3, 3, 3, 3, 3, 3, 3, 3, 3, 3, 3, 3, 3, 3, 3, 3, 3, 3, 3, 3, 3, 3, 3, 3, 3, 3, 3, 3, 3, 3, 3, 3, 3, 3, 3, 3, 3, 3, 3, 3, 3, 3, 3, 3, 3, 3, 3, 3, 3, 3, 3, 3, 3, 3, 3, 3, 3, 3, 3, 3, 3, 3, 3, 3, 3, 3, 3, 3, 3, 3, 3, 3, 3, 3, 3, 3, 3, 3, 3, 3, 3, 3, 3, 3, 3, 3, 3, 3, 3, 3, 3, 3, 3, 3, 3, 3, 3, 3, 3, 3, 3, 3, 3, 3, 3, 3, 3, 3, 3, 3, 3, 3, 3, 3, 3, 3, 3, 3, 3, 3, 3, 3, 3, 3, 3, 3, 3, 3, 3, 3, 3, 3, 3, 3, 3, 3, 3, 3, 3, 3, 3, 3, 3, 3, 3, 3, 3, 3, 3, 3, 3, 3, 3, 3, 3, 3, 3, 3, 3, 3, 3, 3, 3, 3, 3, 3, 3, 3, 3, 3, 3, 3, 3, 3, 3, 3, 3, 3, 3, 3, 3, 3, 3, 3, 3, 3, 3, 3, 3, 3, 3, 3, 3, 3, 3, 3, 3, 3, 3, 3, 3, 3, 3, 3, 3, 3, 3, 3, 3, 3, 3, 3, 3, 3, 3, 3, 3, 3, 3, 3, 3, 3, 3, 3, 3, 3, 3, 3, 3, 3, 3, 3, 3, 3, 3, 3, 3, 3, 3, 3, 3, 3, 3, 3, 3, 3, 3, 3, 3, 3, 3, 3, 3, 3, 3, 3, 3, 3, 3, 3, 3, 3, 3, 3, 3, 3, 3, 3, 3, 3, 3, 3, 3, 3, 3, 3, 3, 3, 3, 3, 3, 3, 3, 3, 3, 3, 3, 3, 3, 3, 3, 3, 3, 3, 3, 3, 3, 3, 3, 3, 3, 3, 3, 3, 3, 3, 3, 3, 3, 3, 3, 3, 3, 3, 3, 3, 3, 3, 3, 3, 3, 3, 3, 3, 3, 3, 3, 3, 3, 3, 3, 3, 3, 3, 3, 3, 3, 3, 3, 3, 3, 3, 3, 3, 3, 3, 3, 3, 3, 3, 3, 3, 3, 3, 3, 3, 3, 3, 3, 3, 3, 3, 3, 3, 3, 3, 3, 3, 3, 3, 3, 3, 3, 3, 3, 3, 3, 3, 3, 3, 3, 3, 3, 3, 3, 3, 3, 3, 3, 3, 3, 3, 3, 3, 3, 3, 3, 3, 3, 3, 3, 3, 3, 3, 3, 3, 3, 3, 3, 3, 3, 3, 3, 3, 3, 3, 3, 3, 3, 3, 3, 3, 3, 3, 3, 3, 3, 3, 3, 3, 3, 3, 3, 3, 3, 3, 3, 3, 3, 3, 3, 3, 3, 3, 3, 3, 3, 3, 3, 3, 3, 3, 3, 3, 3, 3, 3, 3, 3, 3, 3, 3, 3, 3, 3, 3, 3, 3, 3, 3, 3, 3, 3, 3, 3, 3, 3, 3, 3, 3, 3, 3, 3, 3, 3, 3, 3, 3, 3, 3, 3, 3, 3, 3, 3, 3, 3, 3, 3, 3, 3, 3, 3, 3, 3, 3, 3, 3, 3, 3, 3, 3, 3, 3, 3, 3, 3, 3, 3, 3, 3, 3, 3, 3, 3, 3, 3, 3, 3, 3, 3, 3, 3, 3, 3, 3, 3, 3, 3, 3, 3, 3, 3, 3, 3, 3, 3, 3, 3, 3, 3, 3, 3, 3, 3, 3, 3, 3, 3, 3, 3, 3, 3, 3, 3, 3, 3, 3, 3, 3, 3, 3, 3, 3, 3, 3, 3, 3, 3, 3, 3, 3, 3, 3, 3, 3, 3, 3, 3, 3, 3, 3, 3, 3, 3, 3, 3, 3, 3, 3, 3, 3, 3, 3, 3, 3, 3, 3, 3, 3, 3, 3, 3, 3, 3, 3, 3, 3, 3, 3, 3, 3, 3, 3, 3, 3, 3, 3, 3, 3, 3, 3, 3, 3, 3, 3, 3, 3, 3, 3, 3, 3, 3, 3, 3, 3, 3, 3, 3, 3, 3, 3, 3, 3, 3, 3, 3, 3, 3, 3, 3, 3, 3, 3, 3, 3, 3, 3, 3, 3, 3, 3, 3, 3, 3, 3, 3, 3, 3, 3, 3, 3, 3, 3, 3, 3, 3, 3, 3, 3, 3, 3, 3, 3, 3, 3, 3, 3, 3, 3, 3, 3, 3, 3, 3, 3, 3, 3, 3, 3, 3, 3, 3, 3, 3, 3, 3, 3, 3, 3, 3, 3, 3, 3, 3, 3, 3, 3, 3, 3, 3, 3, 3, 3, 3, 3, 3, 3, 3, 3, 3, 3, 3, 3, 3, 3, 3, 3, 3, 3, 3, 3, 3, 3, 3, 3, 3, 3, 3, 3, 3, 3, 3, 3, 3, 3, 3, 3, 3, 3, 3, 3, 3, 3, 3, 3, 3, 3, 3, 3, 3, 3, 3, 3, 3, 3, 3, 3, 3, 3, 3, 3, 3, 3, 3, 3, 3, 3, 3, 3, 3, 3, 3, 3, 3, 3, 3, 3, 3, 3, 3, 3, 3, 3, 3, 3, 3, 3, 3, 3, 3, 3, 3, 3, 3, 3, 3, 3, 3, 3, 3, 3, 3, 3, 3, 3, 3, 3, 3, 3, 3, 3, 3, 3, 3, 3, 3, 3, 3, 3, 3, 3, 3, 3, 3, 3, 3, 3, 3, 3, 3, 3, 3, 3, 3, 3, 3, 3, 3, 3, 3, 3, 3, 3, 3, 3, 3, 3, 3, 3, 3, 3, 3, 3, 3, 3, 3, 3, 3, 3, 3, 3, 3, 3, 3, 3, 3, 3, 3, 3, 3, 3, 3, 3, 3, 3, 3, 3, 3, 3, 3, 3, 3, 3, 3, 3, 3, 3, 3, 3, 3, 3, 3, 3, 3, 3, 3, 3, 3, 3, 3, 3, 3, 3, 3, 3, 3, 3, 3, 3, 3, 3, 3, 3, 3, 3, 3, 3, 3, 3, 3, 3, 3, 3, 3, 3, 3, 3, 3, 3, 3, 3, 3, 3, 3, 3, 3, 3, 3, 3, 3, 3, 3, 3, 3, 3, 3, 3, 3, 3, 3, 3, 3, 3, 3, 3, 3, 3, 3, 3, 3, 3, 3, 3, 3, 3, 3, 3, 3, 3, 3, 3, 3, 3, 3, 3, 3, 3, 3, 3, 3, 3, 3, 3, 3, 3, 3, 3, 3, 3, 3, 3, 3, 3, 3, 3, 3, 3, 3, 3, 3, 3, 3, 3, 3, 3, 3, 3, 3, 3, 3, 3, 3, 3, 3, 3, 3, 3, 3, 3, 3, 3, 3, 3, 3, 3, 3, 3, 3, 3, 3, 3, 3, 3, 3, 3, 3, 3, 3, 3, 3, 3, 3, 3, 3, 3, 3, 3, 3, 3, 3, 3, 3, 3, 3, 3, 3, 3, 3, 3, 3, 3, 3, 3, 3, 3, 3, 3, 3, 3, 3, 3, 3, 3, 3, 3, 3, 3, 3, 3, 3, 3, 3, 3, 3, 3, 3, 3, 3, 3, 3, 3, 3, 3, 3, 3, 3, 3, 3, 3, 3, 3, 3, 3, 3, 3, 3, 3, 3, 3, 3, 3, 3, 3, 3, 3, 3, 3, 3, 3, 3, 3, 3, 3, 3, 3, 3, 3, 3, 3, 3, 3, 3, 3, 3, 3, 3, 3, 3, 3, 3, 3, 3, 3, 3, 3, 3, 3, 3, 3, 3, 3, 3, 3, 3, 3, 3, 3, 3, 3, 3, 3, 3, 3, 3, 3, 3, 3, 3, 3, 3, 3, 3, 3, 3, 3, 3, 3, 3, 3, 3, 3, 3, 3, 3, 3, 3, 3, 3, 3, 3, 3, 3, 3, 3, 3, 3, 3, 3, 3, 3, 3, 3, 3, 3, 3, 3, 3, 3, 3, 3, 3, 3, 3, 3, 3, 3, 3, 3, 3, 3, 3, 3, 3, 3, 3, 3, 3, 3, 3, 3, 3, 3, 3, 3, 3, 3, 3, 3, 3, 3, 3, 3, 3, 3, 3, 3, 3, 3, 3, 3, 3, 3, 3, 3, 3, 3, 3, 3, 3, 3, 3, 3, 3, 3, 3, 3, 3, 3, 3, 3, 3, 3, 3, 3, 3, 3, 3, 3, 3, 3, 3, 3, 3, 3, 3, 3, 3, 3, 3, 3, 3, 3, 3, 3, 3, 3, 3, 3, 3, 3, 3, 3, 3, 3, 3, 3, 3, 3, 3, 3, 3, 3, 3, 3, 3, 3, 3, 3, 3, 3, 3, 3, 3, 3, 3, 3, 3, 3, 3, 3, 3, 3, 3, 3, 3, 3, 3, 3, 3, 3, 3, 3, 3, 3, 3, 3, 3, 3, 3, 3, 3, 3, 3, 3, 3, 3, 3, 3, 3, 3, 3, 3, 3, 3, 3, 3, 3, 3, 3, 3, 3, 3, 3, 3, 3, 3, 3, 3, 3, 3, 3, 3, 3, 3, 3, 3, 3, 3, 3, 3, 3, 3, 3, 3, 3, 3, 3, 3, 3, 3, 3, 3, 3, 3, 3, 3, 3, 3, 3, 3, 3, 3, 3, 3, 3, 3, 3, 3, 3, 3, 3, 3, 3, 3, 3, 3, 3, 3, 3, 3, 3, 3, 3, 3, 3, 3, 3, 3, 3, 3, 3, 3, 3, 3, 3, 3, 3, 3, 3, 3, 3, 3, 3, 3, 3, 3, 3, 3, 3, 3, 3, 3, 3, 3, 3, 3, 3, 3, 3, 3, 3, 3, 3, 3, 3, 3, 3, 3, 3, 3, 3, 3, 3, 3, 3, 3, 3, 3, 3, 3, 3, 3, 3, 3, 3, 3, 3, 3, 3, 3, 3, 3, 3, 3, 3, 3, 3, 3, 3, 3, 3, 3, 3, 3, 3, 3, 3, 3, 3, 3, 3, 3, 3, 3, 3, 3, 3, 3, 3, 3, 3, 3, 3, 3, 3, 3, 3, 3, 3, 3, 3, 3, 3, 3, 3, 3, 3, 3, 3, 3, 3, 3, 3, 3, 3, 3, 3, 3, 3, 3, 3, 3, 3, 3, 3, 3, 3, 3, 3, 3, 3, 3, 3, 3, 3, 3, 3, 3, 3, 3, 3, 3, 3, 3, 3, 3, 3, 3, 3, 3, 3, 3, 3, 3, 3, 3, 3, 3, 3, 3, 3, 3, 3, 3, 3, 3, 3, 3, 3, 3, 3, 3, 3, 3, 3, 3]
        int[] faceVertexIndices = [0, 1, 2, 3, 10, 4, 10, 11, 4, 4, 11, 5, 11, 12, 5, 5, 12, 6, 12, 13, 6, 6, 13, 7, 13, 14, 7, 7, 14, 8, 14, 15, 8, 8, 15, 9, 10, 16, 11, 16, 17, 11, 11, 17, 12, 17, 18, 12, 12, 18, 13, 18, 19, 13, 13, 19, 14, 19, 20, 14, 14, 20, 15, 16, 21, 17, 21, 22, 17, 17, 22, 18, 22, 23, 18, 18, 23, 19, 23, 24, 19, 19, 24, 20, 21, 25, 22, 25, 26, 22, 22, 26, 23, 26, 27, 23, 23, 27, 24, 25, 28, 26, 28, 29, 26, 26, 29, 27, 28, 30, 29, 31, 38, 32, 38, 39, 32, 32, 39, 33, 39, 40, 33, 33, 40, 34, 40, 41, 34, 34, 41, 35, 41, 42, 35, 35, 42, 36, 42, 43, 36, 36, 43, 37, 38, 44, 39, 44, 45, 39, 39, 45, 40, 45, 46, 40, 40, 46, 41, 46, 47, 41, 41, 47, 42, 47, 48, 42, 42, 48, 43, 44, 49, 45, 49, 50, 45, 45, 50, 46, 50, 51, 46, 46, 51, 47, 51, 52, 47, 47, 52, 48, 49, 53, 50, 53, 54, 50, 50, 54, 51, 54, 55, 51, 51, 55, 52, 53, 56, 54, 56, 57, 54, 54, 57, 55, 56, 58, 57, 59, 66, 60, 66, 67, 60, 60, 67, 61, 67, 68, 61, 61, 68, 62, 68, 69, 62, 62, 69, 63, 69, 70, 63, 63, 70, 64, 70, 71, 64, 64, 71, 65, 66, 72, 67, 72, 73, 67, 67, 73, 68, 73, 74, 68, 68, 74, 69, 74, 75, 69, 69, 75, 70, 75, 76, 70, 70, 76, 71, 72, 77, 73, 77, 78, 73, 73, 78, 74, 78, 79, 74, 74, 79, 75, 79, 80, 75, 75, 80, 76, 77, 81, 78, 81, 82, 78, 78, 82, 79, 82, 83, 79, 79, 83, 80, 81, 84, 82, 84, 85, 82, 82, 85, 83, 84, 86, 85, 87, 94, 88, 94, 95, 88, 88, 95, 89, 95, 96, 89, 89, 96, 90, 96, 97, 90, 90, 97, 91, 97, 98, 91, 91, 98, 92, 98, 99, 92, 92, 99, 93, 94, 100, 95, 100, 101, 95, 95, 101, 96, 101, 102, 96, 96, 102, 97, 102, 103, 97, 97, 103, 98, 103, 104, 98, 98, 104, 99, 100, 105, 101, 105, 106, 101, 101, 106, 102, 106, 107, 102, 102, 107, 103, 107, 108, 103, 103, 108, 104, 105, 109, 106, 109, 110, 106, 106, 110, 107, 110, 111, 107, 107, 111, 108, 109, 112, 110, 112, 113, 110, 110, 113, 111, 112, 114, 113, 115, 122, 116, 122, 123, 116, 116, 123, 117, 123, 124, 117, 117, 124, 118, 124, 125, 118, 118, 125, 119, 125, 126, 119, 119, 126, 120, 126, 127, 120, 120, 127, 121, 122, 128, 123, 128, 129, 123, 123, 129, 124, 129, 130, 124, 124, 130, 125, 130, 131, 125, 125, 131, 126, 131, 132, 126, 126, 132, 127, 128, 133, 129, 133, 134, 129, 129, 134, 130, 134, 135, 130, 130, 135, 131, 135, 136, 131, 131, 136, 132, 133, 137, 134, 137, 138, 134, 134, 138, 135, 138, 139, 135, 135, 139, 136, 137, 140, 138, 140, 141, 138, 138, 141, 139, 140, 142, 141, 143, 150, 144, 150, 151, 144, 144, 151, 145, 151, 152, 145, 145, 152, 146, 152, 153, 146, 146, 153, 147, 153, 154, 147, 147, 154, 148, 154, 155, 148, 148, 155, 149, 150, 156, 151, 156, 157, 151, 151, 157, 152, 157, 158, 152, 152, 158, 153, 158, 159, 153, 153, 159, 154, 159, 160, 154, 154, 160, 155, 156, 161, 157, 161, 162, 157, 157, 162, 158, 162, 163, 158, 158, 163, 159, 163, 164, 159, 159, 164, 160, 161, 165, 162, 165, 166, 162, 162, 166, 163, 166, 167, 163, 163, 167, 164, 165, 168, 166, 168, 169, 166, 166, 169, 167, 168, 170, 169, 171, 178, 172, 178, 179, 172, 172, 179, 173, 179, 180, 173, 173, 180, 174, 180, 181, 174, 174, 181, 175, 181, 182, 175, 175, 182, 176, 182, 183, 176, 176, 183, 177, 178, 184, 179, 184, 185, 179, 179, 185, 180, 185, 186, 180, 180, 186, 181, 186, 187, 181, 181, 187, 182, 187, 188, 182, 182, 188, 183, 184, 189, 185, 189, 190, 185, 185, 190, 186, 190, 191, 186, 186, 191, 187, 191, 192, 187, 187, 192, 188, 189, 193, 190, 193, 194, 190, 190, 194, 191, 194, 195, 191, 191, 195, 192, 193, 196, 194, 196, 197, 194, 194, 197, 195, 196, 198, 197, 199, 206, 200, 206, 207, 200, 200, 207, 201, 207, 208, 201, 201, 208, 202, 208, 209, 202, 202, 209, 203, 209, 210, 203, 203, 210, 204, 210, 211, 204, 204, 211, 205, 206, 212, 207, 212, 213, 207, 207, 213, 208, 213, 214, 208, 208, 214, 209, 214, 215, 209, 209, 215, 210, 215, 216, 210, 210, 216, 211, 212, 217, 213, 217, 218, 213, 213, 218, 214, 218, 219, 214, 214, 219, 215, 219, 220, 215, 215, 220, 216, 217, 221, 218, 221, 222, 218, 218, 222, 219, 222, 223, 219, 219, 223, 220, 221, 224, 222, 224, 225, 222, 222, 225, 223, 224, 226, 225, 227, 234, 228, 234, 235, 228, 228, 235, 229, 235, 236, 229, 229, 236, 230, 236, 237, 230, 230, 237, 231, 237, 238, 231, 231, 238, 232, 238, 239, 232, 232, 239, 233, 234, 240, 235, 240, 241, 235, 235, 241, 236, 241, 242, 236, 236, 242, 237, 242, 243, 237, 237, 243, 238, 243, 244, 238, 238, 244, 239, 240, 245, 241, 245, 246, 241, 241, 246, 242, 246, 247, 242, 242, 247, 243, 247, 248, 243, 243, 248, 244, 245, 249, 246, 249, 250, 246, 246, 250, 247, 250, 251, 247, 247, 251, 248, 249, 252, 250, 252, 253, 250, 250, 253, 251, 252, 254, 253, 255, 262, 256, 262, 263, 256, 256, 263, 257, 263, 264, 257, 257, 264, 258, 264, 265, 258, 258, 265, 259, 265, 266, 259, 259, 266, 260, 266, 267, 260, 260, 267, 261, 262, 268, 263, 268, 269, 263, 263, 269, 264, 269, 270, 264, 264, 270, 265, 270, 271, 265, 265, 271, 266, 271, 272, 266, 266, 272, 267, 268, 273, 269, 273, 274, 269, 269, 274, 270, 274, 275, 270, 270, 275, 271, 275, 276, 271, 271, 276, 272, 273, 277, 274, 277, 278, 274, 274, 278, 275, 278, 279, 275, 275, 279, 276, 277, 280, 278, 280, 281, 278, 278, 281, 279, 280, 282, 281, 283, 290, 284, 290, 291, 284, 284, 291, 285, 291, 292, 285, 285, 292, 286, 292, 293, 286, 286, 293, 287, 293, 294, 287, 287, 294, 288, 294, 295, 288, 288, 295, 289, 290, 296, 291, 296, 297, 291, 291, 297, 292, 297, 298, 292, 292, 298, 293, 298, 299, 293, 293, 299, 294, 299, 300, 294, 294, 300, 295, 296, 301, 297, 301, 302, 297, 297, 302, 298, 302, 303, 298, 298, 303, 299, 303, 304, 299, 299, 304, 300, 301, 305, 302, 305, 306, 302, 302, 306, 303, 306, 307, 303, 303, 307, 304, 305, 308, 306, 308, 309, 306, 306, 309, 307, 308, 310, 309, 311, 318, 312, 318, 319, 312, 312, 319, 313, 319, 320, 313, 313, 320, 314, 320, 321, 314, 314, 321, 315, 321, 322, 315, 315, 322, 316, 322, 323, 316, 316, 323, 317, 318, 324, 319, 324, 325, 319, 319, 325, 320, 325, 326, 320, 320, 326, 321, 326, 327, 321, 321, 327, 322, 327, 328, 322, 322, 328, 323, 324, 329, 325, 329, 330, 325, 325, 330, 326, 330, 331, 326, 326, 331, 327, 331, 332, 327, 327, 332, 328, 329, 333, 330, 333, 334, 330, 330, 334, 331, 334, 335, 331, 331, 335, 332, 333, 336, 334, 336, 337, 334, 334, 337, 335, 336, 338, 337, 339, 346, 340, 346, 347, 340, 340, 347, 341, 347, 348, 341, 341, 348, 342, 348, 349, 342, 342, 349, 343, 349, 350, 343, 343, 350, 344, 350, 351, 344, 344, 351, 345, 346, 352, 347, 352, 353, 347, 347, 353, 348, 353, 354, 348, 348, 354, 349, 354, 355, 349, 349, 355, 350, 355, 356, 350, 350, 356, 351, 352, 357, 353, 357, 358, 353, 353, 358, 354, 358, 359, 354, 354, 359, 355, 359, 360, 355, 355, 360, 356, 357, 361, 358, 361, 362, 358, 358, 362, 359, 362, 363, 359, 359, 363, 360, 361, 364, 362, 364, 365, 362, 362, 365, 363, 364, 366, 365, 367, 374, 368, 374, 375, 368, 368, 375, 369, 375, 376, 369, 369, 376, 370, 376, 377, 370, 370, 377, 371, 377, 378, 371, 371, 378, 372, 378, 379, 372, 372, 379, 373, 374, 380, 375, 380, 381, 375, 375, 381, 376, 381, 382, 376, 376, 382, 377, 382, 383, 377, 377, 383, 378, 383, 384, 378, 378, 384, 379, 380, 385, 381, 385, 386, 381, 381, 386, 382, 386, 387, 382, 382, 387, 383, 387, 388, 383, 383, 388, 384, 385, 389, 386, 389, 390, 386, 386, 390, 387, 390, 391, 387, 387, 391, 388, 389, 392, 390, 392, 393, 390, 390, 393, 391, 392, 394, 393, 395, 402, 396, 402, 403, 396, 396, 403, 397, 403, 404, 397, 397, 404, 398, 404, 405, 398, 398, 405, 399, 405, 406, 399, 399, 406, 400, 406, 407, 400, 400, 407, 401, 402, 408, 403, 408, 409, 403, 403, 409, 404, 409, 410, 404, 404, 410, 405, 410, 411, 405, 405, 411, 406, 411, 412, 406, 406, 412, 407, 408, 413, 409, 413, 414, 409, 409, 414, 410, 414, 415, 410, 410, 415, 411, 415, 416, 411, 411, 416, 412, 413, 417, 414, 417, 418, 414, 414, 418, 415, 418, 419, 415, 415, 419, 416, 417, 420, 418, 420, 421, 418, 418, 421, 419, 420, 422, 421, 423, 430, 424, 430, 431, 424, 424, 431, 425, 431, 432, 425, 425, 432, 426, 432, 433, 426, 426, 433, 427, 433, 434, 427, 427, 434, 428, 434, 435, 428, 428, 435, 429, 430, 436, 431, 436, 437, 431, 431, 437, 432, 437, 438, 432, 432, 438, 433, 438, 439, 433, 433, 439, 434, 439, 440, 434, 434, 440, 435, 436, 441, 437, 441, 442, 437, 437, 442, 438, 442, 443, 438, 438, 443, 439, 443, 444, 439, 439, 444, 440, 441, 445, 442, 445, 446, 442, 442, 446, 443, 446, 447, 443, 443, 447, 444, 445, 448, 446, 448, 449, 446, 446, 449, 447, 448, 450, 449, 451, 458, 452, 458, 459, 452, 452, 459, 453, 459, 460, 453, 453, 460, 454, 460, 461, 454, 454, 461, 455, 461, 462, 455, 455, 462, 456, 462, 463, 456, 456, 463, 457, 458, 464, 459, 464, 465, 459, 459, 465, 460, 465, 466, 460, 460, 466, 461, 466, 467, 461, 461, 467, 462, 467, 468, 462, 462, 468, 463, 464, 469, 465, 469, 470, 465, 465, 470, 466, 470, 471, 466, 466, 471, 467, 471, 472, 467, 467, 472, 468, 469, 473, 470, 473, 474, 470, 470, 474, 471, 474, 475, 471, 471, 475, 472, 473, 476, 474, 476, 477, 474, 474, 477, 475, 476, 478, 477, 479, 486, 480, 486, 487, 480, 480, 487, 481, 487, 488, 481, 481, 488, 482, 488, 489, 482, 482, 489, 483, 489, 490, 483, 483, 490, 484, 490, 491, 484, 484, 491, 485, 486, 492, 487, 492, 493, 487, 487, 493, 488, 493, 494, 488, 488, 494, 489, 494, 495, 489, 489, 495, 490, 495, 496, 490, 490, 496, 491, 492, 497, 493, 497, 498, 493, 493, 498, 494, 498, 499, 494, 494, 499, 495, 499, 500, 495, 495, 500, 496, 497, 501, 498, 501, 502, 498, 498, 502, 499, 502, 503, 499, 499, 503, 500, 501, 504, 502, 504, 505, 502, 502, 505, 503, 504, 506, 505, 507, 514, 508, 514, 515, 508, 508, 515, 509, 515, 516, 509, 509, 516, 510, 516, 517, 510, 510, 517, 511, 517, 518, 511, 511, 518, 512, 518, 519, 512, 512, 519, 513, 514, 520, 515, 520, 521, 515, 515, 521, 516, 521, 522, 516, 516, 522, 517, 522, 523, 517, 517, 523, 518, 523, 524, 518, 518, 524, 519, 520, 525, 521, 525, 526, 521, 521, 526, 522, 526, 527, 522, 522, 527, 523, 527, 528, 523, 523, 528, 524, 525, 529, 526, 529, 530, 526, 526, 530, 527, 530, 531, 527, 527, 531, 528, 529, 532, 530, 532, 533, 530, 530, 533, 531, 532, 534, 533, 535, 542, 536, 542, 543, 536, 536, 543, 537, 543, 544, 537, 537, 544, 538, 544, 545, 538, 538, 545, 539, 545, 546, 539, 539, 546, 540, 546, 547, 540, 540, 547, 541, 542, 548, 543, 548, 549, 543, 543, 549, 544, 549, 550, 544, 544, 550, 545, 550, 551, 545, 545, 551, 546, 551, 552, 546, 546, 552, 547, 548, 553, 549, 553, 554, 549, 549, 554, 550, 554, 555, 550, 550, 555, 551, 555, 556, 551, 551, 556, 552, 553, 557, 554, 557, 558, 554, 554, 558, 555, 558, 559, 555, 555, 559, 556, 557, 560, 558, 560, 561, 558, 558, 561, 559, 560, 562, 561, 563, 570, 564, 570, 571, 564, 564, 571, 565, 571, 572, 565, 565, 572, 566, 572, 573, 566, 566, 573, 567, 573, 574, 567, 567, 574, 568, 574, 575, 568, 568, 575, 569, 570, 576, 571, 576, 577, 571, 571, 577, 572, 577, 578, 572, 572, 578, 573, 578, 579, 573, 573, 579, 574, 579, 580, 574, 574, 580, 575, 576, 581, 577, 581, 582, 577, 577, 582, 578, 582, 583, 578, 578, 583, 579, 583, 584, 579, 579, 584, 580, 581, 585, 582, 585, 586, 582, 582, 586, 583, 586, 587, 583, 583, 587, 584, 585, 588, 586, 588, 589, 586, 586, 589, 587, 588, 590, 589, 591, 598, 592, 598, 599, 592, 592, 599, 593, 599, 600, 593, 593, 600, 594, 600, 601, 594, 594, 601, 595, 601, 602, 595, 595, 602, 596, 602, 603, 596, 596, 603, 597, 598, 604, 599, 604, 605, 599, 599, 605, 600, 605, 606, 600, 600, 606, 601, 606, 607, 601, 601, 607, 602, 607, 608, 602, 602, 608, 603, 604, 609, 605, 609, 610, 605, 605, 610, 606, 610, 611, 606, 606, 611, 607, 611, 612, 607, 607, 612, 608, 609, 613, 610, 613, 614, 610, 610, 614, 611, 614, 615, 611, 611, 615, 612, 613, 616, 614, 616, 617, 614, 614, 617, 615, 616, 618, 617, 619, 626, 620, 626, 627, 620, 620, 627, 621, 627, 628, 621, 621, 628, 622, 628, 629, 622, 622, 629, 623, 629, 630, 623, 623, 630, 624, 630, 631, 624, 624, 631, 625, 626, 632, 627, 632, 633, 627, 627, 633, 628, 633, 634, 628, 628, 634, 629, 634, 635, 629, 629, 635, 630, 635, 636, 630, 630, 636, 631, 632, 637, 633, 637, 638, 633, 633, 638, 634, 638, 639, 634, 634, 639, 635, 639, 640, 635, 635, 640, 636, 637, 641, 638, 641, 642, 638, 638, 642, 639, 642, 643, 639, 639, 643, 640, 641, 644, 642, 644, 645, 642, 642, 645, 643, 644, 646, 645, 647, 654, 648, 654, 655, 648, 648, 655, 649, 655, 656, 649, 649, 656, 650, 656, 657, 650, 650, 657, 651, 657, 658, 651, 651, 658, 652, 658, 659, 652, 652, 659, 653, 654, 660, 655, 660, 661, 655, 655, 661, 656, 661, 662, 656, 656, 662, 657, 662, 663, 657, 657, 663, 658, 663, 664, 658, 658, 664, 659, 660, 665, 661, 665, 666, 661, 661, 666, 662, 666, 667, 662, 662, 667, 663, 667, 668, 663, 663, 668, 664, 665, 669, 666, 669, 670, 666, 666, 670, 667, 670, 671, 667, 667, 671, 668, 669, 672, 670, 672, 673, 670, 670, 673, 671, 672, 674, 673, 675, 682, 676, 682, 683, 676, 676, 683, 677, 683, 684, 677, 677, 684, 678, 684, 685, 678, 678, 685, 679, 685, 686, 679, 679, 686, 680, 686, 687, 680, 680, 687, 681, 682, 688, 683, 688, 689, 683, 683, 689, 684, 689, 690, 684, 684, 690, 685, 690, 691, 685, 685, 691, 686, 691, 692, 686, 686, 692, 687, 688, 693, 689, 693, 694, 689, 689, 694, 690, 694, 695, 690, 690, 695, 691, 695, 696, 691, 691, 696, 692, 693, 697, 694, 697, 698, 694, 694, 698, 695, 698, 699, 695, 695, 699, 696, 697, 700, 698, 700, 701, 698, 698, 701, 699, 700, 702, 701, 703, 710, 704, 710, 711, 704, 704, 711, 705, 711, 712, 705, 705, 712, 706, 712, 713, 706, 706, 713, 707, 713, 714, 707, 707, 714, 708, 714, 715, 708, 708, 715, 709, 710, 716, 711, 716, 717, 711, 711, 717, 712, 717, 718, 712, 712, 718, 713, 718, 719, 713, 713, 719, 714, 719, 720, 714, 714, 720, 715, 716, 721, 717, 721, 722, 717, 717, 722, 718, 722, 723, 718, 718, 723, 719, 723, 724, 719, 719, 724, 720, 721, 725, 722, 725, 726, 722, 722, 726, 723, 726, 727, 723, 723, 727, 724, 725, 728, 726, 728, 729, 726, 726, 729, 727, 728, 730, 729, 731, 738, 732, 738, 739, 732, 732, 739, 733, 739, 740, 733, 733, 740, 734, 740, 741, 734, 734, 741, 735, 741, 742, 735, 735, 742, 736, 742, 743, 736, 736, 743, 737, 738, 744, 739, 744, 745, 739, 739, 745, 740, 745, 746, 740, 740, 746, 741, 746, 747, 741, 741, 747, 742, 747, 748, 742, 742, 748, 743, 744, 749, 745, 749, 750, 745, 745, 750, 746, 750, 751, 746, 746, 751, 747, 751, 752, 747, 747, 752, 748, 749, 753, 750, 753, 754, 750, 750, 754, 751, 754, 755, 751, 751, 755, 752, 753, 756, 754, 756, 757, 754, 754, 757, 755, 756, 758, 757, 759, 766, 760, 766, 767, 760, 760, 767, 761, 767, 768, 761, 761, 768, 762, 768, 769, 762, 762, 769, 763, 769, 770, 763, 763, 770, 764, 770, 771, 764, 764, 771, 765, 766, 772, 767, 772, 773, 767, 767, 773, 768, 773, 774, 768, 768, 774, 769, 774, 775, 769, 769, 775, 770, 775, 776, 770, 770, 776, 771, 772, 777, 773, 777, 778, 773, 773, 778, 774, 778, 779, 774, 774, 779, 775, 779, 780, 775, 775, 780, 776, 777, 781, 778, 781, 782, 778, 778, 782, 779, 782, 783, 779, 779, 783, 780, 781, 784, 782, 784, 785, 782, 782, 785, 783, 784, 786, 785, 787, 794, 788, 794, 795, 788, 788, 795, 789, 795, 796, 789, 789, 796, 790, 796, 797, 790, 790, 797, 791, 797, 798, 791, 791, 798, 792, 798, 799, 792, 792, 799, 793, 794, 800, 795, 800, 801, 795, 795, 801, 796, 801, 802, 796, 796, 802, 797, 802, 803, 797, 797, 803, 798, 803, 804, 798, 798, 804, 799, 800, 805, 801, 805, 806, 801, 801, 806, 802, 806, 807, 802, 802, 807, 803, 807, 808, 803, 803, 808, 804, 805, 809, 806, 809, 810, 806, 806, 810, 807, 810, 811, 807, 807, 811, 808, 809, 812, 810, 812, 813, 810, 810, 813, 811, 812, 814, 813, 815, 822, 816, 822, 823, 816, 816, 823, 817, 823, 824, 817, 817, 824, 818, 824, 825, 818, 818, 825, 819, 825, 826, 819, 819, 826, 820, 826, 827, 820, 820, 827, 821, 822, 828, 823, 828, 829, 823, 823, 829, 824, 829, 830, 824, 824, 830, 825, 830, 831, 825, 825, 831, 826, 831, 832, 826, 826, 832, 827, 828, 833, 829, 833, 834, 829, 829, 834, 830, 834, 835, 830, 830, 835, 831, 835, 836, 831, 831, 836, 832, 833, 837, 834, 837, 838, 834, 834, 838, 835, 838, 839, 835, 835, 839, 836, 837, 840, 838, 840, 841, 838, 838, 841, 839, 840, 842, 841, 843, 850, 844, 850, 851, 844, 844, 851, 845, 851, 852, 845, 845, 852, 846, 852, 853, 846, 846, 853, 847, 853, 854, 847, 847, 854, 848, 854, 855, 848, 848, 855, 849, 850, 856, 851, 856, 857, 851, 851, 857, 852, 857, 858, 852, 852, 858, 853, 858, 859, 853, 853, 859, 854, 859, 860, 854, 854, 860, 855, 856, 861, 857, 861, 862, 857, 857, 862, 858, 862, 863, 858, 858, 863, 859, 863, 864, 859, 859, 864, 860, 861, 865, 862, 865, 866, 862, 862, 866, 863, 866, 867, 863, 863, 867, 864, 865, 868, 866, 868, 869, 866, 866, 869, 867, 868, 870, 869, 871, 878, 872, 878, 879, 872, 872, 879, 873, 879, 880, 873, 873, 880, 874, 880, 881, 874, 874, 881, 875, 881, 882, 875, 875, 882, 876, 882, 883, 876, 876, 883, 877, 878, 884, 879, 884, 885, 879, 879, 885, 880, 885, 886, 880, 880, 886, 881, 886, 887, 881, 881, 887, 882, 887, 888, 882, 882, 888, 883, 884, 889, 885, 889, 890, 885, 885, 890, 886, 890, 891, 886, 886, 891, 887, 891, 892, 887, 887, 892, 888, 889, 893, 890, 893, 894, 890, 890, 894, 891, 894, 895, 891, 891, 895, 892, 893, 896, 894, 896, 897, 894, 894, 897, 895, 896, 898, 897, 899, 906, 900, 906, 907, 900, 900, 907, 901, 907, 908, 901, 901, 908, 902, 908, 909, 902, 902, 909, 903, 909, 910, 903, 903, 910, 904, 910, 911, 904, 904, 911, 905, 906, 912, 907, 912, 913, 907, 907, 913, 908, 913, 914, 908, 908, 914, 909, 914, 915, 909, 909, 915, 910, 915, 916, 910, 910, 916, 911, 912, 917, 913, 917, 918, 913, 913, 918, 914, 918, 919, 914, 914, 919, 915, 919, 920, 915, 915, 920, 916, 917, 921, 918, 921, 922, 918, 918, 922, 919, 922, 923, 919, 919, 923, 920, 921, 924, 922, 924, 925, 922, 922, 925, 923, 924, 926, 925, 927, 934, 928, 934, 935, 928, 928, 935, 929, 935, 936, 929, 929, 936, 930, 936, 937, 930, 930, 937, 931, 937, 938, 931, 931, 938, 932, 938, 939, 932, 932, 939, 933, 934, 940, 935, 940, 941, 935, 935, 941, 936, 941, 942, 936, 936, 942, 937, 942, 943, 937, 937, 943, 938, 943, 944, 938, 938, 944, 939, 940, 945, 941, 945, 946, 941, 941, 946, 942, 946, 947, 942, 942, 947, 943, 947, 948, 943, 943, 948, 944, 945, 949, 946, 949, 950, 946, 946, 950, 947, 950, 951, 947, 947, 951, 948, 949, 952, 950, 952, 953, 950, 950, 953, 951, 952, 954, 953, 955, 962, 956, 962, 963, 956, 956, 963, 957, 963, 964, 957, 957, 964, 958, 964, 965, 958, 958, 965, 959, 965, 966, 959, 959, 966, 960, 966, 967, 960, 960, 967, 961, 962, 968, 963, 968, 969, 963, 963, 969, 964, 969, 970, 964, 964, 970, 965, 970, 971, 965, 965, 971, 966, 971, 972, 966, 966, 972, 967, 968, 973, 969, 973, 974, 969, 969, 974, 970, 974, 975, 970, 970, 975, 971, 975, 976, 971, 971, 976, 972, 973, 977, 974, 977, 978, 974, 974, 978, 975, 978, 979, 975, 975, 979, 976, 977, 980, 978, 980, 981, 978, 978, 981, 979, 980, 982, 981, 983, 990, 984, 990, 991, 984, 984, 991, 985, 991, 992, 985, 985, 992, 986, 992, 993, 986, 986, 993, 987, 993, 994, 987, 987, 994, 988, 994, 995, 988, 988, 995, 989, 990, 996, 991, 996, 997, 991, 991, 997, 992, 997, 998, 992, 992, 998, 993, 998, 999, 993, 993, 999, 994, 999, 1000, 994, 994, 1000, 995, 996, 1001, 997, 1001, 1002, 997, 997, 1002, 998, 1002, 1003, 998, 998, 1003, 999, 1003, 1004, 999, 999, 1004, 1000, 1001, 1005, 1002, 1005, 1006, 1002, 1002, 1006, 1003, 1006, 1007, 1003, 1003, 1007, 1004, 1005, 1008, 1006, 1008, 1009, 1006, 1006, 1009, 1007, 1008, 1010, 1009, 1011, 1018, 1012, 1018, 1019, 1012, 1012, 1019, 1013, 1019, 1020, 1013, 1013, 1020, 1014, 1020, 1021, 1014, 1014, 1021, 1015, 1021, 1022, 1015, 1015, 1022, 1016, 1022, 1023, 1016, 1016, 1023, 1017, 1018, 1024, 1019, 1024, 1025, 1019, 1019, 1025, 1020, 1025, 1026, 1020, 1020, 1026, 1021, 1026, 1027, 1021, 1021, 1027, 1022, 1027, 1028, 1022, 1022, 1028, 1023, 1024, 1029, 1025, 1029, 1030, 1025, 1025, 1030, 1026, 1030, 1031, 1026, 1026, 1031, 1027, 1031, 1032, 1027, 1027, 1032, 1028, 1029, 1033, 1030, 1033, 1034, 1030, 1030, 1034, 1031, 1034, 1035, 1031, 1031, 1035, 1032, 1033, 1036, 1034, 1036, 1037, 1034, 1034, 1037, 1035, 1036, 1038, 1037, 1039, 1046, 1040, 1046, 1047, 1040, 1040, 1047, 1041, 1047, 1048, 1041, 1041, 1048, 1042, 1048, 1049, 1042, 1042, 1049, 1043, 1049, 1050, 1043, 1043, 1050, 1044, 1050, 1051, 1044, 1044, 1051, 1045, 1046, 1052, 1047, 1052, 1053, 1047, 1047, 1053, 1048, 1053, 1054, 1048, 1048, 1054, 1049, 1054, 1055, 1049, 1049, 1055, 1050, 1055, 1056, 1050, 1050, 1056, 1051, 1052, 1057, 1053, 1057, 1058, 1053, 1053, 1058, 1054, 1058, 1059, 1054, 1054, 1059, 1055, 1059, 1060, 1055, 1055, 1060, 1056, 1057, 1061, 1058, 1061, 1062, 1058, 1058, 1062, 1059, 1062, 1063, 1059, 1059, 1063, 1060, 1061, 1064, 1062, 1064, 1065, 1062, 1062, 1065, 1063, 1064, 1066, 1065, 1067, 1074, 1068, 1074, 1075, 1068, 1068, 1075, 1069, 1075, 1076, 1069, 1069, 1076, 1070, 1076, 1077, 1070, 1070, 1077, 1071, 1077, 1078, 1071, 1071, 1078, 1072, 1078, 1079, 1072, 1072, 1079, 1073, 1074, 1080, 1075, 1080, 1081, 1075, 1075, 1081, 1076, 1081, 1082, 1076, 1076, 1082, 1077, 1082, 1083, 1077, 1077, 1083, 1078, 1083, 1084, 1078, 1078, 1084, 1079, 1080, 1085, 1081, 1085, 1086, 1081, 1081, 1086, 1082, 1086, 1087, 1082, 1082, 1087, 1083, 1087, 1088, 1083, 1083, 1088, 1084, 1085, 1089, 1086, 1089, 1090, 1086, 1086, 1090, 1087, 1090, 1091, 1087, 1087, 1091, 1088, 1089, 1092, 1090, 1092, 1093, 1090, 1090, 1093, 1091, 1092, 1094, 1093, 1095, 1102, 1096, 1102, 1103, 1096, 1096, 1103, 1097, 1103, 1104, 1097, 1097, 1104, 1098, 1104, 1105, 1098, 1098, 1105, 1099, 1105, 1106, 1099, 1099, 1106, 1100, 1106, 1107, 1100, 1100, 1107, 1101, 1102, 1108, 1103, 1108, 1109, 1103, 1103, 1109, 1104, 1109, 1110, 1104, 1104, 1110, 1105, 1110, 1111, 1105, 1105, 1111, 1106, 1111, 1112, 1106, 1106, 1112, 1107, 1108, 1113, 1109, 1113, 1114, 1109, 1109, 1114, 1110, 1114, 1115, 1110, 1110, 1115, 1111, 1115, 1116, 1111, 1111, 1116, 1112, 1113, 1117, 1114, 1117, 1118, 1114, 1114, 1118, 1115, 1118, 1119, 1115, 1115, 1119, 1116, 1117, 1120, 1118, 1120, 1121, 1118, 1118, 1121, 1119, 1120, 1122, 1121, 1123, 1130, 1124, 1130, 1131, 1124, 1124, 1131, 1125, 1131, 1132, 1125, 1125, 1132, 1126, 1132, 1133, 1126, 1126, 1133, 1127, 1133, 1134, 1127, 1127, 1134, 1128, 1134, 1135, 1128, 1128, 1135, 1129, 1130, 1136, 1131, 1136, 1137, 1131, 1131, 1137, 1132, 1137, 1138, 1132, 1132, 1138, 1133, 1138, 1139, 1133, 1133, 1139, 1134, 1139, 1140, 1134, 1134, 1140, 1135, 1136, 1141, 1137, 1141, 1142, 1137, 1137, 1142, 1138, 1142, 1143, 1138, 1138, 1143, 1139, 1143, 1144, 1139, 1139, 1144, 1140, 1141, 1145, 1142, 1145, 1146, 1142, 1142, 1146, 1143, 1146, 1147, 1143, 1143, 1147, 1144, 1145, 1148, 1146, 1148, 1149, 1146, 1146, 1149, 1147, 1148, 1150, 1149, 1151, 1158, 1152, 1158, 1159, 1152, 1152, 1159, 1153, 1159, 1160, 1153, 1153, 1160, 1154, 1160, 1161, 1154, 1154, 1161, 1155, 1161, 1162, 1155, 1155, 1162, 1156, 1162, 1163, 1156, 1156, 1163, 1157, 1158, 1164, 1159, 1164, 1165, 1159, 1159, 1165, 1160, 1165, 1166, 1160, 1160, 1166, 1161, 1166, 1167, 1161, 1161, 1167, 1162, 1167, 1168, 1162, 1162, 1168, 1163, 1164, 1169, 1165, 1169, 1170, 1165, 1165, 1170, 1166, 1170, 1171, 1166, 1166, 1171, 1167, 1171, 1172, 1167, 1167, 1172, 1168, 1169, 1173, 1170, 1173, 1174, 1170, 1170, 1174, 1171, 1174, 1175, 1171, 1171, 1175, 1172, 1173, 1176, 1174, 1176, 1177, 1174, 1174, 1177, 1175, 1176, 1178, 1177, 1179, 1186, 1180, 1186, 1187, 1180, 1180, 1187, 1181, 1187, 1188, 1181, 1181, 1188, 1182, 1188, 1189, 1182, 1182, 1189, 1183, 1189, 1190, 1183, 1183, 1190, 1184, 1190, 1191, 1184, 1184, 1191, 1185, 1186, 1192, 1187, 1192, 1193, 1187, 1187, 1193, 1188, 1193, 1194, 1188, 1188, 1194, 1189, 1194, 1195, 1189, 1189, 1195, 1190, 1195, 1196, 1190, 1190, 1196, 1191, 1192, 1197, 1193, 1197, 1198, 1193, 1193, 1198, 1194, 1198, 1199, 1194, 1194, 1199, 1195, 1199, 1200, 1195, 1195, 1200, 1196, 1197, 1201, 1198, 1201, 1202, 1198, 1198, 1202, 1199, 1202, 1203, 1199, 1199, 1203, 1200, 1201, 1204, 1202, 1204, 1205, 1202, 1202, 1205, 1203, 1204, 1206, 1205, 1207, 1214, 1208, 1214, 1215, 1208, 1208, 1215, 1209, 1215, 1216, 1209, 1209, 1216, 1210, 1216, 1217, 1210, 1210, 1217, 1211, 1217, 1218, 1211, 1211, 1218, 1212, 1218, 1219, 1212, 1212, 1219, 1213, 1214, 1220, 1215, 1220, 1221, 1215, 1215, 1221, 1216, 1221, 1222, 1216, 1216, 1222, 1217, 1222, 1223, 1217, 1217, 1223, 1218, 1223, 1224, 1218, 1218, 1224, 1219, 1220, 1225, 1221, 1225, 1226, 1221, 1221, 1226, 1222, 1226, 1227, 1222, 1222, 1227, 1223, 1227, 1228, 1223, 1223, 1228, 1224, 1225, 1229, 1226, 1229, 1230, 1226, 1226, 1230, 1227, 1230, 1231, 1227, 1227, 1231, 1228, 1229, 1232, 1230, 1232, 1233, 1230, 1230, 1233, 1231, 1232, 1234, 1233, 1235, 1242, 1236, 1242, 1243, 1236, 1236, 1243, 1237, 1243, 1244, 1237, 1237, 1244, 1238, 1244, 1245, 1238, 1238, 1245, 1239, 1245, 1246, 1239, 1239, 1246, 1240, 1246, 1247, 1240, 1240, 1247, 1241, 1242, 1248, 1243, 1248, 1249, 1243, 1243, 1249, 1244, 1249, 1250, 1244, 1244, 1250, 1245, 1250, 1251, 1245, 1245, 1251, 1246, 1251, 1252, 1246, 1246, 1252, 1247, 1248, 1253, 1249, 1253, 1254, 1249, 1249, 1254, 1250, 1254, 1255, 1250, 1250, 1255, 1251, 1255, 1256, 1251, 1251, 1256, 1252, 1253, 1257, 1254, 1257, 1258, 1254, 1254, 1258, 1255, 1258, 1259, 1255, 1255, 1259, 1256, 1257, 1260, 1258, 1260, 1261, 1258, 1258, 1261, 1259, 1260, 1262, 1261, 1263, 1270, 1264, 1270, 1271, 1264, 1264, 1271, 1265, 1271, 1272, 1265, 1265, 1272, 1266, 1272, 1273, 1266, 1266, 1273, 1267, 1273, 1274, 1267, 1267, 1274, 1268, 1274, 1275, 1268, 1268, 1275, 1269, 1270, 1276, 1271, 1276, 1277, 1271, 1271, 1277, 1272, 1277, 1278, 1272, 1272, 1278, 1273, 1278, 1279, 1273, 1273, 1279, 1274, 1279, 1280, 1274, 1274, 1280, 1275, 1276, 1281, 1277, 1281, 1282, 1277, 1277, 1282, 1278, 1282, 1283, 1278, 1278, 1283, 1279, 1283, 1284, 1279, 1279, 1284, 1280, 1281, 1285, 1282, 1285, 1286, 1282, 1282, 1286, 1283, 1286, 1287, 1283, 1283, 1287, 1284, 1285, 1288, 1286, 1288, 1289, 1286, 1286, 1289, 1287, 1288, 1290, 1289, 1291, 1298, 1292, 1298, 1299, 1292, 1292, 1299, 1293, 1299, 1300, 1293, 1293, 1300, 1294, 1300, 1301, 1294, 1294, 1301, 1295, 1301, 1302, 1295, 1295, 1302, 1296, 1302, 1303, 1296, 1296, 1303, 1297, 1298, 1304, 1299, 1304, 1305, 1299, 1299, 1305, 1300, 1305, 1306, 1300, 1300, 1306, 1301, 1306, 1307, 1301, 1301, 1307, 1302, 1307, 1308, 1302, 1302, 1308, 1303, 1304, 1309, 1305, 1309, 1310, 1305, 1305, 1310, 1306, 1310, 1311, 1306, 1306, 1311, 1307, 1311, 1312, 1307, 1307, 1312, 1308, 1309, 1313, 1310, 1313, 1314, 1310, 1310, 1314, 1311, 1314, 1315, 1311, 1311, 1315, 1312, 1313, 1316, 1314, 1316, 1317, 1314, 1314, 1317, 1315, 1316, 1318, 1317, 1319, 1326, 1320, 1326, 1327, 1320, 1320, 1327, 1321, 1327, 1328, 1321, 1321, 1328, 1322, 1328, 1329, 1322, 1322, 1329, 1323, 1329, 1330, 1323, 1323, 1330, 1324, 1330, 1331, 1324, 1324, 1331, 1325, 1326, 1332, 1327, 1332, 1333, 1327, 1327, 1333, 1328, 1333, 1334, 1328, 1328, 1334, 1329, 1334, 1335, 1329, 1329, 1335, 1330, 1335, 1336, 1330, 1330, 1336, 1331, 1332, 1337, 1333, 1337, 1338, 1333, 1333, 1338, 1334, 1338, 1339, 1334, 1334, 1339, 1335, 1339, 1340, 1335, 1335, 1340, 1336, 1337, 1341, 1338, 1341, 1342, 1338, 1338, 1342, 1339, 1342, 1343, 1339, 1339, 1343, 1340, 1341, 1344, 1342, 1344, 1345, 1342, 1342, 1345, 1343, 1344, 1346, 1345]
        rel material:binding = </Prop/Materials/LeafGreen>
        point3f[] points = [(-0.007, -0.0342, 0.057), (0.001, -0.0342, 0.053), (0.008, -0.0342, 0.061), (2.0169933e-18, -0.03294, 0.0582), (-0.00034002773, -0.032938246, 0.058457673), (-0.0006800192, -0.03293298, 0.058715343), (-0.0010199383, -0.032924205, 0.058973014), (-0.0013597487, -0.032911923, 0.05923069), (-0.0016994141, -0.032896135, 0.05948836), (-0.0020388984, -0.032876838, 0.05974603), (2.0169933e-18, -0.03294, 0.059016667), (-0.00034002773, -0.032938246, 0.05927434), (-0.0006800192, -0.03293298, 0.05953201), (-0.0010199383, -0.032924205, 0.059789684), (-0.0013597487, -0.032911923, 0.060047355), (-0.0016994141, -0.032896135, 0.060305025), (2.0169933e-18, -0.03294, 0.059833333), (-0.00034002773, -0.032938246, 0.060091004), (-0.0006800192, -0.03293298, 0.06034868), (-0.0010199383, -0.032924205, 0.06060635), (-0.0013597487, -0.032911923, 0.06086402), (2.0169933e-18, -0.03294, 0.06065), (-0.00034002773, -0.032938246, 0.060907673), (-0.0006800192, -0.03293298, 0.061165344), (-0.0010199383, -0.032924205, 0.061423015), (2.0169933e-18, -0.03294, 0.061466668), (-0.00034002773, -0.032938246, 0.06172434), (-0.0006800192, -0.03293298, 0.06198201), (2.0169933e-18, -0.03294, 0.062283333), (-0.00034002773, -0.032938246, 0.06254101), (2.0169933e-18, -0.03294, 0.0631), (2.0169933e-18, -0.03294, 0.0582), (-0.0014103026, -0.032909796, 0.058452364), (-0.002818019, -0.032819238, 0.058704726), (-0.004220567, -0.032668494, 0.058957092), (-0.0056153755, -0.032457836, 0.059209455), (-0.006999885, -0.032187656, 0.05946182), (-0.008371558, -0.031858448, 0.059714183), (-0.00034002773, -0.032938246, 0.058457673), (-0.0017499434, -0.032893483, 0.058710035), (-0.0031566499, -0.0327884, 0.0589624), (-0.004557567, -0.032623183, 0.059214763), (-0.005950127, -0.032398142, 0.059467126), (-0.007331774, -0.032113682, 0.05971949), (-0.0006800192, -0.03293298, 0.058715343), (-0.0020893977, -0.032873668, 0.05896771), (-0.0034949444, -0.032754067, 0.059220072), (-0.004894082, -0.0325744, 0.059472434), (-0.006284244, -0.032334995, 0.0597248), (-0.0010199383, -0.032924205, 0.058973014), (-0.0024286294, -0.032850347, 0.05922538), (-0.0038328667, -0.032716244, 0.059477743), (-0.0052300747, -0.032522146, 0.05973011), (-0.0013597487, -0.032911923, 0.05923069), (-0.0027676022, -0.03282353, 0.05948305), (-0.0041703805, -0.03267494, 0.059735414), (-0.0016994141, -0.032896135, 0.05948836), (-0.0031062802, -0.03279321, 0.059740722), (-0.0020388984, -0.032876838, 0.05974603), (2.0169933e-18, -0.03294, 0.0582), (-0.0005501606, -0.032935407, 0.05810158), (-0.0011001677, -0.032921623, 0.058003157), (-0.001649868, -0.032898657, 0.057904735), (-0.002199108, -0.03286651, 0.057806313), (-0.0027477343, -0.032825198, 0.05770789), (-0.0032955944, -0.032774724, 0.05760947), (-0.0014103026, -0.032909796, 0.058452364), (-0.001959762, -0.03288165, 0.058353942), (-0.0025086747, -0.03284433, 0.05825552), (-0.0030568875, -0.03279785, 0.058157098), (-0.0036042477, -0.03274222, 0.058058675), (-0.004150602, -0.032677457, 0.057960253), (-0.002818019, -0.032819238, 0.058704726), (-0.0033657695, -0.032767594, 0.058606304), (-0.003912581, -0.03270681, 0.058507886), (-0.0044583012, -0.0326369, 0.058409464), (-0.0050027776, -0.032557882, 0.05831104), (-0.004220567, -0.032668494, 0.058957092), (-0.004765604, -0.032593444, 0.05885867), (-0.005309312, -0.032509305, 0.058760248), (-0.005851539, -0.032416094, 0.058661826), (-0.0056153755, -0.032457836, 0.059209455), (-0.0061566997, -0.03235952, 0.059111033), (-0.006696306, -0.03225218, 0.05901261), (-0.006999885, -0.032187656, 0.05946182), (-0.007536504, -0.032066256, 0.0593634), (-0.008371558, -0.031858448, 0.059714183), (2.0169933e-18, -0.03294, 0.0582), (-0.00087177963, -0.032928463, 0.057539303), (-0.0017429485, -0.032893855, 0.056878604), (-0.0026128965, -0.032836206, 0.05621791), (-0.003481014, -0.03275555, 0.05555721), (-0.0043466925, -0.03265195, 0.054896515), (-0.0052093263, -0.032525476, 0.054235816), (-0.0005501606, -0.032935407, 0.05810158), (-0.001421626, -0.032909308, 0.05744088), (-0.0022920955, -0.032860156, 0.05678018), (-0.003160959, -0.032787986, 0.056119487), (-0.0040276083, -0.032692842, 0.055458788), (-0.004891436, -0.0325748, 0.054798093), (-0.0011001677, -0.032921623, 0.058003157), (-0.0019710758, -0.032880973, 0.05734246), (-0.0028406028, -0.03281729, 0.056681763), (-0.0037081398, -0.032730617, 0.056021065), (-0.0045730793, -0.032621015, 0.055360366), (-0.001649868, -0.032898657, 0.057904735), (-0.0025199754, -0.032843467, 0.057244036), (-0.0033883175, -0.03276527, 0.05658334), (-0.004254286, -0.03266412, 0.055922642), (-0.002199108, -0.03286651, 0.057806313), (-0.0030681724, -0.032796796, 0.057145614), (-0.0039350875, -0.032704107, 0.05648492), (-0.0027477343, -0.032825198, 0.05770789), (-0.0036155132, -0.032740977, 0.057047192), (-0.0032955944, -0.032774724, 0.05760947), (2.0169933e-18, -0.03294, 0.0582), (2.0169933e-18, -0.03294, 0.0578815), (2.0169933e-18, -0.03294, 0.057563), (2.0169933e-18, -0.03294, 0.0572445), (2.0169933e-18, -0.03294, 0.056926), (2.0169933e-18, -0.03294, 0.0566075), (2.0169933e-18, -0.03294, 0.056289), (-0.00087177963, -0.032928463, 0.057539303), (-0.00087177963, -0.032928463, 0.0572208), (-0.00087177963, -0.032928463, 0.056902304), (-0.00087177963, -0.032928463, 0.056583803), (-0.00087177963, -0.032928463, 0.056265302), (-0.00087177963, -0.032928463, 0.055946805), (-0.0017429485, -0.032893855, 0.056878604), (-0.0017429485, -0.032893855, 0.056560107), (-0.0017429485, -0.032893855, 0.056241605), (-0.0017429485, -0.032893855, 0.055923104), (-0.0017429485, -0.032893855, 0.055604607), (-0.0026128965, -0.032836206, 0.05621791), (-0.0026128965, -0.032836206, 0.055899408), (-0.0026128965, -0.032836206, 0.055580907), (-0.0026128965, -0.032836206, 0.05526241), (-0.003481014, -0.03275555, 0.05555721), (-0.003481014, -0.03275555, 0.055238713), (-0.003481014, -0.03275555, 0.05492021), (-0.0043466925, -0.03265195, 0.054896515), (-0.0043466925, -0.03265195, 0.054578014), (-0.0052093263, -0.032525476, 0.054235816), (2.0169933e-18, -0.03294, 0.0582), (0.00087177963, -0.032928463, 0.057539303), (0.0017429485, -0.032893855, 0.056878604), (0.0026128965, -0.032836206, 0.05621791), (0.003481014, -0.03275555, 0.05555721), (0.0043466925, -0.03265195, 0.054896515), (0.0052093263, -0.032525476, 0.054235816), (2.0169933e-18, -0.03294, 0.0578815), (0.00087177963, -0.032928463, 0.0572208), (0.0017429485, -0.032893855, 0.056560107), (0.0026128965, -0.032836206, 0.055899408), (0.003481014, -0.03275555, 0.055238713), (0.0043466925, -0.03265195, 0.054578014), (2.0169933e-18, -0.03294, 0.057563), (0.00087177963, -0.032928463, 0.056902304), (0.0017429485, -0.032893855, 0.056241605), (0.0026128965, -0.032836206, 0.055580907), (0.003481014, -0.03275555, 0.05492021), (2.0169933e-18, -0.03294, 0.0572445), (0.00087177963, -0.032928463, 0.056583803), (0.0017429485, -0.032893855, 0.055923104), (0.0026128965, -0.032836206, 0.05526241), (2.0169933e-18, -0.03294, 0.056926), (0.00087177963, -0.032928463, 0.056265302), (0.0017429485, -0.032893855, 0.055604607), (2.0169933e-18, -0.03294, 0.0566075), (0.00087177963, -0.032928463, 0.055946805), (2.0169933e-18, -0.03294, 0.056289), (2.0169933e-18, -0.03294, 0.0582), (0.0005501606, -0.032935407, 0.05810158), (0.0011001677, -0.032921623, 0.058003157), (0.001649868, -0.032898657, 0.057904735), (0.002199108, -0.03286651, 0.057806313), (0.0027477343, -0.032825198, 0.05770789), (0.0032955944, -0.032774724, 0.05760947), (0.00087177963, -0.032928463, 0.057539303), (0.001421626, -0.032909308, 0.05744088), (0.0019710758, -0.032880973, 0.05734246), (0.0025199754, -0.032843467, 0.057244036), (0.0030681724, -0.032796796, 0.057145614), (0.0036155132, -0.032740977, 0.057047192), (0.0017429485, -0.032893855, 0.056878604), (0.0022920955, -0.032860156, 0.05678018), (0.0028406028, -0.03281729, 0.056681763), (0.0033883175, -0.03276527, 0.05658334), (0.0039350875, -0.032704107, 0.05648492), (0.0026128965, -0.032836206, 0.05621791), (0.003160959, -0.032787986, 0.056119487), (0.0037081398, -0.032730617, 0.056021065), (0.004254286, -0.03266412, 0.055922642), (0.003481014, -0.03275555, 0.05555721), (0.0040276083, -0.032692842, 0.055458788), (0.0045730793, -0.032621015, 0.055360366), (0.0043466925, -0.03265195, 0.054896515), (0.004891436, -0.0325748, 0.054798093), (0.0052093263, -0.032525476, 0.054235816), (2.0169933e-18, -0.03294, 0.0582), (0.0014103026, -0.032909796, 0.058452364), (0.002818019, -0.032819238, 0.058704726), (0.004220567, -0.032668494, 0.058957092), (0.0056153755, -0.032457836, 0.059209455), (0.006999885, -0.032187656, 0.05946182), (0.008371558, -0.031858448, 0.059714183), (0.0005501606, -0.032935407, 0.05810158), (0.001959762, -0.03288165, 0.058353942), (0.0033657695, -0.032767594, 0.058606304), (0.004765604, -0.032593444, 0.05885867), (0.0061566997, -0.03235952, 0.059111033), (0.007536504, -0.032066256, 0.0593634), (0.0011001677, -0.032921623, 0.058003157), (0.0025086747, -0.03284433, 0.05825552), (0.003912581, -0.03270681, 0.058507886), (0.005309312, -0.032509305, 0.058760248), (0.006696306, -0.03225218, 0.05901261), (0.001649868, -0.032898657, 0.057904735), (0.0030568875, -0.03279785, 0.058157098), (0.0044583012, -0.0326369, 0.058409464), (0.005851539, -0.032416094, 0.058661826), (0.002199108, -0.03286651, 0.057806313), (0.0036042477, -0.03274222, 0.058058675), (0.0050027776, -0.032557882, 0.05831104), (0.0027477343, -0.032825198, 0.05770789), (0.004150602, -0.032677457, 0.057960253), (0.0032955944, -0.032774724, 0.05760947), (2.0169933e-18, -0.03294, 0.0582), (0.00034002773, -0.032938246, 0.058457673), (0.0006800192, -0.03293298, 0.058715343), (0.0010199383, -0.032924205, 0.058973014), (0.0013597487, -0.032911923, 0.05923069), (0.0016994141, -0.032896135, 0.05948836), (0.0020388984, -0.032876838, 0.05974603), (0.0014103026, -0.032909796, 0.058452364), (0.0017499434, -0.032893483, 0.058710035), (0.0020893977, -0.032873668, 0.05896771), (0.0024286294, -0.032850347, 0.05922538), (0.0027676022, -0.03282353, 0.05948305), (0.0031062802, -0.03279321, 0.059740722), (0.002818019, -0.032819238, 0.058704726), (0.0031566499, -0.0327884, 0.0589624), (0.0034949444, -0.032754067, 0.059220072), (0.0038328667, -0.032716244, 0.059477743), (0.0041703805, -0.03267494, 0.059735414), (0.004220567, -0.032668494, 0.058957092), (0.004557567, -0.032623183, 0.059214763), (0.004894082, -0.0325744, 0.059472434), (0.0052300747, -0.032522146, 0.05973011), (0.0056153755, -0.032457836, 0.059209455), (0.005950127, -0.032398142, 0.059467126), (0.006284244, -0.032334995, 0.0597248), (0.006999885, -0.032187656, 0.05946182), (0.007331774, -0.032113682, 0.05971949), (0.008371558, -0.031858448, 0.059714183), (2.0169933e-18, -0.03294, 0.0582), (2.0169933e-18, -0.03294, 0.059016667), (2.0169933e-18, -0.03294, 0.059833333), (2.0169933e-18, -0.03294, 0.06065), (2.0169933e-18, -0.03294, 0.061466668), (2.0169933e-18, -0.03294, 0.062283333), (2.0169933e-18, -0.03294, 0.0631), (0.00034002773, -0.032938246, 0.058457673), (0.00034002773, -0.032938246, 0.05927434), (0.00034002773, -0.032938246, 0.060091004), (0.00034002773, -0.032938246, 0.060907673), (0.00034002773, -0.032938246, 0.06172434), (0.00034002773, -0.032938246, 0.06254101), (0.0006800192, -0.03293298, 0.058715343), (0.0006800192, -0.03293298, 0.05953201), (0.0006800192, -0.03293298, 0.06034868), (0.0006800192, -0.03293298, 0.061165344), (0.0006800192, -0.03293298, 0.06198201), (0.0010199383, -0.032924205, 0.058973014), (0.0010199383, -0.032924205, 0.059789684), (0.0010199383, -0.032924205, 0.06060635), (0.0010199383, -0.032924205, 0.061423015), (0.0013597487, -0.032911923, 0.05923069), (0.0013597487, -0.032911923, 0.060047355), (0.0013597487, -0.032911923, 0.06086402), (0.0016994141, -0.032896135, 0.05948836), (0.0016994141, -0.032896135, 0.060305025), (0.0020388984, -0.032876838, 0.05974603), (-0.00059996685, -0.032934535, 0.061), (-0.00021666511, -0.03293929, 0.0615), (0.00016666595, -0.03293958, 0.062), (0.00054997444, -0.032935407, 0.0625), (0.00093320844, -0.03292678, 0.063), (0.0013163161, -0.03291369, 0.0635), (0.0016992454, -0.032896142, 0.064), (-0.00039165744, -0.032937672, 0.061), (-0.000008333333, -0.03294, 0.0615), (0.0003749919, -0.032937866, 0.062), (0.00075826637, -0.032931272, 0.0625), (0.0011414381, -0.03292022, 0.063), (0.0015244553, -0.032904707, 0.0635), (-0.00018333239, -0.03293949, 0.061), (0.00019999877, -0.032939393, 0.0615), (0.00058330287, -0.032934833, 0.062), (0.0009665279, -0.032925818, 0.0625), (0.0013496222, -0.03291234, 0.063), (0.000024999998, -0.03293999, 0.061), (0.00040832287, -0.03293747, 0.0615), (0.0007915904, -0.032930486, 0.062), (0.0011747509, -0.032919046, 0.0625), (0.00023333138, -0.032939173, 0.061), (0.00061663066, -0.032934226, 0.0615), (0.0009998464, -0.032924823, 0.062), (0.00044165342, -0.03293704, 0.061), (0.00082491373, -0.03292967, 0.0615), (0.0006499578, -0.032933585, 0.061), (-0.00059996685, -0.032934535, 0.061), (-0.00043332085, -0.03293715, 0.0615), (-0.00026666376, -0.03293892, 0.062), (-0.000099999845, -0.032939848, 0.0625), (0.000066666624, -0.032939933, 0.063), (0.00023333138, -0.032939173, 0.0635), (0.00039999018, -0.03293757, 0.064), (-0.00021666511, -0.03293929, 0.0615), (-0.00004999998, -0.032939963, 0.062), (0.00011666642, -0.03293979, 0.0625), (0.00028332983, -0.032938782, 0.063), (0.000449986, -0.032936927, 0.0635), (0.00061663066, -0.032934226, 0.064), (0.00016666595, -0.03293958, 0.062), (0.00033332765, -0.032938313, 0.0625), (0.0004999808, -0.032936204, 0.063), (0.00066662114, -0.032933254, 0.0635), (0.00083324447, -0.032929458, 0.064), (0.00054997444, -0.032935407, 0.0625), (0.0007166101, -0.032932203, 0.063), (0.00088322745, -0.032928158, 0.0635), (0.0010498222, -0.032923266, 0.064), (0.00093320844, -0.03292678, 0.063), (0.0010997956, -0.032921635, 0.0635), (0.0012663546, -0.032915648, 0.064), (0.0013163161, -0.03291369, 0.0635), (0.001482832, -0.032906607, 0.064), (0.0016992454, -0.032896142, 0.064), (0.03294, 0, 0.0582), (0.032938246, -0.00034002773, 0.058457673), (0.03293298, -0.0006800192, 0.058715343), (0.032924205, -0.0010199383, 0.058973014), (0.032911923, -0.0013597487, 0.05923069), (0.032896135, -0.0016994141, 0.05948836), (0.032876838, -0.0020388984, 0.05974603), (0.03294, 9.082797e-20, 0.059016667), (0.032938246, -0.00034002773, 0.05927434), (0.03293298, -0.0006800192, 0.05953201), (0.032924205, -0.0010199383, 0.059789684), (0.032911923, -0.0013597487, 0.060047355), (0.032896135, -0.0016994141, 0.060305025), (0.03294, 1.8165595e-19, 0.059833333), (0.032938246, -0.00034002773, 0.060091004), (0.03293298, -0.0006800192, 0.06034868), (0.032924205, -0.0010199383, 0.06060635), (0.032911923, -0.0013597487, 0.06086402), (0.03294, 2.7248392e-19, 0.06065), (0.032938246, -0.00034002773, 0.060907673), (0.03293298, -0.0006800192, 0.061165344), (0.032924205, -0.0010199383, 0.061423015), (0.03294, 3.633119e-19, 0.061466668), (0.032938246, -0.00034002773, 0.06172434), (0.03293298, -0.0006800192, 0.06198201), (0.03294, 4.5413984e-19, 0.062283333), (0.032938246, -0.00034002773, 0.06254101), (0.03294, 5.4496784e-19, 0.0631), (0.03294, 0, 0.0582), (0.032909796, -0.0014103026, 0.058452364), (0.032819238, -0.002818019, 0.058704726), (0.032668494, -0.004220567, 0.058957092), (0.032457836, -0.0056153755, 0.059209455), (0.032187656, -0.006999885, 0.05946182), (0.031858448, -0.008371558, 0.059714183), (0.032938246, -0.00034002773, 0.058457673), (0.032893483, -0.0017499434, 0.058710035), (0.0327884, -0.0031566499, 0.0589624), (0.032623183, -0.004557567, 0.059214763), (0.032398142, -0.005950127, 0.059467126), (0.032113682, -0.007331774, 0.05971949), (0.03293298, -0.0006800192, 0.058715343), (0.032873668, -0.0020893977, 0.05896771), (0.032754067, -0.0034949444, 0.059220072), (0.0325744, -0.004894082, 0.059472434), (0.032334995, -0.006284244, 0.0597248), (0.032924205, -0.0010199383, 0.058973014), (0.032850347, -0.0024286294, 0.05922538), (0.032716244, -0.0038328667, 0.059477743), (0.032522146, -0.0052300747, 0.05973011), (0.032911923, -0.0013597487, 0.05923069), (0.03282353, -0.0027676022, 0.05948305), (0.03267494, -0.0041703805, 0.059735414), (0.032896135, -0.0016994141, 0.05948836), (0.03279321, -0.0031062802, 0.059740722), (0.032876838, -0.0020388984, 0.05974603), (0.03294, 0, 0.0582), (0.032935407, -0.0005501606, 0.05810158), (0.032921623, -0.0011001677, 0.058003157), (0.032898657, -0.001649868, 0.057904735), (0.03286651, -0.002199108, 0.057806313), (0.032825198, -0.0027477343, 0.05770789), (0.032774724, -0.0032955944, 0.05760947), (0.032909796, -0.0014103026, 0.058452364), (0.03288165, -0.001959762, 0.058353942), (0.03284433, -0.0025086747, 0.05825552), (0.03279785, -0.0030568875, 0.058157098), (0.03274222, -0.0036042477, 0.058058675), (0.032677457, -0.004150602, 0.057960253), (0.032819238, -0.002818019, 0.058704726), (0.032767594, -0.0033657695, 0.058606304), (0.03270681, -0.003912581, 0.058507886), (0.0326369, -0.0044583012, 0.058409464), (0.032557882, -0.0050027776, 0.05831104), (0.032668494, -0.004220567, 0.058957092), (0.032593444, -0.004765604, 0.05885867), (0.032509305, -0.005309312, 0.058760248), (0.032416094, -0.005851539, 0.058661826), (0.032457836, -0.0056153755, 0.059209455), (0.03235952, -0.0061566997, 0.059111033), (0.03225218, -0.006696306, 0.05901261), (0.032187656, -0.006999885, 0.05946182), (0.032066256, -0.007536504, 0.0593634), (0.031858448, -0.008371558, 0.059714183), (0.03294, 0, 0.0582), (0.032928463, -0.00087177963, 0.057539303), (0.032893855, -0.0017429485, 0.056878604), (0.032836206, -0.0026128965, 0.05621791), (0.03275555, -0.003481014, 0.05555721), (0.03265195, -0.0043466925, 0.054896515), (0.032525476, -0.0052093263, 0.054235816), (0.032935407, -0.0005501606, 0.05810158), (0.032909308, -0.001421626, 0.05744088), (0.032860156, -0.0022920955, 0.05678018), (0.032787986, -0.003160959, 0.056119487), (0.032692842, -0.0040276083, 0.055458788), (0.0325748, -0.004891436, 0.054798093), (0.032921623, -0.0011001677, 0.058003157), (0.032880973, -0.0019710758, 0.05734246), (0.03281729, -0.0028406028, 0.056681763), (0.032730617, -0.0037081398, 0.056021065), (0.032621015, -0.0045730793, 0.055360366), (0.032898657, -0.001649868, 0.057904735), (0.032843467, -0.0025199754, 0.057244036), (0.03276527, -0.0033883175, 0.05658334), (0.03266412, -0.004254286, 0.055922642), (0.03286651, -0.002199108, 0.057806313), (0.032796796, -0.0030681724, 0.057145614), (0.032704107, -0.0039350875, 0.05648492), (0.032825198, -0.0027477343, 0.05770789), (0.032740977, -0.0036155132, 0.057047192), (0.032774724, -0.0032955944, 0.05760947), (0.03294, 0, 0.0582), (0.03294, -1.0626873e-19, 0.0578815), (0.03294, -2.1253745e-19, 0.057563), (0.03294, -3.188062e-19, 0.0572445), (0.03294, -4.250749e-19, 0.056926), (0.03294, -5.3134365e-19, 0.0566075), (0.03294, -6.376124e-19, 0.056289), (0.032928463, -0.00087177963, 0.057539303), (0.032928463, -0.00087177963, 0.0572208), (0.032928463, -0.00087177963, 0.056902304), (0.032928463, -0.00087177963, 0.056583803), (0.032928463, -0.00087177963, 0.056265302), (0.032928463, -0.00087177963, 0.055946805), (0.032893855, -0.0017429485, 0.056878604), (0.032893855, -0.0017429485, 0.056560107), (0.032893855, -0.0017429485, 0.056241605), (0.032893855, -0.0017429485, 0.055923104), (0.032893855, -0.0017429485, 0.055604607), (0.032836206, -0.0026128965, 0.05621791), (0.032836206, -0.0026128965, 0.055899408), (0.032836206, -0.0026128965, 0.055580907), (0.032836206, -0.0026128965, 0.05526241), (0.03275555, -0.003481014, 0.05555721), (0.03275555, -0.003481014, 0.055238713), (0.03275555, -0.003481014, 0.05492021), (0.03265195, -0.0043466925, 0.054896515), (0.03265195, -0.0043466925, 0.054578014), (0.032525476, -0.0052093263, 0.054235816), (0.03294, 0, 0.0582), (0.032928463, 0.00087177963, 0.057539303), (0.032893855, 0.0017429485, 0.056878604), (0.032836206, 0.0026128965, 0.05621791), (0.03275555, 0.003481014, 0.05555721), (0.03265195, 0.0043466925, 0.054896515), (0.032525476, 0.0052093263, 0.054235816), (0.03294, -1.0626873e-19, 0.0578815), (0.032928463, 0.00087177963, 0.0572208), (0.032893855, 0.0017429485, 0.056560107), (0.032836206, 0.0026128965, 0.055899408), (0.03275555, 0.003481014, 0.055238713), (0.03265195, 0.0043466925, 0.054578014), (0.03294, -2.1253745e-19, 0.057563), (0.032928463, 0.00087177963, 0.056902304), (0.032893855, 0.0017429485, 0.056241605), (0.032836206, 0.0026128965, 0.055580907), (0.03275555, 0.003481014, 0.05492021), (0.03294, -3.188062e-19, 0.0572445), (0.032928463, 0.00087177963, 0.056583803), (0.032893855, 0.0017429485, 0.055923104), (0.032836206, 0.0026128965, 0.05526241), (0.03294, -4.250749e-19, 0.056926), (0.032928463, 0.00087177963, 0.056265302), (0.032893855, 0.0017429485, 0.055604607), (0.03294, -5.3134365e-19, 0.0566075), (0.032928463, 0.00087177963, 0.055946805), (0.03294, -6.376124e-19, 0.056289), (0.03294, 0, 0.0582), (0.032935407, 0.0005501606, 0.05810158), (0.032921623, 0.0011001677, 0.058003157), (0.032898657, 0.001649868, 0.057904735), (0.03286651, 0.002199108, 0.057806313), (0.032825198, 0.0027477343, 0.05770789), (0.032774724, 0.0032955944, 0.05760947), (0.032928463, 0.00087177963, 0.057539303), (0.032909308, 0.001421626, 0.05744088), (0.032880973, 0.0019710758, 0.05734246), (0.032843467, 0.0025199754, 0.057244036), (0.032796796, 0.0030681724, 0.057145614), (0.032740977, 0.0036155132, 0.057047192), (0.032893855, 0.0017429485, 0.056878604), (0.032860156, 0.0022920955, 0.05678018), (0.03281729, 0.0028406028, 0.056681763), (0.03276527, 0.0033883175, 0.05658334), (0.032704107, 0.0039350875, 0.05648492), (0.032836206, 0.0026128965, 0.05621791), (0.032787986, 0.003160959, 0.056119487), (0.032730617, 0.0037081398, 0.056021065), (0.03266412, 0.004254286, 0.055922642), (0.03275555, 0.003481014, 0.05555721), (0.032692842, 0.0040276083, 0.055458788), (0.032621015, 0.0045730793, 0.055360366), (0.03265195, 0.0043466925, 0.054896515), (0.0325748, 0.004891436, 0.054798093), (0.032525476, 0.0052093263, 0.054235816), (0.03294, 0, 0.0582), (0.032909796, 0.0014103026, 0.058452364), (0.032819238, 0.002818019, 0.058704726), (0.032668494, 0.004220567, 0.058957092), (0.032457836, 0.0056153755, 0.059209455), (0.032187656, 0.006999885, 0.05946182), (0.031858448, 0.008371558, 0.059714183), (0.032935407, 0.0005501606, 0.05810158), (0.03288165, 0.001959762, 0.058353942), (0.032767594, 0.0033657695, 0.058606304), (0.032593444, 0.004765604, 0.05885867), (0.03235952, 0.0061566997, 0.059111033), (0.032066256, 0.007536504, 0.0593634), (0.032921623, 0.0011001677, 0.058003157), (0.03284433, 0.0025086747, 0.05825552), (0.03270681, 0.003912581, 0.058507886), (0.032509305, 0.005309312, 0.058760248), (0.03225218, 0.006696306, 0.05901261), (0.032898657, 0.001649868, 0.057904735), (0.03279785, 0.0030568875, 0.058157098), (0.0326369, 0.0044583012, 0.058409464), (0.032416094, 0.005851539, 0.058661826), (0.03286651, 0.002199108, 0.057806313), (0.03274222, 0.0036042477, 0.058058675), (0.032557882, 0.0050027776, 0.05831104), (0.032825198, 0.0027477343, 0.05770789), (0.032677457, 0.004150602, 0.057960253), (0.032774724, 0.0032955944, 0.05760947), (0.03294, 0, 0.0582), (0.032938246, 0.00034002773, 0.058457673), (0.03293298, 0.0006800192, 0.058715343), (0.032924205, 0.0010199383, 0.058973014), (0.032911923, 0.0013597487, 0.05923069), (0.032896135, 0.0016994141, 0.05948836), (0.032876838, 0.0020388984, 0.05974603), (0.032909796, 0.0014103026, 0.058452364), (0.032893483, 0.0017499434, 0.058710035), (0.032873668, 0.0020893977, 0.05896771), (0.032850347, 0.0024286294, 0.05922538), (0.03282353, 0.0027676022, 0.05948305), (0.03279321, 0.0031062802, 0.059740722), (0.032819238, 0.002818019, 0.058704726), (0.0327884, 0.0031566499, 0.0589624), (0.032754067, 0.0034949444, 0.059220072), (0.032716244, 0.0038328667, 0.059477743), (0.03267494, 0.0041703805, 0.059735414), (0.032668494, 0.004220567, 0.058957092), (0.032623183, 0.004557567, 0.059214763), (0.0325744, 0.004894082, 0.059472434), (0.032522146, 0.0052300747, 0.05973011), (0.032457836, 0.0056153755, 0.059209455), (0.032398142, 0.005950127, 0.059467126), (0.032334995, 0.006284244, 0.0597248), (0.032187656, 0.006999885, 0.05946182), (0.032113682, 0.007331774, 0.05971949), (0.031858448, 0.008371558, 0.059714183), (0.03294, 0, 0.0582), (0.03294, 9.082797e-20, 0.059016667), (0.03294, 1.8165595e-19, 0.059833333), (0.03294, 2.7248392e-19, 0.06065), (0.03294, 3.633119e-19, 0.061466668), (0.03294, 4.5413984e-19, 0.062283333), (0.03294, 5.4496784e-19, 0.0631), (0.032938246, 0.00034002773, 0.058457673), (0.032938246, 0.00034002773, 0.05927434), (0.032938246, 0.00034002773, 0.060091004), (0.032938246, 0.00034002773, 0.060907673), (0.032938246, 0.00034002773, 0.06172434), (0.032938246, 0.00034002773, 0.06254101), (0.03293298, 0.0006800192, 0.058715343), (0.03293298, 0.0006800192, 0.05953201), (0.03293298, 0.0006800192, 0.06034868), (0.03293298, 0.0006800192, 0.061165344), (0.03293298, 0.0006800192, 0.06198201), (0.032924205, 0.0010199383, 0.058973014), (0.032924205, 0.0010199383, 0.059789684), (0.032924205, 0.0010199383, 0.06060635), (0.032924205, 0.0010199383, 0.061423015), (0.032911923, 0.0013597487, 0.05923069), (0.032911923, 0.0013597487, 0.060047355), (0.032911923, 0.0013597487, 0.06086402), (0.032896135, 0.0016994141, 0.05948836), (0.032896135, 0.0016994141, 0.060305025), (0.032876838, 0.0020388984, 0.05974603), (0.032934535, -0.00059996685, 0.061), (0.03293929, -0.00021666511, 0.0615), (0.03293958, 0.00016666595, 0.062), (0.032935407, 0.00054997444, 0.0625), (0.03292678, 0.00093320844, 0.063), (0.03291369, 0.0013163161, 0.0635), (0.032896142, 0.0016992454, 0.064), (0.032937672, -0.00039165744, 0.061), (0.03294, -0.000008333333, 0.0615), (0.032937866, 0.0003749919, 0.062), (0.032931272, 0.00075826637, 0.0625), (0.03292022, 0.0011414381, 0.063), (0.032904707, 0.0015244553, 0.0635), (0.03293949, -0.00018333239, 0.061), (0.032939393, 0.00019999877, 0.0615), (0.032934833, 0.00058330287, 0.062), (0.032925818, 0.0009665279, 0.0625), (0.03291234, 0.0013496222, 0.063), (0.03293999, 0.000024999998, 0.061), (0.03293747, 0.00040832287, 0.0615), (0.032930486, 0.0007915904, 0.062), (0.032919046, 0.0011747509, 0.0625), (0.032939173, 0.00023333138, 0.061), (0.032934226, 0.00061663066, 0.0615), (0.032924823, 0.0009998464, 0.062), (0.03293704, 0.00044165342, 0.061), (0.03292967, 0.00082491373, 0.0615), (0.032933585, 0.0006499578, 0.061), (0.032934535, -0.00059996685, 0.061), (0.03293715, -0.00043332085, 0.0615), (0.03293892, -0.00026666376, 0.062), (0.032939848, -0.000099999845, 0.0625), (0.032939933, 0.000066666624, 0.063), (0.032939173, 0.00023333138, 0.0635), (0.03293757, 0.00039999018, 0.064), (0.03293929, -0.00021666511, 0.0615), (0.032939963, -0.00004999998, 0.062), (0.03293979, 0.00011666642, 0.0625), (0.032938782, 0.00028332983, 0.063), (0.032936927, 0.000449986, 0.0635), (0.032934226, 0.00061663066, 0.064), (0.03293958, 0.00016666595, 0.062), (0.032938313, 0.00033332765, 0.0625), (0.032936204, 0.0004999808, 0.063), (0.032933254, 0.00066662114, 0.0635), (0.032929458, 0.00083324447, 0.064), (0.032935407, 0.00054997444, 0.0625), (0.032932203, 0.0007166101, 0.063), (0.032928158, 0.00088322745, 0.0635), (0.032923266, 0.0010498222, 0.064), (0.03292678, 0.00093320844, 0.063), (0.032921635, 0.0010997956, 0.0635), (0.032915648, 0.0012663546, 0.064), (0.03291369, 0.0013163161, 0.0635), (0.032906607, 0.001482832, 0.064), (0.032896142, 0.0016992454, 0.064), (2.0169933e-18, 0.03294, 0.0582), (0.00034002773, 0.032938246, 0.058457673), (0.0006800192, 0.03293298, 0.058715343), (0.0010199383, 0.032924205, 0.058973014), (0.0013597487, 0.032911923, 0.05923069), (0.0016994141, 0.032896135, 0.05948836), (0.0020388984, 0.032876838, 0.05974603), (2.0169933e-18, 0.03294, 0.059016667), (0.00034002773, 0.032938246, 0.05927434), (0.0006800192, 0.03293298, 0.05953201), (0.0010199383, 0.032924205, 0.059789684), (0.0013597487, 0.032911923, 0.060047355), (0.0016994141, 0.032896135, 0.060305025), (2.0169933e-18, 0.03294, 0.059833333), (0.00034002773, 0.032938246, 0.060091004), (0.0006800192, 0.03293298, 0.06034868), (0.0010199383, 0.032924205, 0.06060635), (0.0013597487, 0.032911923, 0.06086402), (2.0169933e-18, 0.03294, 0.06065), (0.00034002773, 0.032938246, 0.060907673), (0.0006800192, 0.03293298, 0.061165344), (0.0010199383, 0.032924205, 0.061423015), (2.0169933e-18, 0.03294, 0.061466668), (0.00034002773, 0.032938246, 0.06172434), (0.0006800192, 0.03293298, 0.06198201), (2.0169933e-18, 0.03294, 0.062283333), (0.00034002773, 0.032938246, 0.06254101), (2.0169933e-18, 0.03294, 0.0631), (2.0169933e-18, 0.03294, 0.0582), (0.0014103026, 0.032909796, 0.058452364), (0.002818019, 0.032819238, 0.058704726), (0.004220567, 0.032668494, 0.058957092), (0.0056153755, 0.032457836, 0.059209455), (0.006999885, 0.032187656, 0.05946182), (0.008371558, 0.031858448, 0.059714183), (0.00034002773, 0.032938246, 0.058457673), (0.0017499434, 0.032893483, 0.058710035), (0.0031566499, 0.0327884, 0.0589624), (0.004557567, 0.032623183, 0.059214763), (0.005950127, 0.032398142, 0.059467126), (0.007331774, 0.032113682, 0.05971949), (0.0006800192, 0.03293298, 0.058715343), (0.0020893977, 0.032873668, 0.05896771), (0.0034949444, 0.032754067, 0.059220072), (0.004894082, 0.0325744, 0.059472434), (0.006284244, 0.032334995, 0.0597248), (0.0010199383, 0.032924205, 0.058973014), (0.0024286294, 0.032850347, 0.05922538), (0.0038328667, 0.032716244, 0.059477743), (0.0052300747, 0.032522146, 0.05973011), (0.0013597487, 0.032911923, 0.05923069), (0.0027676022, 0.03282353, 0.05948305), (0.0041703805, 0.03267494, 0.059735414), (0.0016994141, 0.032896135, 0.05948836), (0.0031062802, 0.03279321, 0.059740722), (0.0020388984, 0.032876838, 0.05974603), (2.0169933e-18, 0.03294, 0.0582), (0.0005501606, 0.032935407, 0.05810158), (0.0011001677, 0.032921623, 0.058003157), (0.001649868, 0.032898657, 0.057904735), (0.002199108, 0.03286651, 0.057806313), (0.0027477343, 0.032825198, 0.05770789), (0.0032955944, 0.032774724, 0.05760947), (0.0014103026, 0.032909796, 0.058452364), (0.001959762, 0.03288165, 0.058353942), (0.0025086747, 0.03284433, 0.05825552), (0.0030568875, 0.03279785, 0.058157098), (0.0036042477, 0.03274222, 0.058058675), (0.004150602, 0.032677457, 0.057960253), (0.002818019, 0.032819238, 0.058704726), (0.0033657695, 0.032767594, 0.058606304), (0.003912581, 0.03270681, 0.058507886), (0.0044583012, 0.0326369, 0.058409464), (0.0050027776, 0.032557882, 0.05831104), (0.004220567, 0.032668494, 0.058957092), (0.004765604, 0.032593444, 0.05885867), (0.005309312, 0.032509305, 0.058760248), (0.005851539, 0.032416094, 0.058661826), (0.0056153755, 0.032457836, 0.059209455), (0.0061566997, 0.03235952, 0.059111033), (0.006696306, 0.03225218, 0.05901261), (0.006999885, 0.032187656, 0.05946182), (0.007536504, 0.032066256, 0.0593634), (0.008371558, 0.031858448, 0.059714183), (2.0169933e-18, 0.03294, 0.0582), (0.00087177963, 0.032928463, 0.057539303), (0.0017429485, 0.032893855, 0.056878604), (0.0026128965, 0.032836206, 0.05621791), (0.003481014, 0.03275555, 0.05555721), (0.0043466925, 0.03265195, 0.054896515), (0.0052093263, 0.032525476, 0.054235816), (0.0005501606, 0.032935407, 0.05810158), (0.001421626, 0.032909308, 0.05744088), (0.0022920955, 0.032860156, 0.05678018), (0.003160959, 0.032787986, 0.056119487), (0.0040276083, 0.032692842, 0.055458788), (0.004891436, 0.0325748, 0.054798093), (0.0011001677, 0.032921623, 0.058003157), (0.0019710758, 0.032880973, 0.05734246), (0.0028406028, 0.03281729, 0.056681763), (0.0037081398, 0.032730617, 0.056021065), (0.0045730793, 0.032621015, 0.055360366), (0.001649868, 0.032898657, 0.057904735), (0.0025199754, 0.032843467, 0.057244036), (0.0033883175, 0.03276527, 0.05658334), (0.004254286, 0.03266412, 0.055922642), (0.002199108, 0.03286651, 0.057806313), (0.0030681724, 0.032796796, 0.057145614), (0.0039350875, 0.032704107, 0.05648492), (0.0027477343, 0.032825198, 0.05770789), (0.0036155132, 0.032740977, 0.057047192), (0.0032955944, 0.032774724, 0.05760947), (2.0169933e-18, 0.03294, 0.0582), (2.0169933e-18, 0.03294, 0.0578815), (2.0169933e-18, 0.03294, 0.057563), (2.0169933e-18, 0.03294, 0.0572445), (2.0169933e-18, 0.03294, 0.056926), (2.0169933e-18, 0.03294, 0.0566075), (2.0169933e-18, 0.03294, 0.056289), (0.00087177963, 0.032928463, 0.057539303), (0.00087177963, 0.032928463, 0.0572208), (0.00087177963, 0.032928463, 0.056902304), (0.00087177963, 0.032928463, 0.056583803), (0.00087177963, 0.032928463, 0.056265302), (0.00087177963, 0.032928463, 0.055946805), (0.0017429485, 0.032893855, 0.056878604), (0.0017429485, 0.032893855, 0.056560107), (0.0017429485, 0.032893855, 0.056241605), (0.0017429485, 0.032893855, 0.055923104), (0.0017429485, 0.032893855, 0.055604607), (0.0026128965, 0.032836206, 0.05621791), (0.0026128965, 0.032836206, 0.055899408), (0.0026128965, 0.032836206, 0.055580907), (0.0026128965, 0.032836206, 0.05526241), (0.003481014, 0.03275555, 0.05555721), (0.003481014, 0.03275555, 0.055238713), (0.003481014, 0.03275555, 0.05492021), (0.0043466925, 0.03265195, 0.054896515), (0.0043466925, 0.03265195, 0.054578014), (0.0052093263, 0.032525476, 0.054235816), (2.0169933e-18, 0.03294, 0.0582), (-0.00087177963, 0.032928463, 0.057539303), (-0.0017429485, 0.032893855, 0.056878604), (-0.0026128965, 0.032836206, 0.05621791), (-0.003481014, 0.03275555, 0.05555721), (-0.0043466925, 0.03265195, 0.054896515), (-0.0052093263, 0.032525476, 0.054235816), (2.0169933e-18, 0.03294, 0.0578815), (-0.00087177963, 0.032928463, 0.0572208), (-0.0017429485, 0.032893855, 0.056560107), (-0.0026128965, 0.032836206, 0.055899408), (-0.003481014, 0.03275555, 0.055238713), (-0.0043466925, 0.03265195, 0.054578014), (2.0169933e-18, 0.03294, 0.057563), (-0.00087177963, 0.032928463, 0.056902304), (-0.0017429485, 0.032893855, 0.056241605), (-0.0026128965, 0.032836206, 0.055580907), (-0.003481014, 0.03275555, 0.05492021), (2.0169933e-18, 0.03294, 0.0572445), (-0.00087177963, 0.032928463, 0.056583803), (-0.0017429485, 0.032893855, 0.055923104), (-0.0026128965, 0.032836206, 0.05526241), (2.0169933e-18, 0.03294, 0.056926), (-0.00087177963, 0.032928463, 0.056265302), (-0.0017429485, 0.032893855, 0.055604607), (2.0169933e-18, 0.03294, 0.0566075), (-0.00087177963, 0.032928463, 0.055946805), (2.0169933e-18, 0.03294, 0.056289), (2.0169933e-18, 0.03294, 0.0582), (-0.0005501606, 0.032935407, 0.05810158), (-0.0011001677, 0.032921623, 0.058003157), (-0.001649868, 0.032898657, 0.057904735), (-0.002199108, 0.03286651, 0.057806313), (-0.0027477343, 0.032825198, 0.05770789), (-0.0032955944, 0.032774724, 0.05760947), (-0.00087177963, 0.032928463, 0.057539303), (-0.001421626, 0.032909308, 0.05744088), (-0.0019710758, 0.032880973, 0.05734246), (-0.0025199754, 0.032843467, 0.057244036), (-0.0030681724, 0.032796796, 0.057145614), (-0.0036155132, 0.032740977, 0.057047192), (-0.0017429485, 0.032893855, 0.056878604), (-0.0022920955, 0.032860156, 0.05678018), (-0.0028406028, 0.03281729, 0.056681763), (-0.0033883175, 0.03276527, 0.05658334), (-0.0039350875, 0.032704107, 0.05648492), (-0.0026128965, 0.032836206, 0.05621791), (-0.003160959, 0.032787986, 0.056119487), (-0.0037081398, 0.032730617, 0.056021065), (-0.004254286, 0.03266412, 0.055922642), (-0.003481014, 0.03275555, 0.05555721), (-0.0040276083, 0.032692842, 0.055458788), (-0.0045730793, 0.032621015, 0.055360366), (-0.0043466925, 0.03265195, 0.054896515), (-0.004891436, 0.0325748, 0.054798093), (-0.0052093263, 0.032525476, 0.054235816), (2.0169933e-18, 0.03294, 0.0582), (-0.0014103026, 0.032909796, 0.058452364), (-0.002818019, 0.032819238, 0.058704726), (-0.004220567, 0.032668494, 0.058957092), (-0.0056153755, 0.032457836, 0.059209455), (-0.006999885, 0.032187656, 0.05946182), (-0.008371558, 0.031858448, 0.059714183), (-0.0005501606, 0.032935407, 0.05810158), (-0.001959762, 0.03288165, 0.058353942), (-0.0033657695, 0.032767594, 0.058606304), (-0.004765604, 0.032593444, 0.05885867), (-0.0061566997, 0.03235952, 0.059111033), (-0.007536504, 0.032066256, 0.0593634), (-0.0011001677, 0.032921623, 0.058003157), (-0.0025086747, 0.03284433, 0.05825552), (-0.003912581, 0.03270681, 0.058507886), (-0.005309312, 0.032509305, 0.058760248), (-0.006696306, 0.03225218, 0.05901261), (-0.001649868, 0.032898657, 0.057904735), (-0.0030568875, 0.03279785, 0.058157098), (-0.0044583012, 0.0326369, 0.058409464), (-0.005851539, 0.032416094, 0.058661826), (-0.002199108, 0.03286651, 0.057806313), (-0.0036042477, 0.03274222, 0.058058675), (-0.0050027776, 0.032557882, 0.05831104), (-0.0027477343, 0.032825198, 0.05770789), (-0.004150602, 0.032677457, 0.057960253), (-0.0032955944, 0.032774724, 0.05760947), (2.0169933e-18, 0.03294, 0.0582), (-0.00034002773, 0.032938246, 0.058457673), (-0.0006800192, 0.03293298, 0.058715343), (-0.0010199383, 0.032924205, 0.058973014), (-0.0013597487, 0.032911923, 0.05923069), (-0.0016994141, 0.032896135, 0.05948836), (-0.0020388984, 0.032876838, 0.05974603), (-0.0014103026, 0.032909796, 0.058452364), (-0.0017499434, 0.032893483, 0.058710035), (-0.0020893977, 0.032873668, 0.05896771), (-0.0024286294, 0.032850347, 0.05922538), (-0.0027676022, 0.03282353, 0.05948305), (-0.0031062802, 0.03279321, 0.059740722), (-0.002818019, 0.032819238, 0.058704726), (-0.0031566499, 0.0327884, 0.0589624), (-0.0034949444, 0.032754067, 0.059220072), (-0.0038328667, 0.032716244, 0.059477743), (-0.0041703805, 0.03267494, 0.059735414), (-0.004220567, 0.032668494, 0.058957092), (-0.004557567, 0.032623183, 0.059214763), (-0.004894082, 0.0325744, 0.059472434), (-0.0052300747, 0.032522146, 0.05973011), (-0.0056153755, 0.032457836, 0.059209455), (-0.005950127, 0.032398142, 0.059467126), (-0.006284244, 0.032334995, 0.0597248), (-0.006999885, 0.032187656, 0.05946182), (-0.007331774, 0.032113682, 0.05971949), (-0.008371558, 0.031858448, 0.059714183), (2.0169933e-18, 0.03294, 0.0582), (2.0169933e-18, 0.03294, 0.059016667), (2.0169933e-18, 0.03294, 0.059833333), (2.0169933e-18, 0.03294, 0.06065), (2.0169933e-18, 0.03294, 0.061466668), (2.0169933e-18, 0.03294, 0.062283333), (2.0169933e-18, 0.03294, 0.0631), (-0.00034002773, 0.032938246, 0.058457673), (-0.00034002773, 0.032938246, 0.05927434), (-0.00034002773, 0.032938246, 0.060091004), (-0.00034002773, 0.032938246, 0.060907673), (-0.00034002773, 0.032938246, 0.06172434), (-0.00034002773, 0.032938246, 0.06254101), (-0.0006800192, 0.03293298, 0.058715343), (-0.0006800192, 0.03293298, 0.05953201), (-0.0006800192, 0.03293298, 0.06034868), (-0.0006800192, 0.03293298, 0.061165344), (-0.0006800192, 0.03293298, 0.06198201), (-0.0010199383, 0.032924205, 0.058973014), (-0.0010199383, 0.032924205, 0.059789684), (-0.0010199383, 0.032924205, 0.06060635), (-0.0010199383, 0.032924205, 0.061423015), (-0.0013597487, 0.032911923, 0.05923069), (-0.0013597487, 0.032911923, 0.060047355), (-0.0013597487, 0.032911923, 0.06086402), (-0.0016994141, 0.032896135, 0.05948836), (-0.0016994141, 0.032896135, 0.060305025), (-0.0020388984, 0.032876838, 0.05974603), (0.00059996685, 0.032934535, 0.061), (0.00021666511, 0.03293929, 0.0615), (-0.00016666595, 0.03293958, 0.062), (-0.00054997444, 0.032935407, 0.0625), (-0.00093320844, 0.03292678, 0.063), (-0.0013163161, 0.03291369, 0.0635), (-0.0016992454, 0.032896142, 0.064), (0.00039165744, 0.032937672, 0.061), (0.000008333333, 0.03294, 0.0615), (-0.0003749919, 0.032937866, 0.062), (-0.00075826637, 0.032931272, 0.0625), (-0.0011414381, 0.03292022, 0.063), (-0.0015244553, 0.032904707, 0.0635), (0.00018333239, 0.03293949, 0.061), (-0.00019999877, 0.032939393, 0.0615), (-0.00058330287, 0.032934833, 0.062), (-0.0009665279, 0.032925818, 0.0625), (-0.0013496222, 0.03291234, 0.063), (-0.000024999998, 0.03293999, 0.061), (-0.00040832287, 0.03293747, 0.0615), (-0.0007915904, 0.032930486, 0.062), (-0.0011747509, 0.032919046, 0.0625), (-0.00023333138, 0.032939173, 0.061), (-0.00061663066, 0.032934226, 0.0615), (-0.0009998464, 0.032924823, 0.062), (-0.00044165342, 0.03293704, 0.061), (-0.00082491373, 0.03292967, 0.0615), (-0.0006499578, 0.032933585, 0.061), (0.00059996685, 0.032934535, 0.061), (0.00043332085, 0.03293715, 0.0615), (0.00026666376, 0.03293892, 0.062), (0.000099999845, 0.032939848, 0.0625), (-0.000066666624, 0.032939933, 0.063), (-0.00023333138, 0.032939173, 0.0635), (-0.00039999018, 0.03293757, 0.064), (0.00021666511, 0.03293929, 0.0615), (0.00004999998, 0.032939963, 0.062), (-0.00011666642, 0.03293979, 0.0625), (-0.00028332983, 0.032938782, 0.063), (-0.000449986, 0.032936927, 0.0635), (-0.00061663066, 0.032934226, 0.064), (-0.00016666595, 0.03293958, 0.062), (-0.00033332765, 0.032938313, 0.0625), (-0.0004999808, 0.032936204, 0.063), (-0.00066662114, 0.032933254, 0.0635), (-0.00083324447, 0.032929458, 0.064), (-0.00054997444, 0.032935407, 0.0625), (-0.0007166101, 0.032932203, 0.063), (-0.00088322745, 0.032928158, 0.0635), (-0.0010498222, 0.032923266, 0.064), (-0.00093320844, 0.03292678, 0.063), (-0.0010997956, 0.032921635, 0.0635), (-0.0012663546, 0.032915648, 0.064), (-0.0013163161, 0.03291369, 0.0635), (-0.001482832, 0.032906607, 0.064), (-0.0016992454, 0.032896142, 0.064), (-0.03294, 4.0339866e-18, 0.0582), (-0.032938246, 0.00034002773, 0.058457673), (-0.03293298, 0.0006800192, 0.058715343), (-0.032924205, 0.0010199383, 0.058973014), (-0.032911923, 0.0013597487, 0.05923069), (-0.032896135, 0.0016994141, 0.05948836), (-0.032876838, 0.0020388984, 0.05974603), (-0.03294, 4.0339866e-18, 0.059016667), (-0.032938246, 0.00034002773, 0.05927434), (-0.03293298, 0.0006800192, 0.05953201), (-0.032924205, 0.0010199383, 0.059789684), (-0.032911923, 0.0013597487, 0.060047355), (-0.032896135, 0.0016994141, 0.060305025), (-0.03294, 4.0339866e-18, 0.059833333), (-0.032938246, 0.00034002773, 0.060091004), (-0.03293298, 0.0006800192, 0.06034868), (-0.032924205, 0.0010199383, 0.06060635), (-0.032911923, 0.0013597487, 0.06086402), (-0.03294, 4.0339866e-18, 0.06065), (-0.032938246, 0.00034002773, 0.060907673), (-0.03293298, 0.0006800192, 0.061165344), (-0.032924205, 0.0010199383, 0.061423015), (-0.03294, 4.0339866e-18, 0.061466668), (-0.032938246, 0.00034002773, 0.06172434), (-0.03293298, 0.0006800192, 0.06198201), (-0.03294, 4.0339866e-18, 0.062283333), (-0.032938246, 0.00034002773, 0.06254101), (-0.03294, 4.0339866e-18, 0.0631), (-0.03294, 4.0339866e-18, 0.0582), (-0.032909796, 0.0014103026, 0.058452364), (-0.032819238, 0.002818019, 0.058704726), (-0.032668494, 0.004220567, 0.058957092), (-0.032457836, 0.0056153755, 0.059209455), (-0.032187656, 0.006999885, 0.05946182), (-0.031858448, 0.008371558, 0.059714183), (-0.032938246, 0.00034002773, 0.058457673), (-0.032893483, 0.0017499434, 0.058710035), (-0.0327884, 0.0031566499, 0.0589624), (-0.032623183, 0.004557567, 0.059214763), (-0.032398142, 0.005950127, 0.059467126), (-0.032113682, 0.007331774, 0.05971949), (-0.03293298, 0.0006800192, 0.058715343), (-0.032873668, 0.0020893977, 0.05896771), (-0.032754067, 0.0034949444, 0.059220072), (-0.0325744, 0.004894082, 0.059472434), (-0.032334995, 0.006284244, 0.0597248), (-0.032924205, 0.0010199383, 0.058973014), (-0.032850347, 0.0024286294, 0.05922538), (-0.032716244, 0.0038328667, 0.059477743), (-0.032522146, 0.0052300747, 0.05973011), (-0.032911923, 0.0013597487, 0.05923069), (-0.03282353, 0.0027676022, 0.05948305), (-0.03267494, 0.0041703805, 0.059735414), (-0.032896135, 0.0016994141, 0.05948836), (-0.03279321, 0.0031062802, 0.059740722), (-0.032876838, 0.0020388984, 0.05974603), (-0.03294, 4.0339866e-18, 0.0582), (-0.032935407, 0.0005501606, 0.05810158), (-0.032921623, 0.0011001677, 0.058003157), (-0.032898657, 0.001649868, 0.057904735), (-0.03286651, 0.002199108, 0.057806313), (-0.032825198, 0.0027477343, 0.05770789), (-0.032774724, 0.0032955944, 0.05760947), (-0.032909796, 0.0014103026, 0.058452364), (-0.03288165, 0.001959762, 0.058353942), (-0.03284433, 0.0025086747, 0.05825552), (-0.03279785, 0.0030568875, 0.058157098), (-0.03274222, 0.0036042477, 0.058058675), (-0.032677457, 0.004150602, 0.057960253), (-0.032819238, 0.002818019, 0.058704726), (-0.032767594, 0.0033657695, 0.058606304), (-0.03270681, 0.003912581, 0.058507886), (-0.0326369, 0.0044583012, 0.058409464), (-0.032557882, 0.0050027776, 0.05831104), (-0.032668494, 0.004220567, 0.058957092), (-0.032593444, 0.004765604, 0.05885867), (-0.032509305, 0.005309312, 0.058760248), (-0.032416094, 0.005851539, 0.058661826), (-0.032457836, 0.0056153755, 0.059209455), (-0.03235952, 0.0061566997, 0.059111033), (-0.03225218, 0.006696306, 0.05901261), (-0.032187656, 0.006999885, 0.05946182), (-0.032066256, 0.007536504, 0.0593634), (-0.031858448, 0.008371558, 0.059714183), (-0.03294, 4.0339866e-18, 0.0582), (-0.032928463, 0.00087177963, 0.057539303), (-0.032893855, 0.0017429485, 0.056878604), (-0.032836206, 0.0026128965, 0.05621791), (-0.03275555, 0.003481014, 0.05555721), (-0.03265195, 0.0043466925, 0.054896515), (-0.032525476, 0.0052093263, 0.054235816), (-0.032935407, 0.0005501606, 0.05810158), (-0.032909308, 0.001421626, 0.05744088), (-0.032860156, 0.0022920955, 0.05678018), (-0.032787986, 0.003160959, 0.056119487), (-0.032692842, 0.0040276083, 0.055458788), (-0.0325748, 0.004891436, 0.054798093), (-0.032921623, 0.0011001677, 0.058003157), (-0.032880973, 0.0019710758, 0.05734246), (-0.03281729, 0.0028406028, 0.056681763), (-0.032730617, 0.0037081398, 0.056021065), (-0.032621015, 0.0045730793, 0.055360366), (-0.032898657, 0.001649868, 0.057904735), (-0.032843467, 0.0025199754, 0.057244036), (-0.03276527, 0.0033883175, 0.05658334), (-0.03266412, 0.004254286, 0.055922642), (-0.03286651, 0.002199108, 0.057806313), (-0.032796796, 0.0030681724, 0.057145614), (-0.032704107, 0.0039350875, 0.05648492), (-0.032825198, 0.0027477343, 0.05770789), (-0.032740977, 0.0036155132, 0.057047192), (-0.032774724, 0.0032955944, 0.05760947), (-0.03294, 4.0339866e-18, 0.0582), (-0.03294, 4.0339866e-18, 0.0578815), (-0.03294, 4.0339866e-18, 0.057563), (-0.03294, 4.0339866e-18, 0.0572445), (-0.03294, 4.0339866e-18, 0.056926), (-0.03294, 4.0339866e-18, 0.0566075), (-0.03294, 4.0339866e-18, 0.056289), (-0.032928463, 0.00087177963, 0.057539303), (-0.032928463, 0.00087177963, 0.0572208), (-0.032928463, 0.00087177963, 0.056902304), (-0.032928463, 0.00087177963, 0.056583803), (-0.032928463, 0.00087177963, 0.056265302), (-0.032928463, 0.00087177963, 0.055946805), (-0.032893855, 0.0017429485, 0.056878604), (-0.032893855, 0.0017429485, 0.056560107), (-0.032893855, 0.0017429485, 0.056241605), (-0.032893855, 0.0017429485, 0.055923104), (-0.032893855, 0.0017429485, 0.055604607), (-0.032836206, 0.0026128965, 0.05621791), (-0.032836206, 0.0026128965, 0.055899408), (-0.032836206, 0.0026128965, 0.055580907), (-0.032836206, 0.0026128965, 0.05526241), (-0.03275555, 0.003481014, 0.05555721), (-0.03275555, 0.003481014, 0.055238713), (-0.03275555, 0.003481014, 0.05492021), (-0.03265195, 0.0043466925, 0.054896515), (-0.03265195, 0.0043466925, 0.054578014), (-0.032525476, 0.0052093263, 0.054235816), (-0.03294, 4.0339866e-18, 0.0582), (-0.032928463, -0.00087177963, 0.057539303), (-0.032893855, -0.0017429485, 0.056878604), (-0.032836206, -0.0026128965, 0.05621791), (-0.03275555, -0.003481014, 0.05555721), (-0.03265195, -0.0043466925, 0.054896515), (-0.032525476, -0.0052093263, 0.054235816), (-0.03294, 4.0339866e-18, 0.0578815), (-0.032928463, -0.00087177963, 0.0572208), (-0.032893855, -0.0017429485, 0.056560107), (-0.032836206, -0.0026128965, 0.055899408), (-0.03275555, -0.003481014, 0.055238713), (-0.03265195, -0.0043466925, 0.054578014), (-0.03294, 4.0339866e-18, 0.057563), (-0.032928463, -0.00087177963, 0.056902304), (-0.032893855, -0.0017429485, 0.056241605), (-0.032836206, -0.0026128965, 0.055580907), (-0.03275555, -0.003481014, 0.05492021), (-0.03294, 4.0339866e-18, 0.0572445), (-0.032928463, -0.00087177963, 0.056583803), (-0.032893855, -0.0017429485, 0.055923104), (-0.032836206, -0.0026128965, 0.05526241), (-0.03294, 4.0339866e-18, 0.056926), (-0.032928463, -0.00087177963, 0.056265302), (-0.032893855, -0.0017429485, 0.055604607), (-0.03294, 4.0339866e-18, 0.0566075), (-0.032928463, -0.00087177963, 0.055946805), (-0.03294, 4.0339866e-18, 0.056289), (-0.03294, 4.0339866e-18, 0.0582), (-0.032935407, -0.0005501606, 0.05810158), (-0.032921623, -0.0011001677, 0.058003157), (-0.032898657, -0.001649868, 0.057904735), (-0.03286651, -0.002199108, 0.057806313), (-0.032825198, -0.0027477343, 0.05770789), (-0.032774724, -0.0032955944, 0.05760947), (-0.032928463, -0.00087177963, 0.057539303), (-0.032909308, -0.001421626, 0.05744088), (-0.032880973, -0.0019710758, 0.05734246), (-0.032843467, -0.0025199754, 0.057244036), (-0.032796796, -0.0030681724, 0.057145614), (-0.032740977, -0.0036155132, 0.057047192), (-0.032893855, -0.0017429485, 0.056878604), (-0.032860156, -0.0022920955, 0.05678018), (-0.03281729, -0.0028406028, 0.056681763), (-0.03276527, -0.0033883175, 0.05658334), (-0.032704107, -0.0039350875, 0.05648492), (-0.032836206, -0.0026128965, 0.05621791), (-0.032787986, -0.003160959, 0.056119487), (-0.032730617, -0.0037081398, 0.056021065), (-0.03266412, -0.004254286, 0.055922642), (-0.03275555, -0.003481014, 0.05555721), (-0.032692842, -0.0040276083, 0.055458788), (-0.032621015, -0.0045730793, 0.055360366), (-0.03265195, -0.0043466925, 0.054896515), (-0.0325748, -0.004891436, 0.054798093), (-0.032525476, -0.0052093263, 0.054235816), (-0.03294, 4.0339866e-18, 0.0582), (-0.032909796, -0.0014103026, 0.058452364), (-0.032819238, -0.002818019, 0.058704726), (-0.032668494, -0.004220567, 0.058957092), (-0.032457836, -0.0056153755, 0.059209455), (-0.032187656, -0.006999885, 0.05946182), (-0.031858448, -0.008371558, 0.059714183), (-0.032935407, -0.0005501606, 0.05810158), (-0.03288165, -0.001959762, 0.058353942), (-0.032767594, -0.0033657695, 0.058606304), (-0.032593444, -0.004765604, 0.05885867), (-0.03235952, -0.0061566997, 0.059111033), (-0.032066256, -0.007536504, 0.0593634), (-0.032921623, -0.0011001677, 0.058003157), (-0.03284433, -0.0025086747, 0.05825552), (-0.03270681, -0.003912581, 0.058507886), (-0.032509305, -0.005309312, 0.058760248), (-0.03225218, -0.006696306, 0.05901261), (-0.032898657, -0.001649868, 0.057904735), (-0.03279785, -0.0030568875, 0.058157098), (-0.0326369, -0.0044583012, 0.058409464), (-0.032416094, -0.005851539, 0.058661826), (-0.03286651, -0.002199108, 0.057806313), (-0.03274222, -0.0036042477, 0.058058675), (-0.032557882, -0.0050027776, 0.05831104), (-0.032825198, -0.0027477343, 0.05770789), (-0.032677457, -0.004150602, 0.057960253), (-0.032774724, -0.0032955944, 0.05760947), (-0.03294, 4.0339866e-18, 0.0582), (-0.032938246, -0.00034002773, 0.058457673), (-0.03293298, -0.0006800192, 0.058715343), (-0.032924205, -0.0010199383, 0.058973014), (-0.032911923, -0.0013597487, 0.05923069), (-0.032896135, -0.0016994141, 0.05948836), (-0.032876838, -0.0020388984, 0.05974603), (-0.032909796, -0.0014103026, 0.058452364), (-0.032893483, -0.0017499434, 0.058710035), (-0.032873668, -0.0020893977, 0.05896771), (-0.032850347, -0.0024286294, 0.05922538), (-0.03282353, -0.0027676022, 0.05948305), (-0.03279321, -0.0031062802, 0.059740722), (-0.032819238, -0.002818019, 0.058704726), (-0.0327884, -0.0031566499, 0.0589624), (-0.032754067, -0.0034949444, 0.059220072), (-0.032716244, -0.0038328667, 0.059477743), (-0.03267494, -0.0041703805, 0.059735414), (-0.032668494, -0.004220567, 0.058957092), (-0.032623183, -0.004557567, 0.059214763), (-0.0325744, -0.004894082, 0.059472434), (-0.032522146, -0.0052300747, 0.05973011), (-0.032457836, -0.0056153755, 0.059209455), (-0.032398142, -0.005950127, 0.059467126), (-0.032334995, -0.006284244, 0.0597248), (-0.032187656, -0.006999885, 0.05946182), (-0.032113682, -0.007331774, 0.05971949), (-0.031858448, -0.008371558, 0.059714183), (-0.03294, 4.0339866e-18, 0.0582), (-0.03294, 4.0339866e-18, 0.059016667), (-0.03294, 4.0339866e-18, 0.059833333), (-0.03294, 4.0339866e-18, 0.06065), (-0.03294, 4.0339866e-18, 0.061466668), (-0.03294, 4.0339866e-18, 0.062283333), (-0.03294, 4.0339866e-18, 0.0631), (-0.032938246, -0.00034002773, 0.058457673), (-0.032938246, -0.00034002773, 0.05927434), (-0.032938246, -0.00034002773, 0.060091004), (-0.032938246, -0.00034002773, 0.060907673), (-0.032938246, -0.00034002773, 0.06172434), (-0.032938246, -0.00034002773, 0.06254101), (-0.03293298, -0.0006800192, 0.058715343), (-0.03293298, -0.0006800192, 0.05953201), (-0.03293298, -0.0006800192, 0.06034868), (-0.03293298, -0.0006800192, 0.061165344), (-0.03293298, -0.0006800192, 0.06198201), (-0.032924205, -0.0010199383, 0.058973014), (-0.032924205, -0.0010199383, 0.059789684), (-0.032924205, -0.0010199383, 0.06060635), (-0.032924205, -0.0010199383, 0.061423015), (-0.032911923, -0.0013597487, 0.05923069), (-0.032911923, -0.0013597487, 0.060047355), (-0.032911923, -0.0013597487, 0.06086402), (-0.032896135, -0.0016994141, 0.05948836), (-0.032896135, -0.0016994141, 0.060305025), (-0.032876838, -0.0020388984, 0.05974603), (-0.032934535, 0.00059996685, 0.061), (-0.03293929, 0.00021666511, 0.0615), (-0.03293958, -0.00016666595, 0.062), (-0.032935407, -0.00054997444, 0.0625), (-0.03292678, -0.00093320844, 0.063), (-0.03291369, -0.0013163161, 0.0635), (-0.032896142, -0.0016992454, 0.064), (-0.032937672, 0.00039165744, 0.061), (-0.03294, 0.000008333333, 0.0615), (-0.032937866, -0.0003749919, 0.062), (-0.032931272, -0.00075826637, 0.0625), (-0.03292022, -0.0011414381, 0.063), (-0.032904707, -0.0015244553, 0.0635), (-0.03293949, 0.00018333239, 0.061), (-0.032939393, -0.00019999877, 0.0615), (-0.032934833, -0.00058330287, 0.062), (-0.032925818, -0.0009665279, 0.0625), (-0.03291234, -0.0013496222, 0.063), (-0.03293999, -0.000024999998, 0.061), (-0.03293747, -0.00040832287, 0.0615), (-0.032930486, -0.0007915904, 0.062), (-0.032919046, -0.0011747509, 0.0625), (-0.032939173, -0.00023333138, 0.061), (-0.032934226, -0.00061663066, 0.0615), (-0.032924823, -0.0009998464, 0.062), (-0.03293704, -0.00044165342, 0.061), (-0.03292967, -0.00082491373, 0.0615), (-0.032933585, -0.0006499578, 0.061), (-0.032934535, 0.00059996685, 0.061), (-0.03293715, 0.00043332085, 0.0615), (-0.03293892, 0.00026666376, 0.062), (-0.032939848, 0.000099999845, 0.0625), (-0.032939933, -0.000066666624, 0.063), (-0.032939173, -0.00023333138, 0.0635), (-0.03293757, -0.00039999018, 0.064), (-0.03293929, 0.00021666511, 0.0615), (-0.032939963, 0.00004999998, 0.062), (-0.03293979, -0.00011666642, 0.0625), (-0.032938782, -0.00028332983, 0.063), (-0.032936927, -0.000449986, 0.0635), (-0.032934226, -0.00061663066, 0.064), (-0.03293958, -0.00016666595, 0.062), (-0.032938313, -0.00033332765, 0.0625), (-0.032936204, -0.0004999808, 0.063), (-0.032933254, -0.00066662114, 0.0635), (-0.032929458, -0.00083324447, 0.064), (-0.032935407, -0.00054997444, 0.0625), (-0.032932203, -0.0007166101, 0.063), (-0.032928158, -0.00088322745, 0.0635), (-0.032923266, -0.0010498222, 0.064), (-0.03292678, -0.00093320844, 0.063), (-0.032921635, -0.0010997956, 0.0635), (-0.032915648, -0.0012663546, 0.064), (-0.03291369, -0.0013163161, 0.0635), (-0.032906607, -0.001482832, 0.064), (-0.032896142, -0.0016992454, 0.064)]
        uniform token subdivisionScheme = "none"
    }
}

