#usda 1.0
(
    doc = """reBot DevArm gripper collision hulls for Newton, from Seeed reBot-Isaacsim rebot_devarm.xml @ 199a0fa587ef15408432c8c135212d81304de1e3 (sha256 28d69120da31f6ca3bb138e6a0805e972bcc879416373e89229e98c4b2122731). 28 convex hulls in each USD body's frame. Generated by scripts/build_newton_gripper_hulls.py; do not edit by hand."""
    defaultPrim = "Hulls"
    metersPerUnit = 1
    upAxis = "Z"
)

def Scope "Hulls"
{
    def Xform "gripper_end"
    {
        def Mesh "gripper_end_col_0"
        {
            int[] faceVertexCounts = [
            3, 3, 3, 3, 3, 3, 3, 3, 3, 3, 3, 3, 3, 3, 3, 3, 3, 3, 3, 3, 3, 3, 3, 3,
            3, 3, 3, 3, 3, 3, 3, 3, 3, 3, 3, 3, 3, 3, 3, 3, 3, 3, 3, 3, 3, 3, 3, 3,
            3, 3, 3, 3, 3, 3, 3, 3, 3, 3, 3, 3, 3, 3, 3, 3, 3, 3, 3, 3, 3, 3, 3, 3,
            3, 3, 3, 3, 3, 3, 3, 3, 3, 3, 3, 3
        ]
            int[] faceVertexIndices = [
            0, 1, 2, 3, 0, 2, 4, 5, 6, 6, 5, 7, 8, 5, 4, 7, 5, 9, 0, 3, 10, 10, 9, 11,
            3, 9, 10, 4, 6, 12, 12, 8, 4, 13, 14, 11, 1, 0, 15, 11, 14, 16, 16, 10, 11, 17, 18, 19,
            19, 18, 7, 7, 18, 20, 20, 6, 7, 20, 21, 6, 22, 23, 24, 25, 22, 26, 23, 22, 25, 25, 20, 23,
            21, 20, 25, 26, 27, 25, 25, 27, 28, 28, 21, 25, 29, 12, 6, 6, 21, 29, 28, 12, 29, 29, 21, 28,
            30, 8, 31, 31, 13, 30, 30, 13, 8, 5, 8, 32, 8, 13, 32, 32, 13, 11, 11, 9, 32, 32, 9, 5,
            33, 13, 31, 34, 18, 17, 35, 15, 36, 36, 15, 0, 0, 10, 36, 10, 16, 36, 37, 35, 36, 36, 16, 37,
            38, 34, 39, 40, 34, 38, 24, 23, 41, 18, 34, 41, 23, 20, 41, 41, 20, 18, 2, 1, 42, 42, 17, 2,
            16, 43, 37, 14, 43, 16, 2, 17, 19, 19, 3, 2, 7, 9, 19, 19, 9, 3, 33, 43, 14, 14, 13, 33,
            17, 42, 39, 39, 34, 17, 40, 42, 1, 40, 35, 37, 40, 39, 42, 1, 15, 40, 37, 43, 40, 40, 22, 24,
            31, 8, 40, 28, 27, 40, 8, 12, 40, 43, 33, 40, 40, 15, 35, 26, 22, 40, 40, 12, 28, 40, 27, 26,
            40, 33, 31, 38, 39, 40, 34, 40, 41, 41, 40, 24
        ]
            point3f[] points = [
            (-0.07379368, -0.09270674, -0.01033407), (-0.07686151, -0.09369455, -0.007810265), (-0.07686151, -0.09287841, -0.01053352), (-0.07686151, -0.09050085, -0.01190098),
            (-0.07976001, -0.0819573, -0.007830543), (-0.07686151, -0.08469845, -0.0105985), (-0.09833629, -0.08469982, -0.0105985), (-0.09833629, -0.08743302, -0.01196596),
            (-0.07700828, -0.08201227, -0.007820577), (-0.07686151, -0.08743302, -0.01196596), (-0.07379368, -0.09050085, -0.01145893), (-0.07379368, -0.08743302, -0.01149142),
            (-0.09833629, -0.08208308, -0.007897409), (-0.07201386, -0.0854283, -0.009840536), (-0.07189089, -0.08743302, -0.01013462), (-0.07379368, -0.09335791, -0.007799487),
            (-0.07189089, -0.09050085, -0.01013462), (-0.1014041, -0.09287841, -0.01053352), (-0.1014041, -0.09050085, -0.01187279), (-0.09833629, -0.09050085, -0.01190098),
            (-0.1014041, -0.08743302, -0.01188567), (-0.1014041, -0.08477908, -0.0105464), (-0.1047253, -0.08743302, -0.007915962), (-0.1038577, -0.08743302, -0.01052888),
            (-0.1047772, -0.09050085, -0.007913579), (-0.1035114, -0.08520617, -0.01008033), (-0.1037689, -0.08434639, -0.007915098), (-0.1019929, -0.08258381, -0.007910171),
            (-0.1015077, -0.08231392, -0.007908649), (-0.09993489, -0.08212224, -0.007903139), (-0.07374556, -0.08363665, -0.007807454), (-0.07189558, -0.08520187, -0.007799474),
            (-0.07379368, -0.08494577, -0.01036656), (-0.07154008, -0.0873594, -0.007796386), (-0.103555, -0.09259719, -0.01010647), (-0.07189523, -0.09252919, -0.007793337),
            (-0.07201386, -0.0923683, -0.009840536), (-0.07153351, -0.09050085, -0.007793731), (-0.103839, -0.09285606, -0.007908225), (-0.1015671, -0.09363683, -0.00789938),
            (-0.1047378, -0.09067188, -0.007913294), (-0.1038904, -0.09050085, -0.01054848), (-0.1014041, -0.09366802, -0.007898767), (-0.0715339, -0.08743302, -0.007796301)
        ]
            uniform token subdivisionScheme = "none"
        }

        def Mesh "gripper_end_col_1"
        {
            int[] faceVertexCounts = [
            3, 3, 3, 3, 3, 3, 3, 3, 3, 3, 3, 3, 3, 3, 3, 3, 3, 3, 3, 3, 3, 3, 3, 3,
            3, 3, 3, 3, 3, 3, 3, 3, 3, 3, 3, 3, 3, 3, 3, 3, 3, 3, 3, 3, 3, 3, 3, 3,
            3, 3, 3, 3, 3, 3, 3, 3, 3, 3, 3, 3, 3, 3, 3, 3, 3, 3, 3, 3, 3, 3, 3, 3,
            3, 3, 3, 3, 3, 3, 3, 3, 3, 3, 3, 3, 3, 3, 3, 3, 3, 3
        ]
            int[] faceVertexIndices = [
            0, 1, 2, 3, 4, 5, 5, 4, 6, 7, 8, 9, 4, 8, 7, 10, 11, 12, 13, 14, 15, 16, 0, 17,
            18, 0, 16, 1, 0, 18, 2, 19, 20, 20, 0, 2, 20, 17, 0, 20, 19, 6, 21, 4, 3, 21, 8, 4,
            22, 5, 6, 9, 23, 24, 24, 7, 9, 25, 10, 12, 26, 10, 25, 27, 13, 28, 29, 30, 31, 29, 17, 32,
            17, 20, 32, 32, 20, 6, 6, 4, 32, 4, 7, 32, 32, 24, 29, 7, 24, 32, 11, 10, 33, 33, 34, 11,
            23, 30, 35, 35, 24, 23, 36, 10, 26, 36, 37, 10, 26, 25, 36, 3, 5, 38, 5, 37, 38, 39, 37, 5,
            10, 37, 39, 39, 33, 10, 5, 22, 39, 22, 33, 39, 40, 41, 42, 42, 41, 43, 44, 22, 14, 44, 33, 22,
            44, 13, 42, 14, 13, 44, 42, 34, 44, 34, 33, 44, 14, 19, 2, 14, 2, 15, 15, 2, 45, 2, 1, 45,
            13, 45, 28, 15, 45, 13, 19, 14, 22, 6, 19, 22, 12, 11, 46, 11, 34, 46, 16, 17, 31, 31, 17, 29,
            29, 24, 35, 35, 30, 29, 38, 36, 8, 37, 36, 38, 8, 21, 38, 38, 21, 3, 42, 13, 40, 13, 27, 40,
            28, 45, 43, 9, 8, 43, 12, 46, 43, 43, 18, 16, 43, 27, 28, 43, 23, 9, 43, 45, 1, 43, 25, 12,
            43, 30, 23, 1, 18, 43, 16, 31, 43, 8, 36, 43, 41, 40, 43, 43, 31, 30, 43, 36, 25, 43, 40, 27,
            43, 46, 34, 43, 34, 42
        ]
            point3f[] points = [
            (-0.103555, 0.09259719, -0.01010647), (-0.1014041, 0.09362102, -0.008055612), (-0.1014041, 0.09287841, -0.01053352), (-0.07978328, 0.08212328, -0.007968037),
            (-0.09833629, 0.08469982, -0.0105985), (-0.07686151, 0.08469845, -0.0105985), (-0.09833629, 0.08743302, -0.01196596), (-0.1014041, 0.08477908, -0.0105464),
            (-0.09833629, 0.08224277, -0.008035024), (-0.1014876, 0.08249468, -0.008046595), (-0.07201386, 0.0854283, -0.009840536), (-0.07189089, 0.08743302, -0.01013462),
            (-0.07155627, 0.08743302, -0.007942824), (-0.07379368, 0.09270674, -0.01033407), (-0.07686151, 0.09050085, -0.01190098), (-0.07686151, 0.09287841, -0.01053352),
            (-0.1047262, 0.09050085, -0.008064976), (-0.1038904, 0.09050085, -0.01054848), (-0.1038189, 0.09283776, -0.008063662), (-0.09833629, 0.09050085, -0.01190098),
            (-0.1014041, 0.09050085, -0.01187279), (-0.08135247, 0.08212972, -0.0079737), (-0.07686151, 0.08743302, -0.01196596), (-0.1037521, 0.08440249, -0.008056357),
            (-0.1035114, 0.08520617, -0.01008033), (-0.07190386, 0.08521771, -0.007942222), (-0.07375734, 0.08370448, -0.007947637), (-0.07379368, 0.09331775, -0.007955818),
            (-0.07657106, 0.09362593, -0.007966089), (-0.1038577, 0.08743302, -0.01052888), (-0.1046767, 0.08743302, -0.008062229), (-0.1047215, 0.09012295, -0.008064643),
            (-0.1014041, 0.08743302, -0.01188567), (-0.07379368, 0.08743302, -0.01149142), (-0.07189089, 0.09050085, -0.01013462), (-0.1046049, 0.0871094, -0.008061699),
            (-0.07598718, 0.08262024, -0.007954768), (-0.07698668, 0.08218191, -0.007958004), (-0.07859607, 0.0821396, -0.007963771), (-0.07379368, 0.08494577, -0.01036656),
            (-0.07359524, 0.09326607, -0.007955059), (-0.07190421, 0.092517, -0.007948336), (-0.07201385, 0.0923683, -0.009840536), (-0.07157467, 0.09070076, -0.007945627),
            (-0.07379368, 0.09050085, -0.01145893), (-0.07686151, 0.09364752, -0.007967155), (-0.07155667, 0.09050085, -0.007945395)
        ]
            uniform token subdivisionScheme = "none"
        }

        def Mesh "gripper_end_col_2"
        {
            int[] faceVertexCounts = [
            3, 3, 3, 3, 3, 3, 3, 3, 3, 3, 3, 3, 3, 3, 3, 3, 3, 3, 3, 3, 3, 3, 3, 3,
            3, 3, 3, 3, 3, 3, 3, 3, 3, 3, 3, 3, 3, 3, 3, 3, 3, 3, 3, 3, 3, 3, 3, 3,
            3, 3, 3, 3, 3, 3, 3, 3, 3, 3, 3, 3, 3, 3, 3, 3, 3, 3, 3, 3, 3, 3, 3, 3,
            3, 3, 3, 3, 3, 3, 3, 3, 3, 3, 3, 3, 3, 3, 3, 3
        ]
            int[] faceVertexIndices = [
            0, 1, 2, 3, 4, 5, 5, 4, 6, 6, 4, 7, 8, 3, 9, 4, 3, 8, 10, 11, 12, 13, 14, 15,
            16, 0, 17, 18, 0, 16, 1, 0, 18, 2, 19, 20, 20, 0, 2, 20, 17, 0, 20, 19, 7, 21, 6, 7,
            9, 22, 23, 23, 8, 9, 24, 10, 12, 25, 10, 24, 26, 13, 27, 28, 29, 30, 28, 17, 31, 17, 20, 31,
            31, 23, 28, 8, 23, 31, 31, 20, 7, 7, 4, 31, 4, 8, 31, 11, 10, 32, 32, 33, 11, 34, 23, 22,
            35, 10, 25, 5, 6, 36, 6, 37, 36, 38, 37, 6, 38, 32, 10, 38, 35, 37, 10, 35, 38, 6, 21, 38,
            21, 32, 38, 39, 40, 41, 41, 40, 42, 43, 21, 14, 43, 32, 21, 43, 13, 41, 14, 13, 43, 41, 33, 43,
            33, 32, 43, 14, 19, 2, 14, 2, 15, 15, 2, 44, 2, 1, 44, 15, 44, 13, 13, 44, 27, 19, 14, 21,
            7, 19, 21, 12, 11, 45, 11, 33, 45, 16, 17, 30, 30, 17, 28, 34, 29, 28, 28, 23, 34, 13, 26, 39,
            41, 13, 39, 42, 45, 33, 42, 33, 41, 9, 3, 42, 42, 3, 5, 42, 22, 9, 42, 36, 37, 42, 18, 16,
            5, 36, 42, 16, 30, 42, 29, 34, 42, 1, 18, 42, 42, 30, 29, 42, 34, 22, 40, 39, 42, 42, 44, 1,
            42, 39, 26, 42, 35, 25, 37, 35, 42, 42, 24, 12, 25, 24, 42, 12, 45, 42, 27, 44, 42, 42, 26, 27
        ]
            point3f[] points = [
            (-0.103555, -0.09259719, 0.01005213), (-0.1014041, -0.09363004, 0.00793482), (-0.1014041, -0.09287841, 0.0105009), (-0.09836176, -0.08215208, 0.007913925),
            (-0.09833629, -0.08469804, 0.01055093), (-0.07995542, -0.08203948, 0.007830677), (-0.07686151, -0.08469654, 0.01055093), (-0.09833629, -0.08743302, 0.01196729),
            (-0.1014041, -0.08477727, 0.0105105), (-0.1014041, -0.08242073, 0.007927841), (-0.07201385, -0.0854283, 0.009786127), (-0.07189089, -0.08743302, 0.0101019),
            (-0.07154809, -0.08743302, 0.007796041), (-0.07379368, -0.09270674, 0.0103014), (-0.07686151, -0.09050085, 0.01191726), (-0.07686151, -0.09287841, 0.0105009),
            (-0.104735, -0.09050085, 0.007947924), (-0.1038904, -0.09050085, 0.0105125), (-0.1038223, -0.09284087, 0.007945256), (-0.09833629, -0.09050085, 0.01191726),
            (-0.1014041, -0.09050085, 0.01189384), (-0.07686151, -0.08743302, 0.01196729), (-0.1037804, -0.08438312, 0.007939801), (-0.1035114, -0.08520505, 0.01003158),
            (-0.07190086, -0.08521198, 0.007796253), (-0.07375389, -0.08367706, 0.007803671), (-0.07379368, -0.0933313, 0.007809862), (-0.0766301, -0.09364548, 0.007822875),
            (-0.1038577, -0.08743302, 0.01049709), (-0.1046886, -0.08743302, 0.007945804), (-0.1047308, -0.09015207, 0.007947688), (-0.1014041, -0.08743302, 0.01190344),
            (-0.07379368, -0.08743302, 0.01150825), (-0.07189089, -0.09050085, 0.0101019), (-0.1046217, -0.08713301, 0.007945315), (-0.07604086, -0.08239904, 0.007813211),
            (-0.0781357, -0.08207227, 0.007822474), (-0.07686151, -0.08210312, 0.007816735), (-0.07379368, -0.08494482, 0.01032641), (-0.07363877, -0.09329078, 0.007809136),
            (-0.07190112, -0.0925212, 0.007800804), (-0.07201386, -0.0923683, 0.009786127), (-0.07156232, -0.09065387, 0.007798111), (-0.07379368, -0.09050085, 0.01148324),
            (-0.07686151, -0.09366252, 0.007823931), (-0.07154837, -0.09050085, 0.007797953)
        ]
            uniform token subdivisionScheme = "none"
        }

        def Mesh "gripper_end_col_3"
        {
            int[] faceVertexCounts = [
            3, 3, 3, 3, 3, 3, 3, 3, 3, 3, 3, 3, 3, 3, 3, 3, 3, 3, 3, 3, 3, 3, 3, 3,
            3, 3, 3, 3, 3, 3, 3, 3, 3, 3, 3, 3, 3, 3, 3, 3, 3, 3, 3, 3, 3, 3, 3, 3,
            3, 3, 3, 3, 3, 3, 3, 3, 3, 3, 3, 3, 3, 3, 3, 3, 3, 3, 3, 3, 3, 3, 3, 3,
            3, 3, 3, 3, 3, 3, 3, 3, 3, 3, 3, 3, 3, 3, 3, 3, 3, 3
        ]
            int[] faceVertexIndices = [
            0, 1, 2, 3, 0, 2, 4, 5, 6, 6, 5, 7, 8, 5, 4, 7, 5, 9, 0, 3, 10, 10, 9, 11,
            3, 9, 10, 4, 6, 12, 13, 6, 7, 7, 14, 13, 15, 16, 11, 17, 18, 19, 1, 0, 20, 21, 22, 23,
            0, 10, 23, 22, 20, 23, 23, 20, 0, 19, 14, 24, 24, 14, 7, 25, 26, 27, 6, 13, 28, 29, 30, 28,
            28, 30, 12, 28, 12, 6, 31, 15, 8, 5, 8, 32, 8, 15, 32, 32, 15, 11, 11, 9, 32, 32, 9, 5,
            33, 15, 34, 19, 18, 35, 36, 14, 19, 19, 35, 36, 36, 35, 37, 2, 1, 38, 21, 23, 39, 39, 23, 10,
            11, 16, 39, 39, 10, 11, 40, 41, 29, 29, 28, 40, 42, 41, 40, 40, 25, 42, 26, 25, 40, 40, 13, 26,
            40, 28, 13, 43, 31, 8, 34, 15, 43, 15, 31, 43, 27, 26, 44, 14, 36, 44, 26, 13, 44, 44, 13, 14,
            45, 36, 37, 21, 1, 20, 20, 22, 21, 24, 3, 2, 2, 19, 24, 7, 9, 24, 24, 9, 3, 16, 15, 33,
            33, 46, 16, 38, 19, 2, 38, 17, 19, 39, 46, 21, 16, 46, 39, 43, 38, 1, 4, 12, 43, 43, 1, 21,
            21, 46, 43, 46, 33, 43, 43, 8, 4, 27, 18, 43, 43, 25, 27, 43, 30, 29, 29, 41, 43, 18, 17, 43,
            42, 25, 43, 43, 41, 42, 12, 30, 43, 43, 33, 34, 17, 38, 43, 27, 44, 45, 45, 44, 36, 45, 18, 27,
            37, 35, 45, 45, 35, 18
        ]
            point3f[] points = [
            (-0.07379368, 0.09270674, 0.0103014), (-0.07686151, 0.09369669, 0.007707282), (-0.07686151, 0.09287841, 0.0105009), (-0.07686151, 0.09050085, 0.01191726),
            (-0.07995836, 0.08191305, 0.007728613), (-0.07686151, 0.08469654, 0.01055093), (-0.09833629, 0.08469804, 0.01055093), (-0.09833629, 0.08743302, 0.01196729),
            (-0.07686151, 0.08197539, 0.00771458), (-0.07686151, 0.08743302, 0.01196729), (-0.07379368, 0.09050085, 0.01148324), (-0.07379368, 0.08743302, 0.01150825),
            (-0.09836492, 0.08202641, 0.007811723), (-0.1014041, 0.08743302, 0.01190344), (-0.1014041, 0.09050085, 0.01189384), (-0.07201385, 0.0854283, 0.009786127),
            (-0.07189089, 0.08743302, 0.0101019), (-0.07992933, 0.09369263, 0.007721148), (-0.1014041, 0.0936642, 0.007818211), (-0.1014041, 0.09287841, 0.0105009),
            (-0.07379368, 0.09336044, 0.007693628), (-0.07153161, 0.09050085, 0.007685186), (-0.07189458, 0.09253007, 0.007685563), (-0.07201385, 0.0923683, 0.009786127),
            (-0.09833629, 0.09050085, 0.01191726), (-0.104724, 0.08743302, 0.007837093), (-0.1038577, 0.08743302, 0.01049709), (-0.1047721, 0.09050085, 0.0078354),
            (-0.1014041, 0.08477727, 0.0105105), (-0.1014041, 0.08228637, 0.007825295), (-0.1000259, 0.08213603, 0.00781916), (-0.07376759, 0.0836146, 0.007699578),
            (-0.07379368, 0.08494482, 0.01032641), (-0.07153712, 0.08737147, 0.007687159), (-0.07189484, 0.08520044, 0.007690128), (-0.1015796, 0.09363029, 0.007819025),
            (-0.103555, 0.09259719, 0.01005213), (-0.103837, 0.09285423, 0.00782971), (-0.07695421, 0.09369656, 0.007707702), (-0.07189089, 0.09050085, 0.0101019),
            (-0.1035114, 0.08520505, 0.01003158), (-0.1020421, 0.08255718, 0.007828009), (-0.1037939, 0.08434186, 0.007834814), (-0.07375134, 0.08362583, 0.007699497),
            (-0.1038904, 0.09050085, 0.0105125), (-0.1047293, 0.09068571, 0.007835092), (-0.07153189, 0.08743302, 0.007687097)
        ]
            uniform token subdivisionScheme = "none"
        }

        def Mesh "gripper_end_col_4"
        {
            int[] faceVertexCounts = [
            3, 3, 3, 3, 3, 3, 3, 3, 3, 3, 3, 3, 3, 3, 3, 3, 3, 3, 3, 3, 3, 3, 3, 3,
            3, 3, 3, 3, 3, 3, 3, 3, 3, 3, 3, 3, 3, 3, 3, 3, 3, 3, 3, 3, 3, 3, 3, 3,
            3, 3, 3, 3, 3, 3, 3, 3, 3, 3, 3, 3, 3, 3, 3, 3, 3, 3, 3, 3, 3, 3, 3, 3,
            3, 3, 3, 3, 3, 3, 3, 3, 3, 3, 3, 3, 3, 3, 3, 3, 3, 3, 3, 3, 3, 3, 3, 3,
            3, 3, 3, 3, 3, 3, 3, 3, 3, 3, 3, 3, 3, 3, 3, 3, 3, 3, 3, 3, 3, 3, 3, 3
        ]
            int[] faceVertexIndices = [
            0, 1, 2, 2, 1, 3, 4, 5, 6, 6, 5, 7, 8, 1, 9, 1, 0, 9, 10, 1, 8, 10, 11, 1,
            2, 3, 12, 13, 3, 14, 15, 16, 17, 17, 16, 18, 19, 18, 20, 20, 21, 19, 22, 21, 23, 19, 21, 22,
            22, 23, 6, 6, 7, 22, 24, 12, 3, 3, 25, 26, 26, 14, 3, 27, 28, 15, 15, 29, 27, 30, 3, 13,
            30, 24, 3, 31, 29, 15, 15, 32, 31, 15, 17, 33, 33, 32, 15, 34, 26, 35, 35, 26, 25, 36, 37, 38,
            39, 17, 18, 40, 41, 42, 43, 44, 45, 46, 44, 43, 43, 47, 46, 46, 47, 48, 49, 50, 51, 52, 53, 54,
            44, 55, 56, 56, 45, 44, 57, 31, 32, 25, 3, 1, 25, 1, 58, 8, 9, 30, 30, 0, 2, 18, 16, 30,
            2, 12, 30, 30, 28, 8, 30, 16, 15, 6, 23, 30, 13, 4, 30, 23, 21, 30, 30, 4, 6, 30, 9, 0,
            30, 20, 18, 15, 28, 30, 21, 20, 30, 12, 24, 30, 58, 1, 59, 1, 11, 59, 35, 25, 58, 58, 41, 35,
            50, 35, 51, 34, 35, 50, 60, 61, 37, 37, 36, 60, 39, 18, 19, 58, 59, 42, 42, 41, 58, 47, 35, 41,
            51, 35, 47, 47, 40, 48, 47, 41, 40, 47, 36, 51, 43, 36, 47, 45, 36, 43, 45, 60, 36, 51, 36, 49,
            49, 36, 38, 22, 54, 53, 19, 22, 53, 52, 4, 13, 13, 14, 52, 5, 4, 52, 52, 7, 5, 52, 22, 7,
            34, 50, 52, 52, 26, 34, 14, 26, 52, 38, 37, 52, 37, 61, 52, 52, 54, 22, 52, 49, 38, 50, 49, 52,
            61, 60, 52, 60, 53, 52, 60, 45, 56, 56, 53, 60, 19, 53, 56, 56, 39, 19, 56, 55, 17, 17, 39, 56,
            57, 59, 11, 11, 10, 57, 57, 42, 59, 57, 10, 8, 48, 40, 57, 57, 46, 48, 40, 42, 57, 44, 46, 57,
            17, 55, 57, 57, 55, 44, 57, 33, 17, 32, 33, 57, 8, 28, 57, 28, 27, 57, 29, 31, 57, 57, 27, 29
        ]
            point3f[] points = [
            (-0.1072991, 0.0299191, 0.004552845), (-0.1048428, 0.09050085, 0.00762067), (-0.1074765, 0.03041789, 0.001577165), (-0.1048428, 0.09050085, -0.007718456),
            (-0.09828717, 0.01638903, -0.007979696), (-0.09007729, 0.02271572, -0.007955397), (-0.07677872, -0.01819179, -0.006150367), (-0.07190386, 0.08521771, -0.007942222),
            (-0.1070424, 0.02926778, 0.007883783), (-0.1070771, 0.02934229, 0.00762067), (-0.1047721, 0.09050085, 0.007835401), (-0.1047293, 0.09068571, 0.007835092),
            (-0.1073563, 0.03044608, -0.00148353), (-0.1064194, 0.02941686, -0.008019926), (-0.1047262, 0.09050085, -0.008064976), (-0.07525658, -0.02151396, 0.0061102),
            (-0.0738299, -0.02368667, 0.004552845), (-0.07153189, 0.08743302, 0.007687097), (-0.07245992, -0.02565964, 0.00148502), (-0.07152202, 0.08743302, -0.007718456),
            (-0.07246121, -0.02562501, 0.001033518), (-0.0724703, -0.02542175, -0.001582805), (-0.07155627, 0.08743302, -0.007942824), (-0.07390256, -0.02290899, -0.004616454),
            (-0.1068087, 0.02986324, -0.005563726), (-0.1038635, 0.09287841, -0.007718455), (-0.1038189, 0.09283776, -0.008063662), (-0.09109197, 0.02155051, 0.007816509),
            (-0.09834401, 0.0153382, 0.007853148), (-0.0900204, 0.02280087, 0.007810887), (-0.1064946, 0.02951565, -0.007718455), (-0.09001692, 0.0228124, 0.007810864),
            (-0.07189484, 0.08520044, 0.007690128), (-0.07153712, 0.08737147, 0.007687159), (-0.1014041, 0.09362102, -0.008055612), (-0.1014041, 0.09372206, -0.007718456),
            (-0.07379368, 0.09337873, -0.007718455), (-0.07359524, 0.09326607, -0.00795506), (-0.07379368, 0.09331775, -0.007955818), (-0.07152202, 0.08743302, 0.00762067),
            (-0.1014041, 0.0936642, 0.007818211), (-0.1014041, 0.09372206, 0.00762067), (-0.1015796, 0.09363029, 0.007819025), (-0.07379368, 0.09337873, 0.00762067),
            (-0.07189458, 0.09253007, 0.007685563), (-0.07189089, 0.09253507, 0.00762067), (-0.07379368, 0.09336044, 0.007693628), (-0.07686151, 0.09372206, 0.00762067),
            (-0.07686151, 0.09369669, 0.007707282), (-0.07657106, 0.09362593, -0.007966089), (-0.07686151, 0.09364752, -0.007967154), (-0.07686151, 0.09372206, -0.007718456),
            (-0.07157467, 0.09070076, -0.007945627), (-0.07152202, 0.09050085, -0.007718456), (-0.07155666, 0.09050085, -0.007945395), (-0.07153161, 0.09050085, 0.007685187),
            (-0.07152202, 0.09050084, 0.00762067), (-0.073683, 0.08368438, 0.007699152), (-0.1038635, 0.09287841, 0.00762067), (-0.103837, 0.09285423, 0.00782971),
            (-0.07189089, 0.09253507, -0.007718456), (-0.07190421, 0.092517, -0.007948336)
        ]
            uniform token subdivisionScheme = "none"
        }

        def Mesh "gripper_end_col_5"
        {
            int[] faceVertexCounts = [
            3, 3, 3, 3, 3, 3, 3, 3, 3, 3, 3, 3, 3, 3, 3, 3, 3, 3, 3, 3, 3, 3, 3, 3,
            3, 3, 3, 3, 3, 3, 3, 3, 3, 3, 3, 3, 3, 3, 3, 3, 3, 3, 3, 3, 3, 3, 3, 3,
            3, 3, 3, 3, 3, 3, 3, 3, 3, 3, 3, 3, 3, 3, 3, 3, 3, 3, 3, 3, 3, 3, 3, 3,
            3, 3, 3, 3, 3, 3, 3, 3, 3, 3, 3, 3, 3, 3, 3, 3, 3, 3, 3, 3, 3, 3, 3, 3,
            3, 3, 3, 3, 3, 3, 3, 3, 3, 3, 3, 3, 3, 3, 3, 3, 3, 3, 3, 3, 3, 3, 3, 3,
            3, 3, 3, 3, 3, 3, 3, 3, 3, 3, 3, 3, 3, 3, 3, 3, 3, 3, 3, 3, 3, 3, 3, 3,
            3, 3, 3, 3, 3, 3, 3, 3, 3, 3, 3, 3, 3, 3, 3, 3, 3, 3, 3, 3, 3, 3, 3, 3,
            3, 3
        ]
            int[] faceVertexIndices = [
            0, 1, 2, 3, 0, 2, 4, 5, 6, 7, 0, 3, 8, 9, 6, 6, 5, 8, 10, 4, 11, 12, 13, 14,
            9, 15, 16, 17, 18, 19, 19, 20, 17, 21, 2, 1, 0, 7, 22, 23, 4, 6, 23, 24, 4, 4, 24, 25,
            26, 11, 25, 25, 11, 4, 27, 12, 14, 15, 12, 27, 28, 9, 29, 30, 15, 9, 30, 12, 15, 6, 9, 31,
            9, 16, 31, 32, 19, 18, 20, 19, 33, 34, 35, 36, 36, 32, 34, 34, 32, 18, 37, 38, 20, 20, 33, 37,
            37, 33, 38, 39, 21, 1, 40, 41, 42, 43, 44, 45, 36, 33, 46, 46, 33, 19, 35, 34, 47, 48, 49, 50,
            49, 43, 50, 50, 43, 45, 20, 38, 51, 0, 22, 52, 22, 53, 52, 54, 53, 22, 29, 9, 55, 9, 56, 55,
            55, 57, 58, 56, 57, 55, 45, 44, 59, 60, 47, 61, 35, 47, 60, 36, 35, 60, 62, 63, 61, 61, 47, 62,
            48, 50, 64, 38, 65, 66, 66, 51, 38, 67, 39, 1, 68, 65, 38, 69, 70, 65, 39, 70, 69, 53, 54, 71,
            61, 63, 71, 72, 73, 74, 75, 70, 39, 39, 67, 75, 61, 71, 76, 76, 71, 54, 77, 78, 79, 80, 81, 82,
            17, 41, 18, 18, 41, 48, 20, 41, 17, 42, 41, 20, 8, 4, 9, 5, 4, 8, 30, 28, 12, 9, 28, 30,
            31, 1, 0, 0, 26, 31, 31, 13, 1, 31, 27, 14, 14, 13, 31, 26, 25, 31, 31, 23, 6, 31, 16, 15,
            24, 23, 31, 31, 25, 24, 15, 27, 31, 48, 41, 49, 41, 83, 49, 40, 83, 41, 40, 84, 83, 19, 32, 46,
            46, 32, 36, 44, 74, 59, 74, 73, 59, 64, 18, 48, 64, 34, 18, 65, 68, 69, 36, 60, 69, 3, 2, 69,
            69, 7, 3, 61, 22, 69, 2, 21, 69, 69, 33, 36, 69, 22, 7, 38, 33, 69, 21, 39, 69, 69, 68, 38,
            69, 60, 61, 79, 57, 74, 79, 74, 44, 74, 57, 85, 85, 57, 56, 9, 4, 85, 85, 56, 9, 10, 86, 85,
            85, 4, 10, 72, 26, 0, 10, 11, 72, 72, 50, 45, 72, 11, 26, 45, 59, 72, 0, 52, 72, 34, 64, 72,
            72, 86, 10, 72, 47, 34, 63, 62, 72, 72, 52, 53, 72, 71, 63, 72, 59, 73, 72, 62, 47, 72, 64, 50,
            53, 71, 72, 74, 85, 72, 72, 85, 86, 76, 22, 61, 76, 54, 22, 82, 49, 83, 82, 43, 49, 82, 79, 44,
            44, 43, 82, 57, 79, 78, 58, 57, 78, 79, 82, 81, 81, 77, 79, 1, 13, 80, 80, 28, 29, 42, 20, 80,
            20, 51, 80, 13, 12, 80, 12, 28, 80, 80, 66, 65, 80, 40, 42, 70, 75, 80, 84, 40, 80, 29, 55, 80,
            65, 70, 80, 80, 55, 58, 51, 66, 80, 80, 67, 1, 80, 75, 67, 58, 78, 80, 78, 77, 80, 77, 81, 80,
            83, 84, 80, 80, 82, 83
        ]
            point3f[] points = [
            (-0.09603222, -0.0200805, -0.007941026), (-0.09340775, -0.02091659, 0.007853413), (-0.08229663, -0.009904723, 0.00148502), (-0.08229663, -0.009683466, -0.001582805),
            (-0.1048428, -0.09050085, -0.007718455), (-0.1048966, -0.08743302, -0.001582805), (-0.1052343, -0.03347314, -0.001618006), (-0.08187994, -0.01015113, -0.004352194),
            (-0.1048966, -0.08743302, 0.00148502), (-0.1048428, -0.09050085, 0.00762067), (-0.1047378, -0.09067188, -0.007913295), (-0.1047772, -0.09050085, -0.007913579),
            (-0.1046886, -0.08743302, 0.007945804), (-0.1026258, -0.03266978, 0.007902387), (-0.1036728, -0.03379058, 0.007098694), (-0.1046805, -0.03440047, 0.004552845),
            (-0.1050979, -0.03412908, 0.001517755), (-0.07152202, -0.08743302, 0.007620671), (-0.07152202, -0.08743302, -0.007718456), (-0.07244659, -0.02607651, 0.00148502),
            (-0.07154809, -0.08743302, 0.007796041), (-0.08187994, -0.01077999, 0.004367368), (-0.07995009, -0.01313144, -0.005886107), (-0.1051751, -0.03313005, -0.002630168),
            (-0.105007, -0.03238145, -0.00465063), (-0.1044815, -0.03090006, -0.007720096), (-0.1043879, -0.03071679, -0.007962242), (-0.1042864, -0.03417602, 0.005601843),
            (-0.1047308, -0.09015207, 0.007947688), (-0.104735, -0.09050085, 0.007947923), (-0.1047945, -0.08743302, 0.00762067), (-0.1051718, -0.03379181, -0.000112934),
            (-0.07244977, -0.02607651, -0.001582805), (-0.07245992, -0.02565963, 0.00148502), (-0.0715339, -0.08743302, -0.007796301), (-0.07390256, -0.02290899, -0.004616454),
            (-0.0724703, -0.02542176, -0.001582805), (-0.0738299, -0.02368667, 0.004552845), (-0.07525658, -0.02151395, 0.0061102), (-0.08064608, -0.01286682, 0.005901281),
            (-0.07156232, -0.09065387, 0.007798111), (-0.07152202, -0.09050085, 0.00762067), (-0.07154837, -0.09050085, 0.007797953), (-0.07379368, -0.09337873, -0.007718456),
            (-0.07686151, -0.09372206, -0.007718455), (-0.07379368, -0.09335791, -0.007799487), (-0.07246121, -0.02562501, 0.001033518), (-0.07154008, -0.0873594, -0.007796386),
            (-0.07152202, -0.09050085, -0.007718456), (-0.07189089, -0.09253507, -0.007718455), (-0.07189523, -0.09252918, -0.007793337), (-0.07190086, -0.08521198, 0.007796253),
            (-0.09234464, -0.02113384, -0.00792685), (-0.09104783, -0.02153989, -0.007921834), (-0.07841617, -0.0155666, -0.006185923), (-0.1038223, -0.09284087, 0.007945257),
            (-0.1038635, -0.09287841, 0.00762067), (-0.1014041, -0.09372206, 0.007620671), (-0.1014041, -0.09363004, 0.00793482), (-0.07686151, -0.09369455, -0.007810265),
            (-0.07571228, -0.01994086, -0.005581613), (-0.07677872, -0.01819179, -0.006150367), (-0.07189558, -0.08520187, -0.007799474), (-0.09004501, -0.02278961, -0.007917172),
            (-0.07153351, -0.09050085, -0.007793731), (-0.09003533, -0.02276731, 0.007839325), (-0.09002122, -0.0228142, 0.00783929), (-0.09241901, -0.02114135, 0.007849084),
            (-0.07686151, -0.01894706, 0.006160474), (-0.07911216, -0.01534061, 0.006137031), (-0.09230467, -0.02118074, 0.007848592), (-0.09005737, -0.02276393, -0.007917238),
            (-0.1015671, -0.09363683, -0.00789938), (-0.1014041, -0.09366802, -0.007898766), (-0.1014041, -0.09372206, -0.007718456), (-0.09237171, -0.02115543, 0.007848879),
            (-0.07831263, -0.01573244, -0.006185923), (-0.0766301, -0.09364548, 0.007822875), (-0.07686151, -0.09366252, 0.007823931), (-0.07686151, -0.09372206, 0.00762067),
            (-0.07363877, -0.09329079, 0.007809136), (-0.07379368, -0.0933313, 0.007809862), (-0.07379368, -0.09337873, 0.00762067), (-0.07189089, -0.09253507, 0.00762067),
            (-0.07190112, -0.0925212, 0.007800804), (-0.1038635, -0.09287841, -0.007718456), (-0.103839, -0.09285606, -0.007908225)
        ]
            uniform token subdivisionScheme = "none"
        }

        def Mesh "gripper_end_col_6"
        {
            int[] faceVertexCounts = [
            3, 3, 3, 3, 3, 3, 3, 3, 3, 3, 3, 3, 3, 3, 3, 3, 3, 3, 3, 3, 3, 3, 3, 3,
            3, 3, 3, 3, 3, 3, 3, 3, 3, 3, 3, 3, 3, 3, 3, 3, 3, 3, 3, 3, 3, 3, 3, 3,
            3, 3, 3, 3, 3, 3, 3, 3, 3, 3, 3, 3, 3, 3, 3, 3, 3, 3, 3, 3, 3, 3, 3, 3,
            3, 3, 3, 3, 3, 3, 3, 3, 3, 3, 3, 3, 3, 3, 3, 3, 3, 3, 3, 3, 3, 3, 3, 3,
            3, 3, 3, 3, 3, 3, 3, 3, 3, 3, 3, 3, 3, 3, 3, 3, 3, 3, 3, 3, 3, 3, 3, 3,
            3, 3, 3, 3, 3, 3, 3, 3, 3, 3, 3, 3, 3, 3, 3, 3, 3, 3, 3, 3, 3, 3, 3, 3,
            3, 3, 3, 3, 3, 3, 3, 3, 3, 3, 3, 3, 3, 3, 3, 3, 3, 3, 3, 3, 3, 3, 3, 3,
            3, 3, 3, 3, 3, 3, 3, 3, 3, 3, 3, 3, 3, 3, 3, 3, 3, 3, 3, 3, 3, 3, 3, 3,
            3, 3, 3, 3, 3, 3, 3, 3, 3, 3, 3, 3, 3, 3, 3, 3, 3, 3, 3, 3, 3, 3, 3, 3,
            3, 3, 3, 3, 3, 3, 3, 3, 3, 3, 3, 3, 3, 3, 3, 3, 3, 3, 3, 3, 3, 3
        ]
            int[] faceVertexIndices = [
            0, 1, 2, 2, 3, 0, 4, 5, 6, 7, 8, 9, 10, 11, 12, 11, 8, 12, 12, 8, 7, 13, 14, 15,
            16, 17, 18, 19, 20, 21, 22, 11, 10, 10, 6, 22, 22, 6, 5, 2, 1, 23, 24, 23, 25, 2, 23, 26,
            26, 23, 24, 26, 24, 27, 28, 9, 29, 29, 9, 8, 30, 31, 32, 14, 13, 33, 34, 35, 15, 36, 13, 15,
            15, 35, 36, 37, 35, 38, 39, 40, 41, 11, 22, 42, 43, 44, 45, 45, 44, 46, 18, 17, 47, 47, 44, 18,
            48, 49, 50, 51, 16, 18, 52, 53, 41, 41, 40, 52, 48, 21, 54, 55, 48, 54, 4, 6, 56, 56, 6, 10,
            27, 57, 58, 58, 26, 27, 59, 57, 27, 59, 60, 57, 61, 5, 4, 61, 25, 5, 61, 62, 25, 14, 33, 63,
            35, 34, 64, 38, 35, 64, 65, 66, 64, 64, 66, 38, 13, 36, 67, 67, 33, 13, 67, 68, 33, 69, 47, 30,
            46, 44, 69, 44, 47, 69, 70, 3, 2, 70, 71, 3, 72, 73, 3, 3, 71, 72, 1, 0, 74, 74, 42, 1,
            11, 42, 75, 42, 74, 75, 75, 8, 11, 75, 29, 8, 76, 22, 5, 76, 42, 22, 5, 25, 76, 76, 25, 23,
            76, 23, 1, 1, 42, 76, 43, 45, 77, 78, 45, 46, 79, 77, 78, 78, 77, 45, 80, 17, 40, 80, 47, 17,
            40, 39, 80, 80, 39, 31, 80, 31, 30, 30, 47, 80, 33, 68, 81, 82, 50, 49, 82, 48, 55, 82, 49, 48,
            55, 54, 82, 83, 51, 18, 83, 44, 43, 18, 44, 83, 84, 85, 16, 16, 51, 84, 16, 85, 86, 17, 16, 86,
            40, 17, 86, 86, 52, 40, 87, 21, 20, 20, 54, 87, 87, 54, 21, 4, 56, 88, 88, 61, 4, 62, 61, 88,
            89, 60, 90, 89, 91, 60, 57, 60, 92, 60, 91, 92, 93, 94, 27, 25, 62, 95, 96, 63, 33, 96, 81, 97,
            33, 81, 96, 98, 67, 36, 98, 36, 35, 35, 37, 98, 99, 39, 41, 53, 100, 99, 41, 53, 99, 101, 72, 71,
            73, 102, 103, 102, 74, 103, 103, 74, 0, 103, 0, 3, 3, 73, 103, 104, 74, 102, 104, 75, 74, 102, 105, 104,
            29, 75, 104, 97, 81, 106, 107, 82, 19, 50, 82, 107, 19, 82, 108, 108, 20, 19, 108, 54, 20, 108, 82, 54,
            109, 84, 51, 110, 95, 111, 25, 95, 110, 24, 25, 110, 27, 24, 110, 112, 32, 113, 113, 32, 31, 31, 114, 113,
            115, 114, 31, 116, 83, 43, 117, 113, 114, 39, 99, 118, 31, 39, 118, 118, 115, 31, 100, 115, 118, 118, 99, 100,
            119, 120, 112, 94, 60, 59, 27, 94, 59, 32, 68, 67, 30, 32, 67, 46, 37, 78, 78, 37, 38, 66, 79, 78,
            38, 66, 78, 81, 68, 32, 81, 32, 112, 85, 56, 86, 10, 12, 86, 7, 53, 86, 53, 52, 86, 86, 12, 7,
            86, 56, 10, 30, 67, 98, 98, 69, 30, 98, 37, 46, 46, 69, 98, 101, 21, 48, 2, 26, 101, 90, 21, 101,
            101, 58, 57, 101, 70, 2, 57, 92, 101, 26, 58, 101, 101, 89, 90, 71, 70, 101, 91, 89, 101, 101, 92, 91,
            104, 105, 28, 28, 29, 104, 65, 64, 107, 107, 19, 65, 107, 96, 97, 97, 50, 107, 15, 14, 107, 14, 63, 107,
            107, 34, 15, 107, 64, 34, 63, 96, 107, 111, 93, 110, 110, 93, 27, 120, 81, 112, 120, 106, 81, 62, 88, 116,
            65, 19, 116, 43, 77, 116, 116, 66, 65, 116, 21, 90, 116, 56, 85, 116, 79, 66, 90, 60, 116, 19, 21, 116,
            116, 60, 94, 116, 95, 62, 94, 93, 116, 116, 77, 79, 85, 84, 116, 116, 88, 56, 116, 93, 111, 111, 95, 116,
            84, 109, 116, 51, 83, 116, 116, 109, 51, 119, 53, 7, 7, 9, 119, 119, 101, 48, 119, 100, 53, 97, 106, 119,
            119, 115, 100, 119, 50, 97, 48, 50, 119, 119, 9, 28, 28, 105, 119, 119, 105, 102, 73, 72, 119, 119, 102, 73,
            72, 101, 119, 106, 120, 119, 114, 115, 119, 119, 117, 114, 112, 113, 119, 113, 117, 119
        ]
            point3f[] points = [
            (-0.1535571, -0.03277745, 0.004552845), (-0.1535571, -0.03305654, 0.00148502), (-0.1046805, -0.03440047, 0.004552845), (-0.1535571, -0.03217668, 0.00762067),
            (-0.1588074, -0.02914434, -0.007718455), (-0.1585241, -0.03125032, -0.00465063), (-0.158893, -0.02914434, -0.00465063), (-0.1588966, -0.02607651, 0.00815257),
            (-0.1588936, -0.02914434, 0.004552845), (-0.1588279, -0.02861117, 0.008153838), (-0.1588966, -0.02914434, -0.001582805), (-0.1585277, -0.0313319, 0.00148502),
            (-0.1588966, -0.02914434, 0.00148502), (-0.1443537, 0.03304921, 0.00148502), (-0.1074765, 0.03041788, 0.001577165), (-0.1073563, 0.03044608, -0.00148353),
            (-0.158893, 0.02914434, -0.00465063), (-0.1585277, 0.03132927, -0.001582805), (-0.1585241, 0.03125032, -0.00465063), (-0.09828716, 0.01638903, -0.007979696),
            (-0.09255745, 0.001533912, -0.004061756), (-0.09603222, -0.0200805, -0.007941027), (-0.1585277, -0.03132927, -0.001582805), (-0.1535571, -0.0330484, -0.001582805),
            (-0.1535571, -0.03276115, -0.004650631), (-0.156625, -0.03229177, -0.004650631), (-0.1050979, -0.03412908, 0.001517755), (-0.1535571, -0.03215176, -0.007718456),
            (-0.1587658, -0.02916416, 0.008153902), (-0.1588135, -0.02914434, 0.00762067), (-0.1535571, 0.03305654, 0.00148502), (-0.156625, 0.03230492, 0.004552845),
            (-0.1535571, 0.03277745, 0.004552846), (-0.1443537, 0.03277596, 0.004552845), (-0.1068087, 0.02986324, -0.005563726), (-0.1443537, 0.03276061, -0.00465063),
            (-0.1443537, 0.03304201, -0.001582805), (-0.1474215, 0.03276115, -0.004650631), (-0.1443537, 0.03215176, -0.007718456), (-0.1585247, 0.03125532, 0.004552845),
            (-0.1585277, 0.0313319, 0.00148502), (-0.1588936, 0.02914434, 0.004552845), (-0.156625, -0.03252104, 0.00148502), (-0.1584031, 0.03099247, -0.008208653),
            (-0.156625, 0.03229177, -0.00465063), (-0.156625, 0.03178027, -0.007718456), (-0.1535571, 0.03276115, -0.004650631), (-0.156625, 0.03251434, -0.001582805),
            (-0.09340775, -0.02091659, 0.007853413), (-0.09253769, 0.001533912, 0.004019217), (-0.09834401, 0.0153382, 0.007853147), (-0.1588074, 0.02914434, -0.007718455),
            (-0.1588966, 0.02914434, 0.00148502), (-0.1588966, 0.02607651, 0.008120101), (-0.09124501, -0.001533912, -0.001582805), (-0.09122636, -0.001533913, 0.00148502),
            (-0.1588966, -0.02607651, -0.00816264), (-0.1052343, -0.03347314, -0.001618006), (-0.1051718, -0.03379181, -0.000112934), (-0.1443537, -0.03215176, -0.007718455),
            (-0.1443537, -0.03204086, -0.008105215), (-0.1584385, -0.03104351, -0.007718455), (-0.1584068, -0.03099788, -0.008156753), (-0.1072991, 0.02991911, 0.004552845),
            (-0.1064946, 0.02951565, -0.007718455), (-0.1064194, 0.02941686, -0.008019925), (-0.1443537, 0.03202547, -0.008158868), (-0.1474215, 0.03305654, 0.00148502),
            (-0.1474215, 0.03277745, 0.004552845), (-0.1535571, 0.03304839, -0.001582805), (-0.1042864, -0.03417602, 0.005601842), (-0.1036728, -0.03379058, 0.007098695),
            (-0.1535571, -0.03203145, 0.00813215), (-0.1565959, -0.03167053, 0.008145656), (-0.156625, -0.03230492, 0.004552846), (-0.1585247, -0.03125532, 0.004552845),
            (-0.156625, -0.03251434, -0.001582805), (-0.1565911, 0.03165823, -0.008202679), (-0.1535571, 0.03215176, -0.007718456), (-0.1535571, 0.03201596, -0.00819204),
            (-0.156625, 0.03252104, 0.00148502), (-0.1443537, 0.03217668, 0.00762067), (-0.09124442, 0.001533912, 0.00148502), (-0.1584385, 0.03104351, -0.007718455),
            (-0.1588216, 0.02865459, -0.008208204), (-0.1588966, 0.02607651, -0.008206315), (-0.1588966, 0.02914434, -0.001582805), (-0.09255416, -0.001533913, -0.004066491),
            (-0.1587679, -0.02915946, -0.008159594), (-0.1044815, -0.03090006, -0.007720096), (-0.1043879, -0.03071679, -0.007962241), (-0.105007, -0.03238145, -0.004650631),
            (-0.1051751, -0.03313005, -0.002630168), (-0.1539491, -0.03199453, -0.008139848), (-0.1535571, -0.03203134, -0.008138403), (-0.1569774, -0.03157932, -0.008151113),
            (-0.1070771, 0.02934228, 0.007620671), (-0.1070424, 0.02926778, 0.007883783), (-0.1474215, 0.03304839, -0.001582805), (-0.1588135, 0.02914434, 0.007620671),
            (-0.158769, 0.02916281, 0.008117603), (-0.1026258, -0.03266978, 0.007902387), (-0.158407, -0.03099871, 0.008153422), (-0.156625, -0.03180247, 0.00762067),
            (-0.1584446, -0.03105326, 0.00762067), (-0.1584606, -0.03074363, 0.008153506), (-0.1443537, 0.03205459, 0.008050659), (-0.09823102, 0.01561651, 0.00148502),
            (-0.09126419, 0.001533913, -0.001582805), (-0.1587636, 0.02916113, -0.00820842), (-0.156625, -0.03178026, -0.007718456), (-0.1565948, -0.03167159, -0.008149657),
            (-0.1535571, 0.03217668, 0.00762067), (-0.156625, 0.03180247, 0.007620671), (-0.1570174, 0.03157679, 0.008108184), (-0.1584097, 0.03100266, 0.008114833),
            (-0.1584536, 0.03075682, -0.008208638), (-0.1565981, 0.03168044, 0.008106224), (-0.1584446, 0.03105326, 0.00762067), (-0.1540016, 0.03200025, 0.008094291),
            (-0.1535571, 0.03204278, 0.008092257)
        ]
            uniform token subdivisionScheme = "none"
        }

        def Mesh "gripper_end_col_7"
        {
            int[] faceVertexCounts = [
            3, 3, 3, 3, 3, 3, 3, 3, 3, 3, 3, 3, 3, 3, 3, 3, 3, 3, 3, 3, 3, 3, 3, 3,
            3, 3, 3, 3, 3, 3, 3, 3, 3, 3, 3, 3, 3, 3, 3, 3, 3, 3, 3, 3, 3, 3, 3, 3,
            3, 3, 3, 3, 3, 3, 3, 3, 3, 3, 3, 3, 3, 3, 3, 3, 3, 3, 3, 3, 3, 3, 3, 3,
            3, 3, 3, 3, 3, 3, 3, 3, 3, 3, 3, 3, 3, 3, 3, 3, 3, 3, 3, 3, 3, 3, 3, 3,
            3, 3, 3, 3, 3, 3, 3, 3, 3, 3, 3, 3, 3, 3, 3, 3, 3, 3, 3, 3, 3, 3, 3, 3,
            3, 3, 3, 3, 3, 3, 3, 3, 3, 3, 3, 3, 3, 3, 3, 3, 3, 3, 3, 3, 3, 3, 3, 3,
            3, 3, 3, 3, 3, 3, 3, 3, 3, 3, 3, 3, 3, 3, 3, 3, 3, 3, 3, 3, 3, 3, 3, 3,
            3, 3, 3, 3, 3, 3, 3, 3, 3, 3, 3, 3, 3, 3, 3, 3, 3, 3, 3, 3, 3, 3, 3, 3,
            3, 3, 3, 3, 3, 3, 3, 3, 3, 3, 3, 3, 3, 3, 3, 3, 3, 3, 3, 3, 3, 3, 3, 3,
            3, 3, 3, 3, 3, 3, 3, 3, 3, 3, 3, 3, 3, 3, 3, 3, 3, 3, 3, 3, 3, 3, 3, 3,
            3, 3, 3, 3, 3, 3, 3, 3, 3, 3, 3, 3, 3, 3, 3, 3, 3, 3
        ]
            int[] faceVertexIndices = [
            0, 1, 2, 3, 4, 5, 6, 7, 8, 6, 9, 7, 10, 7, 11, 11, 12, 10, 13, 7, 10, 14, 15, 16,
            17, 18, 19, 20, 21, 22, 23, 24, 25, 26, 27, 28, 28, 27, 29, 30, 24, 23, 30, 31, 24, 2, 32, 33,
            34, 35, 24, 24, 35, 36, 36, 35, 21, 21, 25, 36, 36, 25, 24, 8, 7, 37, 38, 39, 7, 7, 40, 38,
            7, 9, 41, 41, 40, 7, 42, 43, 10, 10, 44, 42, 45, 13, 10, 45, 46, 3, 45, 3, 5, 13, 45, 47,
            47, 45, 5, 18, 16, 48, 49, 50, 51, 7, 13, 49, 19, 50, 49, 13, 47, 49, 49, 17, 19, 49, 47, 17,
            2, 52, 53, 53, 54, 2, 55, 0, 2, 2, 54, 55, 56, 27, 26, 29, 27, 57, 57, 58, 29, 59, 60, 29,
            29, 58, 59, 61, 15, 14, 62, 32, 63, 64, 32, 2, 65, 32, 66, 32, 67, 66, 68, 32, 65, 68, 69, 32,
            35, 34, 70, 22, 21, 70, 21, 35, 70, 71, 34, 72, 72, 34, 73, 74, 34, 24, 73, 34, 74, 24, 75, 74,
            76, 73, 74, 74, 75, 76, 7, 77, 78, 78, 37, 7, 10, 12, 79, 79, 80, 10, 81, 44, 10, 10, 80, 81,
            7, 39, 82, 82, 83, 7, 84, 45, 10, 46, 45, 84, 85, 47, 5, 85, 86, 17, 17, 47, 85, 51, 50, 87,
            50, 48, 87, 18, 48, 88, 88, 48, 50, 19, 18, 88, 88, 50, 19, 89, 16, 15, 89, 48, 16, 90, 49, 51,
            77, 49, 90, 91, 77, 7, 7, 49, 91, 91, 49, 77, 92, 56, 26, 20, 56, 92, 93, 20, 22, 93, 56, 20,
            60, 59, 94, 95, 75, 24, 33, 75, 95, 2, 33, 95, 95, 96, 2, 31, 96, 95, 24, 31, 95, 97, 61, 14,
            97, 16, 76, 14, 16, 97, 15, 61, 98, 32, 99, 100, 100, 63, 32, 2, 1, 101, 101, 64, 2, 102, 32, 62,
            102, 103, 32, 104, 67, 32, 32, 103, 104, 105, 70, 34, 106, 70, 105, 105, 34, 71, 71, 106, 105, 107, 11, 7,
            7, 108, 107, 7, 83, 109, 109, 108, 7, 110, 93, 22, 4, 60, 111, 60, 94, 111, 5, 4, 111, 111, 94, 5,
            112, 85, 5, 5, 94, 112, 86, 85, 112, 112, 94, 59, 58, 57, 113, 114, 75, 33, 114, 33, 32, 76, 75, 114,
            114, 97, 76, 114, 98, 61, 61, 97, 114, 69, 98, 114, 115, 99, 32, 32, 116, 115, 32, 64, 117, 117, 116, 32,
            56, 93, 118, 118, 119, 56, 93, 119, 118, 86, 112, 120, 59, 121, 122, 122, 112, 59, 32, 69, 123, 123, 114, 32,
            69, 114, 123, 124, 119, 93, 93, 110, 124, 125, 113, 57, 57, 126, 125, 125, 126, 127, 128, 122, 121, 128, 120, 112,
            112, 122, 128, 27, 126, 129, 129, 57, 27, 129, 126, 57, 119, 124, 130, 17, 16, 18, 76, 16, 17, 76, 17, 86,
            86, 73, 76, 29, 60, 92, 10, 43, 92, 92, 52, 2, 43, 52, 92, 92, 30, 23, 23, 25, 92, 26, 28, 92,
            92, 84, 10, 4, 3, 92, 92, 60, 4, 2, 96, 92, 21, 20, 92, 92, 25, 21, 92, 28, 29, 3, 46, 92,
            92, 96, 31, 31, 30, 92, 46, 84, 92, 110, 70, 106, 22, 70, 110, 113, 121, 59, 113, 59, 58, 117, 52, 43,
            0, 55, 117, 117, 78, 77, 51, 87, 117, 117, 90, 51, 8, 37, 117, 117, 109, 83, 44, 81, 117, 117, 6, 8,
            117, 41, 9, 1, 0, 117, 117, 89, 15, 9, 6, 117, 39, 38, 117, 43, 42, 117, 12, 11, 117, 117, 53, 52,
            62, 63, 117, 117, 101, 1, 65, 66, 117, 117, 68, 65, 117, 38, 40, 40, 41, 117, 117, 42, 44, 117, 79, 12,
            117, 82, 39, 67, 104, 117, 54, 53, 117, 117, 55, 54, 15, 98, 117, 117, 100, 99, 117, 102, 62, 117, 66, 67,
            69, 68, 117, 37, 78, 117, 80, 79, 117, 117, 81, 80, 83, 82, 117, 11, 107, 117, 117, 87, 48, 48, 89, 117,
            77, 90, 117, 117, 98, 69, 63, 100, 117, 99, 115, 117, 64, 101, 117, 103, 102, 117, 117, 104, 103, 117, 107, 108,
            108, 109, 117, 117, 115, 116, 73, 86, 120, 120, 72, 73, 56, 119, 126, 27, 56, 126, 124, 110, 106, 124, 106, 71,
            121, 113, 128, 113, 125, 128, 72, 120, 128, 71, 72, 128, 130, 125, 127, 130, 128, 125, 71, 128, 130, 130, 124, 71,
            130, 126, 119, 127, 126, 130
        ]
            point3f[] points = [
            (-0.1221717, -0.02755283, -0.01218156), (-0.1223773, -0.02671464, -0.01385411), (-0.1014041, -0.03364915, -0.007949029), (-0.09526846, 0.03321992, -0.007982909),
            (-0.09233318, 0.03266581, -0.007971864), (-0.08397755, 0.01550263, -0.03399049), (-0.1254734, 0.01380521, -0.02676325), (-0.1032742, 0.01557385, -0.03407647),
            (-0.1254854, 0.01214931, -0.02761041), (-0.1254383, 0.01638847, -0.02527826), (-0.1014041, 0.03351786, -0.008005279), (-0.1250478, 0.02419078, -0.01796871),
            (-0.1249395, 0.02523408, -0.01643462), (-0.1014041, 0.01567872, -0.03420261), (-0.1014041, -0.007669563, -0.03581358), (-0.1251275, -0.001533913, -0.03007787),
            (-0.1014041, -0.004601738, -0.03587347), (-0.08606498, 0.01073739, -0.03572055), (-0.1014041, 0.004601738, -0.03587347), (-0.09833629, 0.01073739, -0.03578788),
            (-0.08946326, -0.02903085, -0.007909849), (-0.09035228, -0.03120187, -0.007911235), (-0.08152086, -0.01454014, -0.02612541), (-0.09232324, -0.03278246, -0.007917018),
            (-0.08397755, -0.01550263, -0.03399049), (-0.0918759, -0.0324974, -0.007915643), (-0.08918905, -0.02588348, -0.007911496), (-0.08171124, 0.001533913, -0.01967954),
            (-0.08921625, 0.02606936, -0.007955102), (-0.08949495, 0.02899982, -0.00795856), (-0.09439775, -0.03318902, -0.007924156), (-0.09526846, -0.03333803, -0.00792717),
            (-0.1032742, -0.01557385, -0.03407647), (-0.1014041, -0.01567871, -0.03420261), (-0.0814495, -0.01237237, -0.03382087), (-0.08184387, -0.01424848, -0.03226106),
            (-0.08337779, -0.0157488, -0.03226106), (-0.1254752, 0.01061538, -0.02818436), (-0.1253426, 0.01938329, -0.02301072), (-0.1253281, 0.01974097, -0.02270868),
            (-0.125402, 0.01792236, -0.02424261), (-0.1254084, 0.01765319, -0.0244244), (-0.1244857, 0.02814862, -0.01064726), (-0.1242647, 0.02898898, -0.008083901),
            (-0.1246139, 0.02755298, -0.01218175), (-0.08606498, 0.01558438, -0.03408824), (-0.09833629, 0.03339502, -0.007994115), (-0.08606498, 0.01380521, -0.03505103),
            (-0.1252611, 0.001533912, -0.03005439), (-0.1014041, 0.01380521, -0.03517421), (-0.1014041, 0.01073739, -0.03574593), (-0.1253625, 0.004601738, -0.0297118),
            (-0.1216887, -0.02900586, -0.008026047), (-0.1218812, -0.02845893, -0.009696304), (-0.1219908, -0.02814714, -0.01064716), (-0.1221274, -0.02769853, -0.01180567),
            (-0.08171124, -0.001533913, -0.01967954), (-0.0814495, 0.01276125, -0.024562), (-0.08152086, 0.01454014, -0.02612541), (-0.08152086, 0.01454014, -0.02919323),
            (-0.09163128, 0.03201501, -0.007968787), (-0.1014041, -0.01073739, -0.03574593), (-0.1239858, -0.0163885, -0.02527958), (-0.1238134, -0.01792235, -0.02424213),
            (-0.122903, -0.02418071, -0.0179581), (-0.1245345, -0.01062093, -0.02818934), (-0.1244741, -0.0113572, -0.02791277), (-0.1244085, -0.01215474, -0.027613),
            (-0.1246657, -0.008901369, -0.02873483), (-0.1247597, -0.007669563, -0.02912555), (-0.08152086, -0.01454014, -0.02919323), (-0.08142202, -0.01073739, -0.03226106),
            (-0.08144263, -0.01073739, -0.03383382), (-0.08299716, -0.01073739, -0.03479661), (-0.08297183, -0.01355907, -0.03431294), (-0.08606498, -0.01380521, -0.03505103),
            (-0.08606498, -0.01073739, -0.03572055), (-0.1254371, 0.007669563, -0.02910251), (-0.1254693, 0.01015753, -0.02832722), (-0.1248166, 0.02616828, -0.01480343),
            (-0.124745, 0.02671077, -0.01385411), (-0.1246689, 0.02720204, -0.01288181), (-0.1252725, 0.02093768, -0.0216301), (-0.1252567, 0.02127479, -0.02132556),
            (-0.09944, 0.03344579, -0.007998138), (-0.08297183, 0.01355907, -0.03431294), (-0.08299716, 0.01073739, -0.03479661), (-0.1253426, 0.003997605, -0.02977933),
            (-0.1014041, 0.007669563, -0.03581358), (-0.12523, 0.0008171527, -0.03006052), (-0.1254245, 0.00714733, -0.02920662), (-0.1036202, 0.01380521, -0.03446661),
            (-0.08919568, -0.02607068, -0.007911363), (-0.0814495, -0.01276125, -0.024562), (-0.08184388, 0.01424848, -0.03226106), (-0.08606498, -0.01558438, -0.03408824),
            (-0.09833629, -0.03352244, -0.007938075), (-0.09833629, -0.01073739, -0.03578788), (-0.1249589, -0.004601738, -0.02975346), (-0.1233709, -0.02127234, -0.02132313),
            (-0.1235783, -0.0197387, -0.02270816), (-0.1227016, -0.02523817, -0.01642392), (-0.1240902, -0.01536823, -0.02586717), (-0.1242502, -0.01380521, -0.02676712),
            (-0.1243248, -0.01302793, -0.02716578), (-0.08144263, -0.01271457, -0.03226106), (-0.08144263, -0.01300623, -0.02919323), (-0.1250805, 0.02375771, -0.01848365),
            (-0.1251635, 0.02265702, -0.01979152), (-0.1251866, 0.02231457, -0.02017163), (-0.08144263, -0.01300623, -0.02612541), (-0.08337779, 0.0157488, -0.03226106),
            (-0.0814495, 0.01237237, -0.03382087), (-0.08144263, 0.01300623, -0.02612541), (-0.1014041, -0.01380521, -0.03517421), (-0.1231763, -0.02251386, -0.01993766),
            (-0.1231554, -0.02264705, -0.01978893), (-0.1229052, -0.02416757, -0.01797378), (-0.0814495, -0.003143883, -0.02131686), (-0.08144263, -0.001533913, -0.02121345),
            (-0.08144263, 0.01073739, -0.03383382), (-0.08144263, 0.01300623, -0.02919323), (-0.08144263, 0.01271457, -0.03226106), (-0.1036202, -0.01380521, -0.03446661),
            (-0.08142202, -0.01073739, -0.02612541), (-0.08142202, 0.01073739, -0.02612541), (-0.08144263, 0.001533913, -0.02121345), (-0.08142202, 0.001533913, -0.02305758),
            (-0.08142202, 0.01073739, -0.03226106), (-0.0814495, 0.003156069, -0.02131686), (-0.08142202, -0.001533913, -0.02305758)
        ]
            uniform token subdivisionScheme = "none"
        }

        def Mesh "gripper_end_col_8"
        {
            int[] faceVertexCounts = [
            3, 3, 3, 3, 3, 3, 3, 3, 3, 3, 3, 3, 3, 3, 3, 3, 3, 3, 3, 3, 3, 3, 3, 3,
            3, 3, 3, 3, 3, 3, 3, 3, 3, 3, 3, 3, 3, 3, 3, 3, 3, 3, 3, 3, 3, 3, 3, 3,
            3, 3, 3, 3, 3, 3, 3, 3, 3, 3, 3, 3, 3, 3, 3, 3, 3, 3, 3, 3, 3, 3, 3, 3,
            3, 3, 3, 3, 3, 3, 3, 3, 3, 3, 3, 3, 3, 3, 3, 3, 3, 3, 3, 3, 3, 3, 3, 3,
            3, 3, 3, 3, 3, 3, 3, 3, 3, 3, 3, 3, 3, 3, 3, 3, 3, 3, 3, 3, 3, 3, 3, 3,
            3, 3, 3, 3, 3, 3, 3, 3, 3, 3, 3, 3, 3, 3, 3, 3, 3, 3, 3, 3, 3, 3, 3, 3,
            3, 3, 3, 3, 3, 3, 3, 3, 3, 3, 3, 3, 3, 3, 3, 3, 3, 3, 3, 3, 3, 3, 3, 3,
            3, 3, 3, 3, 3, 3, 3, 3, 3, 3, 3, 3, 3, 3, 3, 3, 3, 3, 3, 3, 3, 3, 3, 3,
            3, 3, 3, 3, 3, 3, 3, 3, 3, 3, 3, 3, 3, 3, 3, 3, 3, 3, 3, 3, 3, 3, 3, 3,
            3, 3, 3, 3, 3, 3, 3, 3, 3, 3, 3, 3, 3, 3, 3, 3, 3, 3, 3, 3, 3, 3, 3, 3,
            3, 3, 3, 3, 3, 3, 3, 3, 3, 3, 3, 3, 3, 3, 3, 3, 3, 3
        ]
            int[] faceVertexIndices = [
            0, 1, 2, 3, 4, 5, 6, 7, 8, 9, 10, 0, 0, 2, 9, 0, 10, 11, 11, 12, 0, 13, 4, 3,
            13, 14, 4, 15, 16, 17, 0, 18, 19, 20, 7, 6, 21, 8, 22, 21, 4, 6, 6, 8, 21, 21, 5, 4,
            23, 24, 22, 22, 25, 26, 0, 12, 27, 27, 18, 0, 6, 4, 28, 28, 20, 6, 29, 20, 28, 30, 31, 32,
            33, 14, 34, 34, 13, 3, 14, 13, 34, 35, 17, 16, 16, 36, 35, 33, 34, 35, 37, 8, 7, 37, 25, 22,
            22, 8, 37, 38, 39, 40, 41, 19, 42, 43, 19, 44, 44, 19, 18, 45, 21, 22, 46, 21, 45, 5, 21, 47,
            47, 21, 46, 22, 48, 49, 49, 23, 22, 22, 26, 50, 4, 14, 51, 51, 28, 4, 29, 28, 51, 51, 14, 33,
            52, 30, 32, 36, 53, 54, 33, 35, 55, 55, 35, 36, 36, 54, 55, 56, 57, 58, 58, 59, 56, 15, 59, 58,
            58, 16, 15, 60, 56, 32, 60, 57, 56, 61, 62, 7, 7, 63, 61, 64, 63, 7, 65, 37, 66, 7, 62, 67,
            67, 37, 7, 62, 37, 67, 68, 37, 69, 70, 48, 22, 22, 50, 70, 29, 51, 71, 71, 51, 72, 73, 74, 72,
            72, 51, 73, 33, 74, 73, 73, 51, 33, 57, 75, 76, 77, 75, 57, 57, 60, 77, 78, 79, 80, 32, 31, 81,
            81, 60, 32, 81, 79, 78, 82, 64, 83, 63, 64, 82, 84, 39, 83, 83, 64, 84, 85, 37, 62, 85, 66, 37,
            86, 37, 65, 86, 69, 37, 87, 37, 68, 87, 88, 37, 89, 37, 90, 37, 88, 90, 25, 37, 91, 37, 92, 91,
            93, 37, 89, 93, 92, 37, 94, 95, 19, 96, 95, 38, 38, 40, 96, 40, 97, 96, 98, 19, 41, 98, 99, 19,
            100, 101, 19, 19, 99, 100, 102, 103, 0, 104, 103, 102, 105, 19, 43, 105, 106, 19, 107, 42, 19, 19, 106, 107,
            108, 58, 57, 57, 76, 108, 108, 76, 58, 109, 53, 110, 110, 53, 36, 111, 76, 75, 112, 40, 39, 39, 84, 112,
            112, 97, 40, 113, 84, 64, 7, 20, 113, 113, 64, 7, 114, 96, 115, 115, 96, 97, 19, 101, 116, 116, 94, 19,
            19, 95, 117, 117, 96, 19, 95, 96, 117, 118, 96, 114, 114, 102, 118, 19, 96, 118, 118, 102, 0, 0, 19, 118,
            31, 30, 119, 119, 102, 114, 119, 52, 120, 30, 52, 119, 120, 121, 119, 119, 121, 104, 104, 102, 119, 16, 110, 122,
            122, 36, 16, 122, 110, 36, 123, 84, 124, 84, 113, 124, 20, 123, 124, 124, 113, 20, 125, 119, 114, 125, 115, 126,
            114, 115, 125, 112, 127, 128, 97, 112, 128, 128, 127, 115, 128, 115, 97, 129, 126, 130, 129, 125, 126, 31, 119, 129,
            119, 125, 129, 129, 81, 31, 79, 81, 129, 130, 80, 129, 129, 80, 79, 52, 1, 0, 22, 24, 52, 52, 59, 15,
            52, 24, 1, 52, 121, 120, 15, 17, 52, 17, 35, 52, 3, 5, 52, 0, 103, 52, 5, 47, 52, 52, 45, 22,
            52, 103, 104, 104, 121, 52, 32, 56, 52, 52, 34, 3, 52, 35, 34, 56, 59, 52, 46, 45, 52, 52, 47, 46,
            72, 74, 54, 54, 53, 72, 55, 54, 74, 55, 74, 33, 130, 71, 80, 80, 71, 72, 80, 77, 78, 75, 77, 80,
            78, 77, 81, 81, 77, 60, 29, 71, 126, 126, 71, 130, 58, 76, 110, 16, 58, 110, 72, 53, 111, 111, 53, 109,
            111, 80, 72, 75, 80, 111, 111, 110, 76, 109, 110, 111, 29, 126, 115, 115, 20, 29, 1, 24, 116, 10, 9, 116,
            116, 39, 38, 41, 42, 116, 116, 2, 1, 116, 82, 83, 68, 69, 116, 116, 44, 18, 116, 11, 10, 101, 100, 116,
            24, 23, 116, 116, 9, 2, 116, 26, 25, 12, 11, 116, 89, 90, 116, 116, 27, 12, 62, 61, 116, 116, 86, 65,
            43, 44, 116, 116, 49, 48, 18, 27, 116, 48, 70, 116, 83, 39, 116, 38, 95, 116, 42, 107, 116, 23, 49, 116,
            116, 50, 26, 116, 61, 63, 65, 66, 116, 116, 85, 62, 116, 87, 68, 25, 91, 116, 116, 93, 89, 116, 98, 41,
            116, 105, 43, 116, 70, 50, 63, 82, 116, 66, 85, 116, 69, 86, 116, 88, 87, 116, 116, 90, 88, 116, 91, 92,
            92, 93, 116, 95, 94, 116, 99, 98, 116, 116, 100, 99, 106, 105, 116, 116, 107, 106, 127, 112, 84, 127, 84, 123,
            20, 115, 127, 127, 123, 20
        ]
            point3f[] points = [
            (-0.1014041, 0.03382882, 0.007855464), (-0.1230551, 0.0290252, 0.007956296), (-0.1231674, 0.02816242, 0.01060208), (-0.09222391, -0.03287477, 0.007855508),
            (-0.08391276, -0.01552511, 0.03392474), (-0.09526846, -0.03344085, 0.007869619), (-0.08606498, -0.01380521, 0.03505019), (-0.1014041, -0.01380521, 0.03517078),
            (-0.1014041, -0.01571054, 0.03415347), (-0.1231735, 0.02810636, 0.01074943), (-0.1232317, 0.02757508, 0.01213629), (-0.1232981, 0.02675262, 0.01375632),
            (-0.1234035, 0.02525394, 0.01636358), (-0.08332919, -0.01576566, 0.03216327), (-0.08179528, -0.0142567, 0.03216327), (-0.08913172, 0.02589224, 0.007804947),
            (-0.08179945, -0.001533913, 0.0196395), (-0.0891533, -0.02607097, 0.007837396), (-0.1234642, 0.02421542, 0.01789769), (-0.1033021, 0.01559529, 0.03401152),
            (-0.08606498, -0.01073739, 0.03572055), (-0.08606498, -0.0156181, 0.03403851), (-0.1014041, -0.03374112, 0.007897533), (-0.1227185, -0.02816207, 0.01065277),
            (-0.1225918, -0.02901547, 0.007990338), (-0.1230768, -0.02421782, 0.01790861), (-0.1229993, -0.02526757, 0.0163746), (-0.1234141, 0.02507381, 0.0166312),
            (-0.08293296, -0.01356565, 0.03425478), (-0.08299716, -0.01073739, 0.03474984), (-0.08332919, 0.01576566, 0.03216327), (-0.08179528, 0.0142567, 0.03216327),
            (-0.0901802, 0.0312636, 0.00780634), (-0.08152086, -0.01454014, 0.02909545), (-0.09137597, -0.03205005, 0.007851163), (-0.08942463, -0.02903995, 0.00784047),
            (-0.0814495, -0.01276125, 0.02446584), (-0.1033021, -0.01559529, 0.03401152), (-0.1238397, 0.004601738, 0.02972785), (-0.1238297, 0.001533913, 0.03005171),
            (-0.1014041, 0.01073739, 0.03573791), (-0.1237323, 0.01645886, 0.02523113), (-0.1236979, 0.01799276, 0.02419504), (-0.1235952, 0.02136329, 0.02131453),
            (-0.1235367, 0.02268169, 0.01978061), (-0.09964271, -0.03367786, 0.007889533), (-0.09833629, -0.03361595, 0.007883592), (-0.09645179, -0.03351065, 0.00787501),
            (-0.1227921, -0.02759622, 0.0121867), (-0.1227223, -0.02813333, 0.01073108), (-0.1228692, -0.02678728, 0.01375632), (-0.0814495, -0.01238333, 0.0337245),
            (-0.09171605, 0.03263737, 0.007812425), (-0.08142202, -0.01073739, 0.02602762), (-0.08144263, -0.01300623, 0.02602762), (-0.08152086, -0.01454014, 0.02602762),
            (-0.08939641, 0.02907858, 0.007804158), (-0.0814495, 0.01276125, 0.02446584), (-0.08179945, 0.001533913, 0.0196395), (-0.08913749, 0.0260718, 0.007804861),
            (-0.08152086, 0.01454014, 0.02602762), (-0.1237506, -0.005473432, 0.02954004), (-0.1237134, -0.007669563, 0.02910483), (-0.1237653, -0.004601738, 0.02971191),
            (-0.1014041, -0.01073739, 0.03573791), (-0.1236071, -0.01227256, 0.02756215), (-0.1236397, -0.01096122, 0.02805433), (-0.1036412, -0.01380521, 0.03441338),
            (-0.1234685, -0.01645812, 0.02522965), (-0.1235661, -0.01357538, 0.0268838), (-0.1227942, -0.0275739, 0.01223004), (-0.08144263, -0.01073739, 0.03373815),
            (-0.08142202, -0.01073739, 0.03216327), (-0.08144263, -0.01272279, 0.03216327), (-0.08144263, -0.01300623, 0.02909545), (-0.08142202, 0.01073739, 0.02602762),
            (-0.08144263, 0.001533913, 0.02117341), (-0.08144263, 0.01300623, 0.02602762), (-0.08144263, 0.01300623, 0.02909545), (-0.08144263, 0.01272279, 0.03216327),
            (-0.08142202, 0.01073739, 0.03216327), (-0.08152086, 0.01454014, 0.02909545), (-0.1237933, -0.002448317, 0.02995048), (-0.1238052, -0.001533913, 0.03005167),
            (-0.1014041, -0.001533913, 0.03580274), (-0.1236953, -0.008485966, 0.02884788), (-0.1236009, -0.01246841, 0.02746023), (-0.1234574, -0.01674738, 0.02503437),
            (-0.1234096, -0.01799201, 0.02419372), (-0.123253, -0.02136279, 0.02131458), (-0.1233258, -0.01982888, 0.02265978), (-0.1231644, -0.02282674, 0.01960678),
            (-0.1231733, -0.02268401, 0.01978066), (-0.1232435, -0.02152013, 0.02113227), (-0.1238176, 0.01073739, 0.02814455), (-0.1238371, 0.007669563, 0.02912416),
            (-0.1014041, 0.01380521, 0.03517078), (-0.09833629, 0.01073739, 0.03578887), (-0.1237458, 0.01571126, 0.02566457), (-0.1237801, 0.01381238, 0.02676504),
            (-0.1237871, 0.01335825, 0.02700211), (-0.1238038, 0.01227848, 0.027565), (-0.08606498, 0.0156181, 0.03403851), (-0.09833629, 0.03370605, 0.007841677),
            (-0.09526846, 0.03353017, 0.007827924), (-0.1236067, 0.02099939, 0.02163409), (-0.1236435, 0.01982937, 0.02266111), (-0.1236573, 0.01936349, 0.02305034),
            (-0.0814495, 0.00315546, 0.02125757), (-0.08142202, -0.001533913, 0.0229598), (-0.08144263, -0.001533913, 0.02117341), (-0.08142202, 0.001533913, 0.0229598),
            (-0.1014041, 0.001533913, 0.03580274), (-0.09833629, -0.01073739, 0.03578887), (-0.08606498, 0.01380521, 0.03505019), (-0.08606498, 0.01073739, 0.03572055),
            (-0.123808, 0.01181128, 0.02774086), (-0.1036412, 0.01380521, 0.03441337), (-0.1014041, 0.01571054, 0.03415347), (-0.08391276, 0.01552511, 0.03392474),
            (-0.09221403, 0.03296375, 0.007814473), (-0.09424721, 0.03336771, 0.007823409), (-0.0814495, -0.003143546, 0.02125757), (-0.09833629, -0.001533913, 0.03579823),
            (-0.09833629, -0.007669563, 0.03579495), (-0.08293296, 0.01356565, 0.03425478), (-0.08299716, 0.01073739, 0.03474984), (-0.09833629, 0.001533913, 0.03579823),
            (-0.09833629, 0.007669563, 0.03579495), (-0.0814495, 0.01238333, 0.0337245), (-0.08144263, 0.01073739, 0.03373815)
        ]
            uniform token subdivisionScheme = "none"
        }

        def Mesh "gripper_end_col_9"
        {
            int[] faceVertexCounts = [
            3, 3, 3, 3, 3, 3, 3, 3, 3, 3, 3, 3, 3, 3, 3, 3, 3, 3, 3, 3, 3, 3, 3, 3,
            3, 3, 3, 3, 3, 3, 3, 3, 3, 3, 3, 3, 3, 3, 3, 3, 3, 3, 3, 3, 3, 3, 3, 3,
            3, 3, 3, 3, 3, 3, 3, 3, 3, 3, 3, 3, 3, 3, 3, 3, 3, 3, 3, 3, 3, 3, 3, 3,
            3, 3, 3, 3, 3, 3, 3, 3, 3, 3, 3, 3, 3, 3, 3, 3, 3, 3, 3, 3, 3, 3, 3, 3,
            3, 3, 3, 3, 3, 3, 3, 3, 3, 3, 3, 3, 3, 3, 3, 3, 3, 3, 3, 3, 3, 3, 3, 3,
            3, 3, 3, 3, 3, 3, 3, 3, 3, 3, 3, 3, 3, 3, 3, 3, 3, 3, 3, 3, 3, 3, 3, 3,
            3, 3, 3, 3, 3, 3, 3, 3, 3, 3, 3, 3, 3, 3, 3, 3, 3, 3, 3, 3, 3, 3, 3, 3,
            3, 3, 3, 3, 3, 3, 3, 3, 3, 3, 3, 3, 3, 3, 3, 3, 3, 3, 3, 3, 3, 3, 3, 3,
            3, 3, 3, 3, 3, 3, 3, 3, 3, 3, 3, 3, 3, 3, 3, 3, 3, 3, 3, 3, 3, 3, 3, 3,
            3, 3, 3, 3, 3, 3, 3, 3, 3, 3, 3, 3, 3, 3, 3, 3, 3, 3, 3, 3, 3, 3, 3, 3,
            3, 3, 3, 3, 3, 3, 3, 3, 3, 3, 3, 3, 3, 3, 3, 3, 3, 3, 3, 3, 3, 3, 3, 3,
            3, 3, 3, 3, 3, 3, 3, 3, 3, 3, 3, 3, 3, 3, 3, 3, 3, 3, 3, 3, 3, 3, 3, 3,
            3, 3, 3, 3, 3, 3, 3, 3, 3, 3, 3, 3, 3, 3, 3, 3, 3, 3, 3, 3, 3, 3, 3, 3,
            3, 3, 3, 3, 3, 3, 3, 3, 3, 3, 3, 3, 3, 3, 3, 3, 3, 3, 3, 3, 3, 3, 3, 3,
            3, 3, 3, 3, 3, 3, 3, 3, 3, 3, 3, 3, 3, 3, 3, 3, 3, 3, 3, 3, 3, 3, 3, 3,
            3, 3, 3, 3, 3, 3, 3, 3, 3, 3
        ]
            int[] faceVertexIndices = [
            0, 1, 2, 3, 4, 5, 6, 0, 7, 8, 9, 10, 11, 5, 4, 12, 13, 14, 15, 16, 17, 18, 19, 20,
            21, 22, 23, 24, 25, 26, 26, 22, 24, 26, 23, 22, 24, 22, 27, 28, 29, 30, 30, 31, 32, 33, 29, 28,
            10, 34, 35, 35, 8, 10, 5, 36, 35, 37, 6, 38, 39, 28, 38, 40, 41, 42, 43, 44, 45, 46, 47, 45,
            45, 48, 42, 42, 46, 45, 45, 44, 49, 49, 50, 45, 45, 50, 51, 51, 48, 45, 52, 46, 53, 53, 46, 54,
            10, 54, 55, 54, 46, 55, 4, 56, 57, 57, 11, 4, 58, 5, 59, 4, 12, 60, 61, 12, 4, 62, 36, 5,
            63, 64, 65, 5, 35, 65, 65, 35, 34, 66, 34, 67, 68, 69, 70, 69, 71, 70, 17, 16, 70, 70, 72, 17,
            73, 74, 3, 73, 64, 63, 3, 5, 73, 5, 65, 73, 73, 65, 64, 17, 72, 75, 76, 75, 74, 76, 15, 17,
            17, 75, 76, 77, 20, 78, 69, 77, 78, 78, 71, 69, 32, 23, 79, 23, 26, 79, 80, 0, 2, 29, 31, 81,
            81, 30, 29, 31, 30, 81, 82, 46, 42, 82, 55, 46, 83, 35, 84, 84, 35, 85, 85, 35, 36, 6, 37, 86,
            38, 48, 87, 87, 37, 38, 48, 37, 87, 0, 6, 88, 6, 89, 88, 42, 48, 90, 90, 40, 42, 90, 48, 38,
            38, 40, 90, 28, 91, 92, 10, 9, 93, 93, 94, 10, 95, 46, 52, 43, 45, 96, 13, 12, 97, 72, 70, 98,
            98, 70, 71, 19, 99, 100, 100, 99, 101, 5, 11, 102, 102, 59, 5, 103, 12, 14, 104, 56, 4, 4, 60, 104,
            105, 5, 58, 105, 62, 5, 68, 106, 107, 108, 109, 107, 110, 30, 32, 32, 91, 110, 28, 30, 110, 110, 91, 28,
            63, 65, 111, 111, 66, 63, 111, 65, 34, 34, 66, 111, 112, 70, 16, 113, 76, 74, 113, 73, 63, 74, 73, 113,
            15, 76, 113, 63, 66, 113, 113, 66, 15, 114, 91, 32, 32, 79, 114, 115, 26, 25, 115, 79, 26, 115, 114, 79,
            18, 116, 117, 117, 19, 18, 118, 31, 29, 0, 80, 119, 7, 0, 119, 120, 121, 29, 8, 35, 122, 35, 83, 122,
            123, 86, 37, 123, 48, 51, 123, 37, 48, 124, 89, 6, 38, 6, 125, 1, 0, 126, 127, 91, 108, 127, 92, 91,
            127, 128, 92, 129, 40, 38, 92, 128, 129, 38, 28, 129, 28, 92, 129, 130, 54, 10, 10, 131, 130, 10, 94, 132,
            132, 131, 10, 46, 95, 133, 134, 135, 136, 137, 138, 134, 139, 140, 141, 141, 138, 101, 141, 99, 139, 101, 99, 141,
            72, 98, 142, 142, 98, 74, 142, 75, 72, 74, 75, 142, 143, 98, 71, 101, 98, 143, 143, 100, 101, 71, 78, 144,
            144, 143, 71, 100, 143, 144, 19, 100, 144, 144, 20, 19, 144, 78, 20, 145, 60, 12, 12, 103, 145, 12, 61, 146,
            146, 97, 12, 147, 148, 108, 108, 107, 147, 147, 107, 106, 106, 149, 147, 108, 148, 150, 150, 127, 108, 128, 127, 150,
            151, 152, 41, 153, 154, 109, 25, 154, 153, 153, 115, 25, 155, 99, 19, 19, 117, 155, 156, 118, 157, 29, 121, 157,
            157, 118, 29, 31, 118, 158, 32, 31, 158, 158, 23, 32, 21, 23, 158, 159, 120, 29, 29, 33, 159, 6, 86, 160,
            160, 124, 6, 161, 6, 7, 161, 125, 6, 0, 88, 162, 162, 126, 0, 163, 47, 46, 46, 133, 163, 164, 45, 47,
            164, 165, 45, 166, 96, 45, 45, 165, 166, 167, 141, 140, 167, 140, 135, 167, 135, 134, 134, 138, 167, 138, 141, 167,
            168, 4, 3, 3, 169, 168, 74, 98, 170, 134, 171, 170, 3, 74, 170, 170, 169, 3, 172, 171, 134, 134, 136, 172,
            148, 147, 173, 173, 147, 149, 40, 129, 174, 174, 129, 128, 128, 150, 174, 175, 151, 41, 148, 173, 175, 41, 40, 175,
            40, 174, 175, 175, 150, 148, 175, 174, 150, 149, 151, 175, 175, 173, 149, 67, 152, 176, 152, 151, 176, 176, 151, 149,
            177, 112, 149, 177, 149, 106, 70, 112, 177, 177, 106, 68, 68, 70, 177, 178, 109, 108, 178, 153, 109, 115, 153, 178,
            108, 91, 178, 114, 115, 178, 91, 114, 178, 139, 99, 179, 99, 155, 179, 21, 158, 180, 181, 33, 28, 28, 39, 181,
            182, 98, 101, 182, 170, 98, 183, 66, 67, 67, 176, 183, 15, 66, 183, 16, 15, 183, 183, 112, 16, 149, 112, 183,
            183, 176, 149, 184, 170, 171, 169, 170, 184, 185, 61, 4, 4, 168, 185, 186, 182, 101, 101, 138, 186, 138, 137, 186,
            170, 182, 186, 186, 137, 134, 134, 170, 186, 41, 152, 82, 42, 41, 82, 67, 34, 82, 82, 152, 67, 82, 34, 10,
            10, 55, 82, 107, 109, 69, 107, 69, 68, 154, 77, 69, 69, 109, 154, 154, 25, 24, 154, 116, 18, 18, 20, 154,
            154, 20, 77, 24, 27, 154, 27, 116, 154, 2, 121, 120, 120, 80, 2, 125, 39, 38, 136, 135, 13, 13, 97, 136,
            80, 120, 159, 159, 119, 80, 159, 33, 7, 7, 119, 159, 14, 1, 166, 166, 44, 43, 58, 59, 166, 89, 124, 166,
            166, 102, 11, 51, 50, 166, 166, 57, 56, 9, 8, 166, 8, 122, 166, 166, 95, 52, 56, 104, 166, 52, 53, 166,
            166, 83, 84, 84, 85, 166, 166, 50, 49, 49, 44, 166, 166, 93, 9, 1, 126, 166, 166, 53, 54, 11, 57, 166,
            43, 96, 166, 166, 103, 14, 36, 62, 166, 166, 105, 58, 166, 85, 36, 166, 123, 51, 166, 88, 89, 94, 93, 166,
            54, 130, 166, 166, 132, 94, 166, 162, 88, 59, 102, 166, 47, 163, 166, 166, 104, 60, 62, 105, 166, 166, 122, 83,
            86, 123, 166, 60, 145, 166, 166, 160, 86, 166, 130, 131, 131, 132, 166, 166, 133, 95, 166, 164, 47, 166, 145, 103,
            124, 160, 166, 126, 162, 166, 166, 163, 133, 165, 164, 166, 61, 171, 172, 172, 146, 61, 172, 136, 97, 97, 146, 172,
            180, 1, 14, 139, 179, 180, 2, 1, 180, 14, 13, 180, 180, 121, 2, 180, 22, 21, 180, 27, 22, 180, 116, 27,
            13, 135, 180, 180, 140, 139, 180, 157, 121, 135, 140, 180, 180, 117, 116, 180, 155, 117, 156, 157, 180, 180, 179, 155,
            180, 118, 156, 180, 158, 118, 7, 33, 181, 181, 161, 7, 39, 125, 181, 125, 161, 181, 185, 171, 61, 185, 184, 171,
            185, 168, 169, 169, 184, 185
        ]
            point3f[] points = [
            (-0.1427548, 0.03071203, 0.01229931), (-0.1230551, 0.0290252, 0.007956297), (-0.1443537, 0.03205459, 0.008050658), (-0.1474215, -0.0134384, 0.03802175),
            (-0.1428101, -0.02761582, 0.01836566), (-0.1334025, -0.009281418, 0.04002233), (-0.1428101, 0.02761582, 0.01836566), (-0.1443537, 0.03000831, 0.01387168),
            (-0.1236071, -0.01227256, 0.02756215), (-0.1236397, -0.01096122, 0.02805433), (-0.1321748, -0.004601738, 0.04118665), (-0.1230768, -0.02421782, 0.01790861),
            (-0.1427548, -0.03071203, 0.01229931), (-0.1443537, -0.03204326, 0.008090566), (-0.1225918, -0.02901547, 0.007990338), (-0.1507767, -0.007959518, 0.04112617),
            (-0.1525352, -0.007130213, 0.04055725), (-0.1519909, -0.00917543, 0.03980479), (-0.1588966, -0.02607652, 0.0106885), (-0.1588738, -0.02607651, 0.01375632),
            (-0.1588966, -0.02300869, 0.01682415), (-0.1584097, 0.03100265, 0.008114834), (-0.158769, 0.02916281, 0.008117601), (-0.158505, 0.02837072, 0.01375632),
            (-0.1588966, 0.02607651, 0.0106885), (-0.1588966, 0.02300869, 0.01682415), (-0.1588738, 0.02607651, 0.01375632), (-0.1588966, 0.02607651, 0.008120101),
            (-0.1551255, 0.02761582, 0.01836566), (-0.155318, 0.03071203, 0.01229932), (-0.1563389, 0.02814595, 0.01689214), (-0.1573632, 0.03035821, 0.01174396),
            (-0.1583744, 0.02792159, 0.01591487), (-0.1535571, 0.03000831, 0.01387168), (-0.1351502, -0.004601738, 0.04254046), (-0.1327352, -0.007669563, 0.04065186),
            (-0.1234096, -0.017992, 0.02419372), (-0.1426981, 0.01540895, 0.0337746), (-0.1474215, 0.01298548, 0.03781823), (-0.1535571, 0.02761853, 0.01836946),
            (-0.1474215, 0.007447014, 0.04115918), (-0.1474215, 0.004601738, 0.04251299), (-0.1351502, 0.004601738, 0.04251299), (-0.1236979, 0.01799276, 0.02419504),
            (-0.1236573, 0.01936349, 0.02305034), (-0.1326654, 0.006902869, 0.04071707), (-0.1321823, 0.004601738, 0.04117291), (-0.1238038, 0.01227848, 0.027565),
            (-0.1351502, 0.007286478, 0.04115918), (-0.1236435, 0.01982937, 0.02266111), (-0.1236067, 0.02099939, 0.02163409), (-0.1235952, 0.02136328, 0.02131453),
            (-0.1238397, 0.004601738, 0.02972785), (-0.1238297, 0.001533913, 0.03005171), (-0.1238052, -0.001533913, 0.03005167), (-0.1321748, 0.001533913, 0.04118665),
            (-0.1228692, -0.02678728, 0.01375632), (-0.1229993, -0.02526757, 0.0163746), (-0.1232435, -0.02152013, 0.02113227), (-0.1231733, -0.02268401, 0.01978066),
            (-0.1227921, -0.02759622, 0.0121867), (-0.1443537, -0.03000831, 0.01387168), (-0.1233258, -0.01982888, 0.02265978), (-0.1474215, -0.01026988, 0.04063373),
            (-0.1443537, -0.01003088, 0.04056174), (-0.1351502, -0.007669563, 0.0414709), (-0.1474215, -0.007669563, 0.04198754), (-0.1474215, -0.004601738, 0.04254046),
            (-0.1583314, -0.01073739, 0.0338812), (-0.1587003, -0.01073739, 0.03216327), (-0.1582739, -0.01282062, 0.03381986), (-0.1584233, -0.01382803, 0.03212648),
            (-0.1575523, -0.01486584, 0.03312455), (-0.1474215, -0.01180379, 0.03955567), (-0.1504893, -0.01327095, 0.03788179), (-0.1524733, -0.01283671, 0.03742484),
            (-0.1507767, -0.01085445, 0.0394823), (-0.1588966, -0.01073739, 0.02909545), (-0.1587577, -0.01380521, 0.02909545), (-0.1585833, 0.02616721, 0.01689214),
            (-0.1443537, 0.03130559, 0.0106885), (-0.1564543, 0.02979138, 0.01349568), (-0.1351502, 0.001533913, 0.04254046), (-0.1235661, -0.01357538, 0.0268838),
            (-0.1234685, -0.01645812, 0.02522965), (-0.1234574, -0.01674738, 0.02503437), (-0.1234642, 0.02421542, 0.01789769), (-0.1450095, 0.01274742, 0.03746715),
            (-0.1232317, 0.02757508, 0.01213629), (-0.1232981, 0.02675262, 0.01375632), (-0.1443537, 0.007443888, 0.04115918), (-0.1581598, 0.02454369, 0.02142715),
            (-0.155506, 0.01540874, 0.03376912), (-0.1236953, -0.008485966, 0.02884788), (-0.1237134, -0.007669563, 0.02910483), (-0.1238371, 0.007669563, 0.02912416),
            (-0.1237323, 0.01645886, 0.02523113), (-0.1443537, -0.03130559, 0.0106885), (-0.1581598, -0.02454369, 0.02142715), (-0.158505, -0.02837072, 0.01375632),
            (-0.1585833, -0.02616721, 0.01689214), (-0.1583744, -0.02792159, 0.01591487), (-0.1231644, -0.02282674, 0.01960678), (-0.1227185, -0.02816207, 0.01065277),
            (-0.1227942, -0.0275739, 0.01223004), (-0.123253, -0.02136279, 0.02131458), (-0.1551507, -0.001533913, 0.03998719), (-0.1583314, 0.01073739, 0.0338812),
            (-0.1582739, 0.01282016, 0.03381986), (-0.1587003, 0.01073739, 0.03216327), (-0.1571708, 0.02725028, 0.01796008), (-0.1443537, -0.007669563, 0.04191555),
            (-0.1535575, -0.004346651, 0.04085071), (-0.1499457, -0.009909876, 0.04036143), (-0.158344, 0.02504027, 0.01989197), (-0.1587128, 0.02300869, 0.01989197),
            (-0.1588966, -0.02607651, 0.008152571), (-0.1588279, -0.02861117, 0.008153838), (-0.1564543, 0.03102652, 0.01070821), (-0.1443537, 0.03072892, 0.01233777),
            (-0.1535571, 0.03130559, 0.0106885), (-0.1535571, 0.03204278, 0.008092257), (-0.1236009, -0.01246841, 0.02746023), (-0.1235367, 0.02268169, 0.01978061),
            (-0.1234035, 0.02525394, 0.01636358), (-0.1443537, 0.02761853, 0.01836946), (-0.1231674, 0.02816242, 0.01060208), (-0.1575512, 0.01486538, 0.03312409),
            (-0.1523335, 0.01256814, 0.03723986), (-0.1504893, 0.01285102, 0.03764775), (-0.1237933, -0.002448317, 0.02995049), (-0.1237653, -0.004601738, 0.02971191),
            (-0.1237506, -0.005473433, 0.02954004), (-0.1238176, 0.01073739, 0.02814455), (-0.155318, -0.03071203, 0.01229931), (-0.1535571, -0.03203145, 0.00813215),
            (-0.1535571, -0.03130559, 0.0106885), (-0.1564543, -0.02979138, 0.01349568), (-0.1573632, -0.03035821, 0.01174396), (-0.158407, -0.0309987, 0.008153423),
            (-0.1565959, -0.03167053, 0.008145656), (-0.1582979, -0.03084047, 0.009698746), (-0.1555071, -0.01540892, 0.03376929), (-0.158344, -0.02504027, 0.01989197),
            (-0.1587128, -0.02300869, 0.01989197), (-0.1227223, -0.02813333, 0.01073109), (-0.1443537, -0.03072892, 0.01233777), (-0.1551308, 0.0006716145, 0.03993573),
            (-0.153088, 0.004601738, 0.04100999), (-0.1535571, -0.001533913, 0.0412909), (-0.1524519, 0.0068168, 0.04054136), (-0.1504893, 0.001533913, 0.04248427),
            (-0.1474215, 0.001533913, 0.04254046), (-0.1587577, 0.01380521, 0.02909545), (-0.1588966, 0.01073739, 0.02909545), (-0.1587658, -0.02916416, 0.008153901),
            (-0.1565981, 0.03168044, 0.008106225), (-0.1540016, 0.03200025, 0.008094291), (-0.1582979, 0.03084047, 0.009698746), (-0.1535571, 0.03072892, 0.01233777),
            (-0.1234141, 0.02507381, 0.0166312), (-0.1443537, 0.0284825, 0.01682415), (-0.1231735, 0.02810636, 0.01074943), (-0.123808, 0.01181128, 0.02774086),
            (-0.1237871, 0.01335825, 0.02700212), (-0.1237801, 0.01381238, 0.02676504), (-0.1237458, 0.01571126, 0.02566457), (-0.1564543, -0.03102652, 0.01070821),
            (-0.1443537, -0.02761853, 0.01836946), (-0.1535571, -0.02761853, 0.01836946), (-0.1551255, -0.02761582, 0.01836566), (-0.1535571, -0.03000831, 0.01387168),
            (-0.1535571, -0.03072892, 0.01233777), (-0.153845, 0.001630099, 0.04093267), (-0.1504893, 0.007225296, 0.0410274), (-0.1504893, 0.004601738, 0.04235008),
            (-0.1504893, -0.001533913, 0.04249035), (-0.1551308, -0.003153985, 0.03993575), (-0.1584233, 0.01382775, 0.0321262), (-0.1584606, -0.03074363, 0.008153507),
            (-0.1570174, 0.03157679, 0.008108184), (-0.1535571, 0.0284825, 0.01682415), (-0.1571708, -0.02725028, 0.01796008), (-0.1504893, -0.004601738, 0.04238181),
            (-0.1535571, -0.0284825, 0.01682415), (-0.1443537, -0.0284825, 0.01682415), (-0.1563389, -0.02814595, 0.01689214)
        ]
            uniform token subdivisionScheme = "none"
        }

        def Mesh "gripper_end_col_10"
        {
            int[] faceVertexCounts = [
            3, 3, 3, 3, 3, 3, 3, 3, 3, 3, 3, 3, 3, 3, 3, 3, 3, 3, 3, 3, 3, 3, 3, 3,
            3, 3, 3, 3, 3, 3, 3, 3, 3, 3, 3, 3, 3, 3, 3, 3, 3, 3, 3, 3, 3, 3, 3, 3,
            3, 3, 3, 3, 3, 3, 3, 3, 3, 3, 3, 3, 3, 3, 3, 3, 3, 3, 3, 3, 3, 3, 3, 3,
            3, 3, 3, 3, 3, 3, 3, 3, 3, 3, 3, 3, 3, 3, 3, 3, 3, 3, 3, 3, 3, 3, 3, 3,
            3, 3, 3, 3, 3, 3, 3, 3, 3, 3, 3, 3, 3, 3, 3, 3, 3, 3, 3, 3, 3, 3, 3, 3,
            3, 3, 3, 3, 3, 3, 3, 3, 3, 3, 3, 3, 3, 3, 3, 3, 3, 3, 3, 3, 3, 3, 3, 3,
            3, 3, 3, 3, 3, 3, 3, 3, 3, 3, 3, 3, 3, 3, 3, 3, 3, 3, 3, 3, 3, 3, 3, 3,
            3, 3, 3, 3, 3, 3, 3, 3, 3, 3, 3, 3, 3, 3, 3, 3, 3, 3, 3, 3, 3, 3, 3, 3,
            3, 3, 3, 3, 3, 3, 3, 3, 3, 3, 3, 3, 3, 3, 3, 3, 3, 3, 3, 3, 3, 3, 3, 3,
            3, 3, 3, 3, 3, 3, 3, 3, 3, 3, 3, 3, 3, 3, 3, 3, 3, 3, 3, 3, 3, 3, 3, 3,
            3, 3, 3, 3, 3, 3, 3, 3, 3, 3, 3, 3, 3, 3, 3, 3, 3, 3, 3, 3, 3, 3, 3, 3,
            3, 3, 3, 3, 3, 3, 3, 3, 3, 3, 3, 3, 3, 3, 3, 3, 3, 3, 3, 3, 3, 3, 3, 3,
            3, 3, 3, 3, 3, 3, 3, 3, 3, 3, 3, 3, 3, 3, 3, 3, 3, 3, 3, 3, 3, 3, 3, 3,
            3, 3, 3, 3, 3, 3, 3, 3, 3, 3, 3, 3, 3, 3, 3, 3, 3, 3, 3, 3, 3, 3, 3, 3,
            3, 3, 3, 3, 3, 3, 3, 3, 3, 3, 3, 3, 3, 3, 3, 3, 3, 3
        ]
            int[] faceVertexIndices = [
            0, 1, 2, 3, 4, 5, 4, 3, 6, 4, 7, 8, 8, 7, 9, 10, 11, 12, 10, 13, 14, 15, 16, 17,
            18, 16, 15, 19, 16, 20, 17, 16, 21, 1, 0, 22, 23, 24, 25, 9, 26, 27, 27, 28, 9, 29, 30, 9,
            9, 28, 29, 9, 30, 31, 31, 8, 9, 30, 8, 31, 1, 32, 33, 34, 35, 36, 36, 37, 34, 34, 37, 38,
            39, 40, 41, 42, 43, 44, 44, 40, 38, 44, 37, 42, 38, 37, 44, 36, 45, 46, 46, 37, 36, 47, 38, 48,
            16, 19, 49, 49, 21, 16, 50, 16, 18, 50, 51, 16, 20, 16, 52, 53, 54, 55, 56, 54, 53, 1, 22, 57,
            58, 3, 5, 58, 59, 3, 60, 61, 62, 59, 61, 60, 3, 59, 60, 32, 63, 64, 65, 32, 1, 65, 63, 32,
            66, 3, 23, 66, 6, 3, 5, 4, 67, 4, 8, 67, 68, 69, 70, 68, 70, 71, 71, 72, 68, 68, 72, 13,
            73, 74, 75, 76, 72, 71, 71, 70, 76, 77, 78, 79, 36, 35, 79, 79, 78, 36, 36, 78, 80, 80, 81, 45,
            80, 45, 36, 82, 38, 47, 82, 34, 38, 38, 40, 83, 40, 39, 83, 83, 39, 41, 41, 84, 83, 83, 84, 85,
            86, 44, 43, 86, 43, 87, 86, 87, 41, 41, 40, 86, 40, 44, 86, 42, 37, 88, 37, 46, 88, 20, 52, 89,
            41, 87, 90, 90, 91, 41, 41, 91, 92, 92, 84, 41, 16, 51, 93, 93, 52, 16, 94, 95, 96, 96, 55, 54,
            96, 95, 97, 97, 98, 96, 96, 98, 26, 96, 26, 9, 23, 3, 99, 3, 60, 99, 100, 60, 63, 63, 60, 101,
            101, 64, 63, 1, 57, 102, 102, 65, 1, 63, 65, 103, 6, 66, 104, 105, 8, 30, 105, 106, 8, 107, 108, 8,
            8, 106, 107, 8, 108, 109, 109, 67, 8, 2, 1, 110, 1, 111, 110, 1, 33, 112, 112, 111, 1, 69, 113, 114,
            12, 113, 115, 115, 10, 12, 13, 10, 115, 115, 68, 13, 115, 113, 69, 69, 68, 115, 73, 75, 116, 75, 117, 118,
            119, 82, 47, 120, 48, 38, 38, 83, 120, 120, 83, 85, 121, 89, 122, 122, 89, 52, 20, 89, 123, 124, 96, 54,
            125, 89, 121, 126, 89, 125, 127, 99, 60, 60, 100, 127, 128, 60, 62, 128, 101, 60, 129, 116, 75, 130, 104, 66,
            131, 132, 133, 133, 75, 74, 133, 132, 75, 14, 13, 134, 13, 72, 134, 72, 76, 135, 135, 118, 72, 135, 76, 136,
            137, 118, 135, 126, 138, 139, 139, 140, 53, 141, 142, 139, 53, 143, 139, 139, 143, 141, 141, 143, 144, 144, 142, 141,
            54, 56, 145, 145, 124, 54, 146, 56, 53, 53, 140, 146, 147, 127, 100, 148, 129, 75, 148, 118, 137, 75, 118, 148,
            14, 134, 149, 150, 134, 72, 72, 118, 150, 150, 118, 117, 150, 117, 75, 132, 134, 150, 75, 132, 150, 151, 152, 137,
            137, 135, 151, 151, 135, 136, 48, 120, 153, 85, 154, 153, 7, 136, 153, 153, 120, 85, 155, 154, 156, 157, 139, 142,
            157, 158, 126, 126, 139, 157, 155, 142, 159, 142, 144, 159, 94, 96, 160, 96, 161, 160, 96, 124, 162, 163, 138, 126,
            126, 164, 163, 126, 125, 165, 165, 164, 126, 166, 167, 168, 168, 151, 136, 168, 169, 166, 154, 170, 171, 171, 156, 154,
            172, 154, 85, 172, 170, 154, 173, 139, 138, 173, 174, 139, 140, 139, 175, 139, 174, 175, 176, 161, 96, 96, 162, 176,
            158, 177, 178, 178, 89, 126, 126, 158, 178, 0, 74, 22, 22, 74, 73, 90, 87, 17, 17, 21, 90, 21, 49, 90,
            49, 91, 90, 92, 91, 49, 92, 49, 19, 92, 19, 20, 20, 84, 92, 7, 55, 96, 9, 7, 96, 114, 113, 12,
            81, 80, 114, 11, 81, 114, 114, 78, 77, 12, 11, 114, 114, 80, 78, 70, 69, 114, 114, 76, 70, 136, 76, 114,
            116, 22, 73, 116, 57, 22, 169, 24, 23, 23, 99, 169, 34, 82, 119, 35, 34, 119, 123, 84, 20, 85, 84, 123,
            166, 169, 127, 127, 167, 166, 127, 169, 99, 57, 116, 129, 129, 102, 57, 130, 66, 23, 23, 25, 130, 130, 25, 6,
            6, 104, 130, 167, 127, 147, 147, 152, 167, 147, 103, 137, 137, 152, 147, 147, 100, 63, 63, 103, 147, 137, 103, 148,
            148, 103, 65, 65, 102, 148, 102, 129, 148, 2, 18, 149, 17, 87, 149, 149, 10, 14, 149, 0, 2, 149, 43, 42,
            149, 15, 17, 45, 81, 149, 149, 81, 11, 149, 133, 74, 87, 43, 149, 11, 10, 149, 18, 15, 149, 149, 74, 0,
            149, 46, 45, 42, 88, 149, 149, 88, 46, 131, 133, 149, 149, 132, 131, 149, 134, 132, 53, 55, 153, 153, 143, 53,
            153, 55, 7, 153, 154, 155, 155, 143, 153, 153, 114, 77, 77, 79, 153, 136, 114, 153, 35, 119, 153, 153, 79, 35,
            153, 119, 47, 47, 48, 153, 157, 142, 155, 155, 156, 157, 159, 143, 155, 159, 144, 143, 152, 151, 168, 167, 152, 168,
            4, 6, 168, 168, 7, 4, 168, 136, 7, 6, 25, 168, 168, 25, 24, 24, 169, 168, 158, 157, 171, 171, 157, 156,
            171, 170, 158, 85, 123, 177, 177, 172, 85, 158, 170, 177, 170, 172, 177, 176, 18, 2, 5, 67, 176, 121, 122, 176,
            176, 162, 124, 30, 29, 176, 176, 95, 94, 176, 112, 33, 26, 98, 176, 176, 27, 26, 62, 61, 176, 176, 50, 18,
            176, 98, 97, 97, 95, 176, 176, 58, 5, 28, 27, 176, 176, 29, 28, 176, 128, 62, 176, 33, 32, 51, 50, 176,
            176, 109, 108, 176, 93, 51, 59, 58, 176, 176, 61, 59, 32, 64, 176, 176, 105, 30, 108, 107, 176, 2, 110, 176,
            52, 93, 176, 176, 125, 121, 64, 101, 176, 106, 105, 176, 176, 107, 106, 67, 109, 176, 176, 110, 111, 111, 112, 176,
            176, 122, 52, 176, 165, 125, 176, 145, 56, 56, 146, 176, 101, 128, 176, 94, 160, 176, 124, 145, 176, 138, 163, 176,
            176, 146, 140, 176, 173, 138, 176, 160, 161, 140, 175, 176, 176, 163, 164, 164, 165, 176, 174, 173, 176, 176, 175, 174,
            178, 177, 123, 178, 123, 89
        ]
            point3f[] points = [
            (-0.1443537, -0.03204086, -0.008105216), (-0.1427759, -0.03070085, -0.01237106), (-0.1216887, -0.02900586, -0.008026047), (-0.1425461, -0.02169293, -0.02479098),
            (-0.1417664, -0.01647801, -0.02863518), (-0.1238134, -0.01792235, -0.02424213), (-0.1443537, -0.01880706, -0.02723448), (-0.1342065, -0.004601738, -0.03272788),
            (-0.1331138, -0.005479221, -0.03331944), (-0.1318348, -0.001492357, -0.03401188), (-0.1587679, -0.02915946, -0.008159595), (-0.1588966, -0.02607652, -0.00816264),
            (-0.1588966, -0.02607651, -0.01078628), (-0.1585003, -0.02834851, -0.01385411), (-0.1584068, -0.03099788, -0.008156753), (-0.1440711, 0.03198326, -0.008157814),
            (-0.1427759, 0.03070085, -0.01237106), (-0.1443537, 0.03202548, -0.008158868), (-0.1242647, 0.02898898, -0.008083901), (-0.1443537, 0.02998189, -0.01393041),
            (-0.1443537, 0.02844797, -0.01687549), (-0.1443537, 0.03127206, -0.01078628), (-0.1443537, -0.03127206, -0.01078628), (-0.1443537, -0.021802, -0.02489073),
            (-0.1486829, -0.021802, -0.02489073), (-0.1466282, -0.02042209, -0.02600308), (-0.1251275, -0.001533913, -0.03007787), (-0.1249589, -0.004601738, -0.02975346),
            (-0.1247597, -0.007669563, -0.02912555), (-0.1246657, -0.008901369, -0.02873483), (-0.1245345, -0.01062093, -0.02818934), (-0.1327962, -0.004601738, -0.03349136),
            (-0.1223773, -0.02671464, -0.01385411), (-0.1221717, -0.02755283, -0.01218156), (-0.1585796, 0.02615101, -0.01696797), (-0.1585966, 0.02392821, -0.01952373),
            (-0.1588692, 0.02607651, -0.01385411), (-0.1585003, 0.02834851, -0.01385411), (-0.1583682, 0.02790799, -0.01597606), (-0.1564107, 0.02976305, -0.01357784),
            (-0.1572905, 0.0303422, -0.01180829), (-0.1552453, 0.03070085, -0.01237106), (-0.1584031, 0.03099247, -0.008208653), (-0.1565911, 0.03165823, -0.008202678),
            (-0.1582906, 0.03083064, -0.009763076), (-0.1588216, 0.02865459, -0.008208204), (-0.1587636, 0.02916113, -0.008208419), (-0.1583699, 0.0251037, -0.01964646),
            (-0.1570051, 0.02553473, -0.02038535), (-0.1443537, 0.03071215, -0.0123965), (-0.1244857, 0.02814862, -0.01064726), (-0.1246139, 0.02755298, -0.01218175),
            (-0.124745, 0.02671077, -0.01385411), (-0.1417664, 0.01647801, -0.02863518), (-0.1331157, 0.005855695, -0.0333184), (-0.1327952, 0.004601738, -0.03349194),
            (-0.1254383, 0.01638847, -0.02527826), (-0.1443537, -0.03071215, -0.0123965), (-0.1235783, -0.0197387, -0.02270816), (-0.1233709, -0.02127234, -0.02132313),
            (-0.1425196, -0.02475098, -0.02176068), (-0.1231763, -0.02251386, -0.01993765), (-0.1231554, -0.02264705, -0.01978893), (-0.1443537, -0.0275808, -0.0184094),
            (-0.1227016, -0.02523817, -0.01642392), (-0.1443537, -0.02844797, -0.01687549), (-0.1443537, -0.01994087, -0.02636505), (-0.1239858, -0.0163885, -0.02527958),
            (-0.1585796, -0.02615101, -0.01696797), (-0.1586705, -0.02321945, -0.01948373), (-0.1584468, -0.02477335, -0.01960481), (-0.1584048, -0.02517807, -0.01942551),
            (-0.1583682, -0.02790799, -0.01597606), (-0.1535571, -0.03127206, -0.01078628), (-0.1535571, -0.03203134, -0.008138403), (-0.1552453, -0.03070085, -0.01237106),
            (-0.1570051, -0.02553473, -0.02038535), (-0.1588966, 0.02056932, -0.0193613), (-0.1588966, 0.02300869, -0.01692193), (-0.1586705, 0.02321945, -0.01948373),
            (-0.1588966, 0.02607651, -0.01078628), (-0.1588966, 0.02607651, -0.008206315), (-0.1584048, 0.02517807, -0.01942551), (-0.156625, 0.02825237, -0.01657279),
            (-0.1535571, 0.02844797, -0.01687549), (-0.1535571, 0.02758129, -0.0184094), (-0.1564107, 0.03100721, -0.01078592), (-0.1535571, 0.03201596, -0.00819204),
            (-0.1584536, 0.03075682, -0.008208638), (-0.1443537, 0.0275808, -0.0184094), (-0.1535571, 0.03127206, -0.01078628), (-0.1535571, 0.03071215, -0.0123965),
            (-0.1535571, 0.02998189, -0.01393041), (-0.1246689, 0.02720204, -0.01288181), (-0.1253625, 0.004601738, -0.0297118), (-0.1253426, 0.003997605, -0.02977933),
            (-0.1318351, 0.003311724, -0.0340117), (-0.1252611, 0.001533913, -0.03005439), (-0.12523, 0.0008171526, -0.03006052), (-0.1443537, -0.02333591, -0.02341309),
            (-0.1443537, -0.02635945, -0.01998976), (-0.122903, -0.02418071, -0.0179581), (-0.1443537, -0.02998189, -0.01393041), (-0.1474215, -0.02758129, -0.0184094),
            (-0.1452667, -0.01947474, -0.02674021), (-0.1244741, -0.0113572, -0.02791277), (-0.1244085, -0.01215474, -0.027613), (-0.1243248, -0.01302793, -0.02716578),
            (-0.1242502, -0.01380521, -0.02676712), (-0.1240902, -0.01536823, -0.02586717), (-0.1218812, -0.02845893, -0.009696304), (-0.1219908, -0.02814714, -0.01064716),
            (-0.1221274, -0.02769853, -0.01180567), (-0.1588966, -0.02300869, -0.01692193), (-0.1588966, -0.01994086, -0.0193613), (-0.1588692, -0.02607651, -0.01385411),
            (-0.1535571, -0.03071215, -0.0123965), (-0.1564107, -0.02976305, -0.01357784), (-0.156625, -0.02825237, -0.01657279), (-0.1584468, 0.02477335, -0.01960481),
            (-0.156625, 0.02730551, -0.0181067), (-0.1249395, 0.02523408, -0.01643462), (-0.1248166, 0.02616828, -0.01480343), (-0.1474215, 0.02758129, -0.0184094),
            (-0.1254854, 0.01214931, -0.02761041), (-0.1250478, 0.02419078, -0.01796871), (-0.1425196, 0.02475098, -0.02176068), (-0.1443537, -0.02485517, -0.02187918),
            (-0.1229052, -0.02416757, -0.01797378), (-0.1535571, -0.02998189, -0.01393041), (-0.1459349, -0.01994087, -0.02637843), (-0.1565948, -0.0316716, -0.008149656),
            (-0.1564107, -0.03100721, -0.01078592), (-0.1539491, -0.03199453, -0.008139848), (-0.1582906, -0.03083064, -0.009763076), (-0.156625, -0.0273055, -0.0181067),
            (-0.1567336, -0.0254899, -0.02053229), (-0.1535571, -0.02758129, -0.0184094), (-0.1252567, 0.02127479, -0.02132556), (-0.1425461, 0.02169293, -0.02479098),
            (-0.125402, 0.01792236, -0.02424261), (-0.1443537, 0.01994086, -0.02636505), (-0.1443537, 0.021802, -0.02489073), (-0.1443537, 0.01880706, -0.02723448),
            (-0.1459349, 0.01994086, -0.02637842), (-0.1254734, 0.01380521, -0.02676325), (-0.1254084, 0.01765319, -0.0244244), (-0.1474215, -0.02635994, -0.01998976),
            (-0.1535571, -0.02844797, -0.01687549), (-0.1569774, -0.03157932, -0.008151113), (-0.1572905, -0.0303422, -0.01180829), (-0.1553588, -0.02519079, -0.0212766),
            (-0.1535571, -0.02635994, -0.01998976), (-0.1567336, 0.0254899, -0.02053229), (-0.1543124, 0.02482343, -0.02184308), (-0.1486829, 0.021802, -0.02489073),
            (-0.1514124, 0.02333592, -0.02341309), (-0.1443537, 0.02333591, -0.02341309), (-0.1443537, 0.02485517, -0.02187918), (-0.1474215, 0.02095482, -0.02557364),
            (-0.1254245, 0.00714733, -0.02920662), (-0.1254371, 0.007669563, -0.02910251), (-0.1254752, 0.01061538, -0.02818436), (-0.1251866, 0.02231457, -0.02017163),
            (-0.1251635, 0.02265702, -0.01979152), (-0.1250805, 0.02375771, -0.01848365), (-0.1535571, -0.02448595, -0.02225196), (-0.1535571, -0.02485517, -0.02187918),
            (-0.1543124, -0.02482343, -0.02184308), (-0.1514124, -0.02333591, -0.02341309), (-0.1535571, 0.02485517, -0.02187918), (-0.1535571, 0.02448595, -0.02225196),
            (-0.1535571, 0.02635994, -0.01998976), (-0.1252725, 0.02093768, -0.0216301), (-0.1253281, 0.01974097, -0.02270868), (-0.1253426, 0.01938329, -0.02301072),
            (-0.1254693, 0.01015753, -0.02832722), (-0.1474215, 0.02635994, -0.01998976), (-0.1443537, 0.02635945, -0.01998976)
        ]
            uniform token subdivisionScheme = "none"
        }

        def Mesh "gripper_end_col_11"
        {
            int[] faceVertexCounts = [
            3, 3, 3, 3, 3, 3, 3, 3, 3, 3, 3, 3, 3, 3, 3, 3, 3, 3, 3, 3, 3, 3, 3, 3,
            3, 3, 3, 3, 3, 3, 3, 3, 3, 3, 3, 3, 3, 3, 3, 3, 3, 3, 3, 3, 3, 3, 3, 3,
            3, 3, 3, 3, 3, 3, 3, 3, 3, 3, 3, 3, 3, 3, 3, 3, 3, 3, 3, 3, 3, 3, 3, 3,
            3, 3, 3, 3, 3, 3, 3, 3, 3, 3, 3, 3, 3, 3, 3, 3, 3, 3, 3, 3, 3, 3, 3, 3,
            3, 3, 3, 3, 3, 3, 3, 3, 3, 3, 3, 3, 3, 3, 3, 3, 3, 3, 3, 3, 3, 3, 3, 3,
            3, 3, 3, 3, 3, 3, 3, 3, 3, 3, 3, 3, 3, 3, 3, 3, 3, 3, 3, 3, 3, 3, 3, 3,
            3, 3, 3, 3, 3, 3, 3, 3, 3, 3, 3, 3, 3, 3, 3, 3, 3, 3, 3, 3, 3, 3, 3, 3,
            3, 3, 3, 3, 3, 3, 3, 3, 3, 3, 3, 3, 3, 3, 3, 3, 3, 3, 3, 3, 3, 3, 3, 3,
            3, 3, 3, 3, 3, 3, 3, 3, 3, 3, 3, 3, 3, 3, 3, 3, 3, 3, 3, 3, 3, 3, 3, 3,
            3, 3, 3, 3, 3, 3, 3, 3, 3, 3, 3, 3, 3, 3, 3, 3, 3, 3, 3, 3, 3, 3, 3, 3,
            3, 3, 3, 3, 3, 3
        ]
            int[] faceVertexIndices = [
            0, 1, 2, 3, 4, 5, 6, 7, 8, 9, 10, 6, 11, 7, 6, 6, 10, 11, 12, 7, 11, 13, 14, 15,
            16, 14, 13, 17, 18, 19, 11, 20, 21, 20, 22, 21, 21, 12, 11, 23, 22, 24, 25, 26, 27, 27, 0, 25,
            27, 28, 0, 29, 30, 31, 29, 32, 33, 34, 35, 36, 37, 33, 38, 30, 29, 37, 37, 29, 33, 39, 20, 11,
            39, 3, 20, 4, 3, 39, 11, 10, 40, 5, 4, 40, 41, 10, 9, 9, 42, 41, 43, 22, 23, 43, 21, 22,
            12, 21, 43, 44, 45, 46, 47, 16, 48, 14, 16, 47, 48, 49, 47, 50, 19, 18, 50, 49, 48, 18, 45, 50,
            45, 49, 50, 12, 43, 51, 52, 45, 18, 52, 18, 17, 23, 53, 54, 55, 56, 53, 57, 56, 55, 58, 56, 17,
            59, 60, 61, 62, 22, 20, 62, 61, 60, 63, 28, 38, 0, 28, 63, 38, 33, 63, 1, 0, 63, 63, 33, 1,
            64, 27, 26, 28, 27, 64, 38, 28, 64, 1, 33, 65, 2, 66, 67, 68, 42, 9, 34, 36, 69, 69, 36, 8,
            9, 6, 70, 70, 6, 8, 4, 39, 71, 71, 40, 4, 71, 39, 11, 11, 40, 71, 5, 40, 72, 72, 40, 10,
            10, 41, 72, 72, 42, 5, 72, 41, 42, 73, 15, 74, 74, 44, 73, 74, 15, 14, 75, 47, 49, 44, 47, 75,
            75, 49, 45, 45, 44, 75, 48, 16, 76, 77, 37, 38, 78, 79, 48, 78, 76, 80, 48, 76, 78, 81, 79, 82,
            48, 79, 81, 81, 50, 48, 19, 50, 81, 83, 35, 34, 34, 84, 83, 83, 84, 38, 85, 84, 34, 85, 78, 80,
            38, 84, 86, 80, 77, 86, 86, 77, 38, 86, 85, 80, 84, 85, 86, 57, 55, 87, 87, 56, 57, 87, 44, 46,
            17, 56, 87, 87, 52, 17, 88, 53, 23, 23, 24, 88, 88, 24, 59, 53, 56, 89, 89, 54, 53, 56, 54, 89,
            90, 51, 43, 90, 43, 23, 23, 54, 90, 91, 55, 53, 92, 58, 17, 82, 58, 92, 92, 81, 82, 17, 19, 92,
            19, 81, 92, 93, 62, 20, 61, 62, 93, 20, 3, 93, 59, 61, 93, 94, 62, 60, 94, 60, 59, 59, 24, 94,
            94, 24, 22, 22, 62, 94, 95, 64, 26, 96, 97, 32, 96, 29, 31, 32, 29, 96, 32, 97, 98, 1, 65, 98,
            33, 32, 98, 98, 65, 33, 2, 67, 99, 99, 67, 25, 99, 0, 2, 25, 0, 99, 66, 100, 101, 101, 102, 9,
            9, 102, 103, 103, 68, 9, 8, 36, 104, 104, 70, 8, 36, 105, 104, 104, 105, 70, 106, 101, 9, 66, 101, 106,
            106, 26, 25, 25, 67, 106, 106, 67, 66, 14, 47, 107, 107, 74, 14, 107, 47, 44, 44, 74, 107, 35, 83, 108,
            108, 95, 35, 64, 95, 108, 38, 64, 108, 108, 83, 38, 82, 85, 109, 79, 78, 110, 78, 85, 110, 82, 79, 110,
            110, 85, 82, 111, 87, 46, 52, 87, 111, 112, 113, 53, 82, 109, 114, 114, 109, 115, 114, 58, 82, 114, 90, 58,
            116, 90, 54, 58, 90, 116, 116, 54, 56, 56, 58, 116, 117, 95, 26, 35, 95, 117, 117, 36, 35, 117, 105, 36,
            118, 103, 102, 118, 100, 66, 70, 105, 119, 26, 106, 120, 120, 117, 26, 105, 117, 120, 120, 119, 105, 120, 106, 9,
            9, 70, 120, 70, 119, 120, 121, 69, 115, 115, 109, 121, 34, 69, 121, 121, 85, 34, 121, 109, 85, 53, 88, 122,
            123, 112, 53, 53, 122, 123, 55, 91, 124, 31, 30, 15, 15, 73, 31, 15, 30, 13, 13, 30, 37, 37, 16, 13,
            8, 7, 51, 7, 12, 51, 8, 51, 69, 69, 51, 115, 16, 37, 77, 77, 76, 16, 80, 76, 77, 97, 96, 98,
            98, 96, 31, 98, 44, 3, 31, 73, 98, 73, 44, 98, 45, 52, 111, 46, 45, 111, 115, 51, 114, 51, 90, 114,
            1, 98, 118, 118, 98, 3, 2, 1, 118, 118, 66, 2, 118, 101, 100, 102, 101, 118, 42, 68, 118, 68, 103, 118,
            5, 42, 118, 118, 3, 5, 124, 91, 53, 53, 113, 124, 112, 123, 124, 113, 112, 124, 124, 93, 3, 124, 122, 88,
            124, 88, 59, 59, 93, 124, 124, 123, 122, 3, 44, 124, 44, 87, 124, 124, 87, 55
        ]
            point3f[] points = [
            (-0.1580817, 0.02448966, -0.02147073), (-0.1583699, 0.0251037, -0.01964646), (-0.1570051, 0.02553472, -0.02038535), (-0.1331157, 0.005855694, -0.0333184),
            (-0.1331849, 0.006706236, -0.03342243), (-0.1417664, 0.01647801, -0.02863518), (-0.1327352, 0.007669563, -0.04074965), (-0.1321748, 0.004601738, -0.04128443),
            (-0.1351502, 0.004601738, -0.04263825), (-0.1334025, 0.009281419, -0.04012012), (-0.1318505, 0.007669563, -0.03839671), (-0.1307278, 0.004601738, -0.03839671),
            (-0.1321748, -0.001533913, -0.04128443), (-0.1588966, -0.01073739, -0.02919323), (-0.1587508, -0.01380521, -0.02919323), (-0.1588966, -0.01994086, -0.01998976),
            (-0.1586641, -0.01073739, -0.03226106), (-0.1504893, -0.01284908, -0.03774554), (-0.1553656, -0.01538425, -0.03384056), (-0.1523314, -0.01256676, -0.03733764),
            (-0.1318348, -0.001492358, -0.03401188), (-0.1307289, -0.001533913, -0.03839671), (-0.1307456, -0.004601738, -0.03839671), (-0.1326654, -0.006902869, -0.04081485),
            (-0.1321899, -0.007286478, -0.03839671), (-0.1560365, 0.02475098, -0.02176068), (-0.1504893, 0.01327095, -0.03797957), (-0.155366, 0.01538431, -0.03384106),
            (-0.1574112, 0.01475709, -0.03317862), (-0.1587508, 0.01380521, -0.02919323), (-0.1588966, 0.01073739, -0.02919323), (-0.1588966, 0.02056932, -0.0193613),
            (-0.1586015, 0.02328371, -0.02026477), (-0.1584088, 0.01376277, -0.03219803), (-0.1504893, 0.004601738, -0.0424796), (-0.1507767, 0.007959518, -0.04122395),
            (-0.1474215, 0.007669563, -0.04208533), (-0.1586641, 0.01073739, -0.03226106), (-0.1582498, 0.01271187, -0.03388948), (-0.1318351, 0.003311724, -0.0340117),
            (-0.1326497, 0.007705132, -0.03545058), (-0.1332949, 0.00932039, -0.03839671), (-0.1443537, 0.01880706, -0.02723448), (-0.1321823, -0.004601738, -0.0412707),
            (-0.1584468, -0.02477335, -0.01960481), (-0.1580817, -0.02448966, -0.02147073), (-0.1570051, -0.02553472, -0.02038535), (-0.1584088, -0.0137627, -0.03219796),
            (-0.1582498, -0.01271175, -0.03388948), (-0.1582386, -0.01542356, -0.03113328), (-0.1574108, -0.01475697, -0.0331785), (-0.1351502, -0.001533913, -0.04263825),
            (-0.1560365, -0.02475098, -0.02176068), (-0.1427407, -0.01538432, -0.03384541), (-0.1351502, -0.007286478, -0.04125697), (-0.1535571, -0.02448595, -0.02225196),
            (-0.1474215, -0.01298367, -0.03791601), (-0.1543124, -0.02482343, -0.02184308), (-0.1474215, -0.007447014, -0.04125697), (-0.1417664, -0.01647801, -0.02863518),
            (-0.1332267, -0.006424141, -0.03347818), (-0.1331138, -0.005479221, -0.03331944), (-0.1315722, -0.004601738, -0.03532888), (-0.1582386, 0.01542356, -0.0311334),
            (-0.1524713, 0.01283671, -0.03752263), (-0.1584048, 0.02244444, -0.02245118), (-0.1535571, 0.02448595, -0.02225196), (-0.1543124, 0.02482343, -0.02184308),
            (-0.1459349, 0.01994086, -0.02637842), (-0.1474215, 0.004601738, -0.04263825), (-0.1351502, 0.007669563, -0.04156868), (-0.1315668, 0.004601738, -0.03532888),
            (-0.1334015, 0.009281418, -0.03655432), (-0.1588966, -0.01994086, -0.0193613), (-0.1586705, -0.02321945, -0.01948373), (-0.1584048, -0.02244444, -0.02245118),
            (-0.1582952, -0.01073739, -0.03393674), (-0.1582952, 0.01073739, -0.03393674), (-0.1551308, -0.0006716144, -0.04003352), (-0.153088, -0.004601738, -0.04110778),
            (-0.1551506, 0.001533913, -0.04008498), (-0.1524519, -0.0068168, -0.04063914), (-0.1504893, -0.004601738, -0.04244786), (-0.1525352, 0.007130213, -0.04065504),
            (-0.1535575, 0.004346651, -0.0409485), (-0.1535571, 0.001533913, -0.04138868), (-0.1551308, 0.003153985, -0.04003353), (-0.1553588, -0.02519079, -0.0212766),
            (-0.1443537, -0.01880706, -0.02723448), (-0.1450095, -0.01274622, -0.03756494), (-0.1351502, -0.004601738, -0.04261078), (-0.1514124, -0.02333592, -0.02341309),
            (-0.1504893, -0.007225295, -0.04112518), (-0.1327962, -0.004601738, -0.03349136), (-0.1326109, -0.006927432, -0.03532888), (-0.1507767, 0.01085445, -0.03958008),
            (-0.1586705, 0.02321945, -0.01948373), (-0.1585966, 0.02392821, -0.01952373), (-0.1584468, 0.02477335, -0.01960481), (-0.1567336, 0.0254899, -0.02053229),
            (-0.1514124, 0.02333591, -0.02341309), (-0.1427408, 0.01538425, -0.03386519), (-0.1486829, 0.021802, -0.02489073), (-0.1474215, 0.02095482, -0.02557364),
            (-0.1443537, 0.007669563, -0.04201334), (-0.1474215, 0.01026988, -0.04073152), (-0.1474215, 0.0134384, -0.03811954), (-0.1586015, -0.02328371, -0.02026477),
            (-0.1519909, 0.00917543, -0.03990258), (-0.1504893, -0.001533913, -0.04258206), (-0.153845, -0.001630099, -0.04103046), (-0.1567336, -0.0254899, -0.02053229),
            (-0.1466282, -0.02042209, -0.02600308), (-0.1486829, -0.021802, -0.02489073), (-0.1474215, -0.004601738, -0.04261078), (-0.1474215, -0.001533913, -0.04263825),
            (-0.1443537, -0.007443888, -0.04125697), (-0.1499457, 0.009909875, -0.04045921), (-0.1504893, 0.02281717, -0.0239128), (-0.1443537, 0.01003088, -0.04065952),
            (-0.1474215, 0.01180379, -0.03965345), (-0.1504893, 0.001533913, -0.04258814), (-0.1452667, -0.01947474, -0.02674021), (-0.1459349, -0.01994086, -0.02637842),
            (-0.1504893, -0.02281717, -0.0239128)
        ]
            uniform token subdivisionScheme = "none"
        }
    }

    def Xform "gripper_left"
    {
        def Mesh "gripper_left_col_0"
        {
            int[] faceVertexCounts = [
            3, 3, 3, 3, 3, 3, 3, 3, 3, 3, 3, 3, 3, 3, 3, 3, 3, 3, 3, 3, 3, 3, 3, 3,
            3, 3, 3, 3, 3, 3, 3, 3, 3, 3, 3, 3, 3, 3, 3, 3, 3, 3, 3, 3, 3, 3, 3, 3,
            3, 3, 3, 3, 3, 3, 3, 3, 3, 3, 3, 3, 3, 3, 3, 3, 3, 3, 3, 3, 3, 3, 3, 3,
            3, 3, 3, 3, 3, 3, 3, 3, 3, 3, 3, 3, 3, 3, 3, 3, 3, 3, 3, 3, 3, 3, 3, 3,
            3, 3, 3, 3, 3, 3, 3, 3, 3, 3, 3, 3, 3, 3, 3, 3, 3, 3, 3, 3, 3, 3, 3, 3,
            3, 3, 3, 3, 3, 3, 3, 3, 3, 3, 3, 3, 3, 3, 3, 3, 3, 3, 3, 3, 3, 3, 3, 3,
            3, 3, 3, 3, 3, 3, 3, 3, 3, 3, 3, 3, 3, 3, 3, 3, 3, 3, 3, 3, 3, 3, 3, 3,
            3, 3, 3, 3, 3, 3, 3, 3, 3, 3, 3, 3, 3, 3, 3, 3, 3, 3, 3, 3, 3, 3, 3, 3,
            3, 3, 3, 3, 3, 3, 3, 3, 3, 3, 3, 3, 3, 3, 3, 3, 3, 3, 3, 3, 3, 3, 3, 3,
            3, 3, 3, 3, 3, 3, 3, 3, 3, 3, 3, 3, 3, 3, 3, 3, 3, 3, 3, 3, 3, 3, 3, 3,
            3, 3, 3, 3, 3, 3, 3, 3, 3, 3, 3, 3, 3, 3, 3, 3, 3, 3, 3, 3, 3, 3, 3, 3,
            3, 3, 3, 3, 3, 3, 3, 3, 3, 3, 3, 3, 3, 3, 3, 3, 3, 3, 3, 3, 3, 3, 3, 3,
            3, 3, 3, 3, 3, 3, 3, 3, 3, 3, 3, 3, 3, 3, 3, 3, 3, 3, 3, 3, 3, 3, 3, 3,
            3, 3, 3, 3, 3, 3, 3, 3, 3, 3, 3, 3, 3, 3, 3, 3, 3, 3, 3, 3, 3, 3, 3, 3,
            3, 3, 3, 3, 3, 3, 3, 3, 3, 3, 3, 3, 3, 3, 3, 3, 3, 3, 3, 3, 3, 3, 3, 3,
            3, 3, 3, 3, 3, 3, 3, 3, 3, 3, 3, 3, 3, 3, 3, 3, 3, 3, 3, 3, 3, 3, 3, 3,
            3, 3, 3, 3, 3, 3, 3, 3, 3, 3, 3, 3, 3, 3, 3, 3, 3, 3, 3, 3, 3, 3, 3, 3,
            3, 3, 3, 3, 3, 3, 3, 3, 3, 3, 3, 3, 3, 3, 3, 3, 3, 3, 3, 3, 3, 3, 3, 3,
            3, 3, 3, 3, 3, 3, 3, 3, 3, 3, 3
        ]
            int[] faceVertexIndices = [
            0, 1, 2, 3, 4, 5, 6, 7, 8, 6, 9, 10, 11, 4, 3, 12, 13, 14, 15, 16, 17, 18, 19, 20,
            21, 0, 2, 22, 23, 3, 3, 5, 22, 22, 5, 24, 24, 25, 22, 22, 25, 23, 26, 27, 28, 28, 27, 29,
            6, 8, 30, 6, 10, 31, 14, 13, 32, 33, 11, 3, 13, 12, 34, 12, 35, 36, 36, 34, 12, 37, 38, 39,
            39, 38, 40, 41, 42, 43, 44, 45, 46, 46, 42, 44, 46, 43, 42, 45, 47, 46, 44, 42, 48, 14, 49, 50,
            49, 51, 50, 51, 52, 50, 50, 12, 14, 53, 54, 41, 41, 43, 53, 55, 49, 56, 56, 49, 14, 57, 58, 59,
            60, 61, 62, 63, 64, 65, 65, 66, 63, 65, 67, 15, 64, 67, 65, 68, 69, 37, 37, 70, 68, 68, 58, 69,
            70, 71, 68, 68, 71, 58, 2, 1, 72, 19, 18, 72, 73, 74, 75, 75, 76, 73, 75, 74, 2, 2, 72, 75,
            75, 72, 76, 77, 17, 78, 78, 61, 77, 15, 17, 77, 61, 60, 77, 79, 61, 78, 29, 27, 80, 81, 82, 83,
            84, 81, 85, 86, 87, 88, 89, 90, 91, 91, 82, 89, 1, 0, 92, 92, 72, 1, 19, 72, 92, 20, 19, 92,
            92, 93, 20, 20, 93, 94, 95, 96, 97, 2, 74, 98, 98, 21, 2, 23, 25, 99, 99, 100, 23, 4, 101, 102,
            101, 103, 102, 102, 5, 4, 69, 58, 104, 104, 58, 38, 37, 69, 104, 104, 38, 37, 38, 58, 105, 105, 58, 57,
            106, 45, 44, 106, 47, 45, 107, 9, 6, 6, 30, 107, 107, 108, 9, 109, 30, 110, 109, 27, 26, 26, 108, 109,
            109, 107, 30, 108, 107, 109, 109, 80, 27, 111, 112, 6, 111, 31, 57, 6, 31, 111, 61, 112, 113, 62, 61, 113,
            57, 59, 113, 113, 59, 62, 113, 111, 57, 112, 111, 113, 13, 34, 114, 115, 35, 12, 12, 50, 115, 115, 52, 116,
            115, 50, 52, 117, 36, 35, 118, 43, 119, 43, 46, 119, 119, 46, 47, 120, 48, 42, 121, 119, 47, 121, 122, 123,
            49, 53, 124, 124, 53, 43, 125, 53, 49, 54, 53, 125, 126, 96, 127, 97, 96, 126, 126, 128, 97, 126, 56, 14,
            129, 60, 62, 129, 77, 60, 15, 77, 129, 129, 65, 15, 66, 65, 129, 130, 67, 64, 64, 131, 130, 132, 67, 130,
            55, 131, 133, 63, 66, 134, 134, 71, 70, 134, 133, 63, 135, 133, 134, 76, 72, 136, 136, 72, 18, 23, 100, 137,
            3, 23, 137, 137, 33, 3, 137, 100, 138, 138, 33, 137, 110, 30, 139, 139, 30, 8, 139, 87, 110, 7, 140, 139,
            139, 8, 7, 29, 80, 141, 110, 87, 142, 142, 80, 110, 142, 87, 86, 91, 123, 143, 123, 83, 143, 144, 122, 85,
            15, 67, 145, 145, 67, 132, 146, 95, 97, 97, 128, 146, 128, 147, 146, 148, 149, 123, 123, 90, 148, 103, 149, 150,
            150, 102, 103, 150, 151, 24, 24, 5, 150, 5, 102, 150, 152, 28, 153, 154, 106, 44, 155, 156, 157, 158, 156, 155,
            159, 156, 160, 160, 38, 159, 38, 105, 159, 159, 105, 57, 157, 156, 159, 152, 161, 162, 163, 31, 10, 57, 31, 163,
            163, 162, 161, 163, 161, 157, 110, 80, 164, 164, 109, 110, 80, 109, 164, 13, 114, 165, 165, 32, 13, 128, 32, 165,
            165, 147, 128, 165, 114, 166, 166, 147, 165, 167, 101, 4, 4, 168, 167, 167, 168, 101, 169, 168, 4, 36, 168, 169,
            4, 11, 169, 170, 168, 36, 117, 168, 171, 36, 117, 171, 168, 170, 171, 171, 170, 36, 172, 103, 101, 101, 168, 172,
            172, 168, 117, 173, 174, 54, 37, 174, 173, 55, 133, 175, 175, 133, 135, 175, 176, 54, 54, 125, 175, 175, 49, 55,
            175, 125, 49, 37, 176, 177, 177, 175, 135, 176, 175, 177, 177, 70, 37, 177, 134, 70, 135, 134, 177, 41, 54, 178,
            54, 174, 178, 178, 42, 41, 178, 120, 42, 178, 39, 40, 37, 39, 178, 178, 174, 37, 158, 48, 179, 48, 120, 179,
            160, 156, 179, 179, 156, 158, 179, 38, 160, 40, 38, 179, 179, 178, 40, 120, 178, 179, 116, 52, 180, 181, 51, 49,
            49, 124, 181, 181, 124, 51, 182, 124, 43, 121, 183, 182, 182, 183, 124, 127, 131, 184, 184, 126, 127, 56, 126, 184,
            55, 56, 184, 184, 131, 55, 185, 32, 128, 128, 126, 185, 14, 32, 185, 185, 126, 14, 62, 59, 186, 186, 129, 62,
            187, 134, 66, 71, 134, 187, 66, 129, 187, 187, 129, 71, 16, 188, 189, 189, 17, 16, 78, 17, 189, 0, 21, 190,
            86, 88, 191, 192, 141, 80, 192, 142, 86, 80, 142, 192, 193, 143, 83, 194, 145, 132, 195, 145, 194, 196, 188, 16,
            196, 197, 188, 196, 198, 197, 195, 198, 199, 199, 145, 195, 198, 196, 199, 199, 196, 16, 199, 16, 15, 15, 145, 199,
            106, 153, 200, 152, 153, 201, 201, 153, 106, 106, 154, 201, 202, 153, 28, 203, 153, 202, 84, 203, 202, 204, 203, 122,
            204, 153, 203, 204, 200, 153, 205, 154, 44, 44, 48, 205, 205, 48, 158, 206, 155, 157, 206, 161, 152, 157, 161, 206,
            207, 163, 10, 162, 163, 207, 57, 163, 208, 208, 163, 157, 208, 159, 57, 157, 159, 208, 121, 172, 209, 209, 115, 116,
            35, 115, 209, 54, 176, 210, 210, 173, 54, 210, 176, 37, 37, 173, 210, 211, 52, 51, 211, 180, 52, 51, 124, 211,
            124, 183, 211, 121, 180, 211, 211, 183, 121, 121, 182, 212, 118, 119, 212, 119, 121, 212, 212, 43, 118, 129, 186, 213,
            58, 71, 213, 71, 129, 213, 213, 186, 59, 214, 189, 188, 214, 79, 78, 78, 189, 214, 215, 92, 0, 0, 190, 215,
            93, 92, 215, 215, 190, 216, 217, 191, 88, 218, 117, 35, 35, 209, 218, 218, 172, 117, 218, 209, 172, 219, 182, 43,
            43, 212, 219, 219, 212, 182, 220, 59, 58, 58, 213, 220, 220, 213, 59, 93, 215, 221, 221, 94, 93, 221, 215, 216,
            222, 88, 87, 87, 139, 222, 223, 217, 222, 222, 217, 88, 140, 223, 222, 222, 139, 140, 100, 74, 73, 100, 73, 138,
            79, 7, 6, 20, 7, 79, 79, 18, 20, 79, 112, 61, 6, 112, 79, 94, 7, 20, 94, 140, 7, 138, 73, 197,
            197, 166, 138, 73, 76, 197, 76, 188, 197, 25, 21, 99, 21, 98, 99, 74, 100, 99, 99, 98, 74, 138, 166, 114,
            114, 33, 138, 11, 33, 114, 114, 34, 11, 130, 131, 127, 127, 96, 130, 130, 96, 132, 133, 131, 64, 133, 64, 63,
            203, 84, 85, 81, 84, 141, 141, 84, 29, 81, 83, 144, 85, 81, 144, 123, 122, 144, 144, 83, 123, 195, 146, 198,
            198, 146, 147, 166, 197, 198, 198, 147, 166, 150, 216, 151, 224, 216, 150, 162, 28, 152, 26, 28, 162, 11, 34, 169,
            34, 36, 169, 123, 149, 172, 172, 121, 123, 172, 149, 103, 190, 21, 25, 190, 25, 24, 24, 151, 190, 151, 216, 190,
            191, 148, 90, 224, 150, 191, 149, 148, 191, 191, 150, 149, 90, 89, 191, 191, 89, 86, 81, 141, 192, 192, 82, 81,
            86, 89, 192, 192, 89, 82, 193, 82, 91, 132, 96, 194, 96, 95, 194, 95, 146, 194, 194, 146, 195, 29, 84, 202,
            202, 28, 29, 122, 121, 204, 204, 121, 47, 106, 200, 204, 47, 106, 204, 158, 155, 205, 154, 205, 206, 206, 205, 155,
            152, 201, 206, 206, 201, 154, 9, 108, 207, 207, 10, 9, 26, 162, 207, 207, 108, 26, 209, 180, 121, 116, 180, 209,
            214, 188, 76, 76, 136, 214, 18, 79, 214, 214, 136, 18, 224, 191, 217, 217, 216, 224, 193, 83, 82, 140, 94, 221,
            221, 223, 140, 216, 217, 221, 221, 217, 223
        ]
            point3f[] points = [
            (-0.01906819, 0.0467964, -0.05783256), (-0.01831379, 0.04737485, -0.05830967), (-0.01884183, 0.04633763, -0.05880967), (-0.01789892, 0.0399573, -0.0578948),
            (-0.01789892, 0.03981812, -0.05633898), (-0.01935988, 0.04054142, -0.05633898), (-0.01167563, 0.04752606, 0.02923124), (-0.01789892, 0.04752606, 0.02300795),
            (-0.01801438, 0.04750945, 0.0293467), (-0.01323145, 0.04750903, 0.03078706), (-0.01011981, 0.04750903, 0.03078706), (-0.0163431, 0.0398481, -0.0578948),
            (-0.01011981, 0.03982269, -0.05633898), (-0.01323145, 0.03986112, -0.0578948), (-0.008563986, 0.03989017, -0.05633898), (-0.007859879, 0.04747836, -0.05704309),
            (-0.01239271, 0.04749377, -0.05868725), (-0.008897094, 0.04749838, -0.05715009), (-0.0163431, 0.04752606, -0.0578948), (-0.01783668, 0.04750945, -0.05783256),
            (-0.01789892, 0.04752606, -0.05633898), (-0.01959416, 0.04515081, -0.0578948), (-0.01913549, 0.04066388, -0.0578948), (-0.01884183, 0.04094363, -0.05880967),
            (-0.02004294, 0.04203916, -0.05633898), (-0.01959416, 0.04203916, -0.0578948), (-0.0163431, 0.04670663, 0.03187874), (-0.01775398, 0.04669215, 0.03172876),
            (-0.0163431, 0.04515081, 0.03218232), (-0.01789892, 0.04515081, 0.03196935), (-0.01775398, 0.04750264, 0.03068338), (-0.008705067, 0.04750264, 0.03069882),
            (-0.01167563, 0.04007172, -0.0578948), (-0.0163431, 0.0405714, -0.05910056), (-0.01478728, 0.0398481, -0.0578948), (-0.01011981, 0.03888362, 0.003894856),
            (-0.01167563, 0.03981466, -0.05633898), (-0.006464246, 0.04359499, 0.01367302), (-0.006499314, 0.04515081, 0.0198963), (-0.006477506, 0.04359499, 0.01678466),
            (-0.006493657, 0.04359499, 0.0198963), (-0.006976044, 0.04048334, 0.01678466), (-0.007318454, 0.04047992, 0.03076711), (-0.007644336, 0.03957822, 0.0302352),
            (-0.007603026, 0.04099625, 0.0316589), (-0.009031526, 0.03887786, 0.03177072), (-0.00836483, 0.03887991, 0.03092255), (-0.009089697, 0.0388777, 0.03177935),
            (-0.006821366, 0.04203916, 0.03078706), (-0.0071656, 0.04058005, -0.05478316), (-0.008563986, 0.03985924, -0.05478316), (-0.008128735, 0.03888782, 0.007535697),
            (-0.008285631, 0.03888791, 0.005923687), (-0.00759133, 0.03951352, 0.01367302), (-0.006964916, 0.04048334, 0.01367302), (-0.006531645, 0.04203916, -0.05478316),
            (-0.007210966, 0.04060543, -0.05633898), (-0.007739359, 0.04749838, 0.03012139), (-0.00710076, 0.04670663, 0.01367302), (-0.007737312, 0.04750114, 0.01367302),
            (-0.008563986, 0.04751895, -0.03611329), (-0.01011981, 0.04752606, -0.05633898), (-0.008563986, 0.04752127, -0.009664317), (-0.006527802, 0.04515081, -0.05478316),
            (-0.006618532, 0.04515081, -0.05633898), (-0.007297482, 0.0468585, -0.05645028), (-0.007261189, 0.04684223, -0.05484198), (-0.007451229, 0.04644114, -0.05731936),
            (-0.006489209, 0.04515081, -0.01277596), (-0.006487229, 0.04515081, 0.01056137), (-0.00649353, 0.04515081, -0.03611329), (-0.007108775, 0.04670663, -0.03611329),
            (-0.01727657, 0.04749838, -0.05869558), (-0.0163431, 0.04515081, -0.05952841), (-0.01789892, 0.04515081, -0.05930601), (-0.01783668, 0.0467964, -0.05893975),
            (-0.0163431, 0.04670663, -0.05913486), (-0.008452687, 0.04750945, -0.05645028), (-0.01323145, 0.0475226, -0.05789481), (-0.01478728, 0.04752606, -0.0578948),
            (-0.01875862, 0.04616389, 0.03162878), (-0.01879951, 0.04203916, 0.03166068), (-0.01944834, 0.04203916, 0.03078706), (-0.01878574, 0.03885174, 0.03165125),
            (-0.01789892, 0.04203916, 0.03196935), (-0.01789892, 0.03885402, 0.03195993), (-0.02002195, 0.04515081, 0.02923124), (-0.01941149, 0.04670663, 0.02923124),
            (-0.02006147, 0.04515081, 0.02767542), (-0.02002195, 0.04203916, 0.02923124), (-0.02008267, 0.0388495, 0.02767542), (-0.02002051, 0.03884918, 0.02923124),
            (-0.01871754, 0.04749838, -0.05727246), (-0.01874031, 0.0475053, -0.05633898), (-0.01874273, 0.0475053, -0.05478316), (-0.01064562, 0.04203916, -0.05876441),
            (-0.008563986, 0.04203916, -0.05800723), (-0.01072965, 0.04108214, -0.05873385), (-0.01892434, 0.04515081, -0.05887815), (-0.01892434, 0.04203916, -0.05887815),
            (-0.01789892, 0.04203916, -0.05930601), (-0.01929108, 0.03885888, 0.00435825), (-0.02004631, 0.03885638, 0.005893906), (-0.02001421, 0.03885648, 0.005838961),
            (-0.006489757, 0.04515081, 0.01678466), (-0.0072458, 0.04684075, 0.01996094), (-0.01012506, 0.03887483, 0.03208642), (-0.0163431, 0.04750438, 0.03078706),
            (-0.0163431, 0.04748827, 0.03157007), (-0.01713875, 0.04748702, 0.03156837), (-0.0187157, 0.04749838, 0.03009565), (-0.01011981, 0.04751676, 0.02923124),
            (-0.01011981, 0.04752606, 0.01989631), (-0.008563986, 0.0475219, 0.01367302), (-0.01478728, 0.0405714, -0.05910056), (-0.008856189, 0.03888683, 0.004482671),
            (-0.008810829, 0.03888691, 0.004603102), (-0.01167563, 0.03887951, 0.003692863), (-0.008211508, 0.03888078, 0.02944618), (-0.008326548, 0.03888006, 0.03076928),
            (-0.00676171, 0.04203916, 0.02923124), (-0.008149614, 0.03888461, 0.01766639), (-0.01641268, 0.03885794, 0.03217237), (-0.02002364, 0.0388492, 0.02915291),
            (-0.00807361, 0.03888606, 0.01367302), (-0.007155557, 0.04058162, -0.05322734), (-0.007451229, 0.0408508, -0.05731936), (-0.007283807, 0.04203916, -0.05742059),
            (-0.01167563, 0.04079502, -0.05890537), (-0.00774369, 0.04749838, -0.05600587), (-0.007283807, 0.04515081, -0.05742059), (-0.006608895, 0.04359499, -0.05633898),
            (-0.008563986, 0.04515081, -0.05800724), (-0.006518164, 0.04359499, -0.05478316), (-0.006511297, 0.04515081, -0.05322734), (-0.006504898, 0.04359499, -0.05322734),
            (-0.0163431, 0.0475053, -0.05870701), (-0.01789892, 0.04067811, -0.05898936), (-0.0163431, 0.04203916, -0.05952841), (-0.01873893, 0.0475053, 0.02923124),
            (-0.01874273, 0.0475053, 0.02767542), (-0.01879951, 0.04515081, 0.03166068), (-0.01900876, 0.04669215, 0.03068338), (-0.01945601, 0.03885023, 0.03070978),
            (-0.01794088, 0.03885391, 0.03194532), (-0.01072965, 0.04616418, -0.05873385), (-0.01167563, 0.04203916, -0.05913802), (-0.01323145, 0.04203916, -0.05947417),
            (-0.02008267, 0.03885144, 0.02145213), (-0.02008267, 0.03885533, 0.008933365), (-0.02008267, 0.0388558, 0.007449728), (-0.02006941, 0.04203916, -0.05478316),
            (-0.01011981, 0.04515081, 0.03218232), (-0.01167563, 0.03887063, 0.03219846), (-0.008563986, 0.04203916, 0.03201454), (-0.007511502, 0.04515081, 0.03170586),
            (-0.006817831, 0.04515081, 0.03078706), (-0.007603026, 0.04625952, 0.0316589), (-0.006813101, 0.04359499, 0.03078706), (-0.007372639, 0.04674953, 0.03069882),
            (-0.006747921, 0.04515081, 0.02923124), (-0.008705068, 0.04674953, 0.03174684), (-0.01011981, 0.04670663, 0.03187874), (-0.00931773, 0.04748702, 0.03156837),
            (-0.01817597, 0.0472011, 0.03113286), (-0.01323145, 0.04058442, -0.05907345), (-0.01478728, 0.04203916, -0.05952841), (-0.01803455, 0.03886242, 0.003809234),
            (-0.01789892, 0.0388628, 0.003763216), (-0.0163431, 0.03981466, -0.05633898), (-0.0163431, 0.03886699, 0.003707611), (-0.01478728, 0.03887117, 0.003702695),
            (-0.01852017, 0.03886103, 0.004094486), (-0.006490966, 0.04203916, 0.01056137), (-0.006493627, 0.04203916, 0.01678466), (-0.006514969, 0.04203916, -0.05322734),
            (-0.006497824, 0.04203916, -0.03611329), (-0.006474624, 0.04359499, -0.03611329), (-0.006502746, 0.04203916, 0.0198963), (-0.006728315, 0.04359499, 0.02923124),
            (-0.008154237, 0.03888708, 0.009700054), (-0.008099519, 0.03888696, 0.01056137), (-0.008095276, 0.03888503, 0.01678466), (-0.008096201, 0.03888641, 0.01235933),
            (-0.006622376, 0.04203916, -0.05633898), (-0.008563986, 0.04059951, -0.05756207), (-0.007739366, 0.04750051, -0.009664317), (-0.007251632, 0.04684223, -0.05316851),
            (-0.01478728, 0.04670663, -0.05913486), (-0.01323145, 0.04750185, -0.05870076), (-0.02004294, 0.04515081, -0.05633898), (-0.02008267, 0.03892752, 0.02767542),
            (-0.01944834, 0.04515081, 0.03078706), (-0.0194265, 0.03885029, 0.03078706), (-0.01064562, 0.04515081, -0.05876441), (-0.01167563, 0.04515081, -0.05913802),
            (-0.01323145, 0.04670663, -0.05910149), (-0.01478728, 0.04515081, -0.05952841), (-0.01323145, 0.04515081, -0.05947417), (-0.01179472, 0.04669233, -0.05886756),
            (-0.01173267, 0.03887048, 0.03218967), (-0.01011981, 0.04203916, 0.03218232), (-0.0163431, 0.04048334, 0.03218232), (-0.0163431, 0.03885812, 0.03218232),
            (-0.01485267, 0.03886212, 0.03218232), (-0.007511502, 0.04203916, 0.03170587), (-0.008563986, 0.04515081, 0.03201454), (-0.01011981, 0.04748827, 0.03157007),
            (-0.008280514, 0.04729673, 0.0311586), (-0.009544149, 0.03888506, 0.004235455), (-0.006493158, 0.04203916, -0.01277596), (-0.008128738, 0.03888778, 0.007692032),
            (-0.008205345, 0.03888085, 0.0292776), (-0.007740925, 0.04749838, -0.05261069), (-0.01478728, 0.0475053, -0.05870701), (-0.01942337, 0.04670663, -0.05633898),
            (-0.02006941, 0.04515081, -0.05478316), (-0.02006941, 0.04515081, 0.02456377), (-0.01039821, 0.03888288, 0.003867888), (-0.008121125, 0.03888398, 0.01993745),
            (-0.007740575, 0.04749838, -0.04942577), (-0.01943902, 0.04670663, -0.05478316), (-0.01943494, 0.04670663, 0.02767542), (-0.01943902, 0.04670663, 0.02456377),
            (-0.02008267, 0.03892752, 0.007449727)
        ]
            uniform token subdivisionScheme = "none"
        }

        def Mesh "gripper_left_col_1"
        {
            int[] faceVertexCounts = [
            3, 3, 3, 3, 3, 3, 3, 3, 3, 3, 3, 3, 3, 3, 3, 3, 3, 3, 3, 3, 3, 3, 3, 3,
            3, 3, 3, 3, 3, 3, 3, 3, 3, 3, 3, 3, 3, 3, 3, 3, 3, 3, 3, 3, 3, 3, 3, 3,
            3, 3, 3, 3, 3, 3, 3, 3, 3, 3, 3, 3, 3, 3, 3, 3, 3, 3, 3, 3, 3, 3, 3, 3,
            3, 3, 3, 3, 3, 3, 3, 3, 3, 3, 3, 3, 3, 3, 3, 3, 3, 3, 3, 3, 3, 3, 3, 3,
            3, 3, 3, 3, 3, 3, 3, 3, 3, 3, 3, 3, 3, 3, 3, 3, 3, 3, 3, 3, 3, 3, 3, 3,
            3, 3, 3, 3, 3, 3, 3, 3, 3, 3, 3, 3, 3, 3, 3, 3, 3, 3, 3, 3, 3, 3, 3, 3,
            3, 3, 3, 3, 3, 3, 3, 3, 3, 3, 3, 3, 3, 3, 3, 3, 3, 3, 3, 3, 3, 3, 3, 3,
            3, 3, 3, 3, 3, 3, 3, 3, 3, 3, 3
        ]
            int[] faceVertexIndices = [
            0, 1, 2, 3, 1, 0, 4, 5, 6, 0, 2, 7, 8, 9, 10, 11, 12, 13, 13, 14, 11, 15, 12, 11,
            16, 14, 13, 17, 18, 19, 19, 20, 17, 21, 22, 23, 24, 25, 26, 27, 25, 24, 26, 28, 29, 29, 24, 26,
            30, 20, 31, 31, 20, 19, 31, 19, 32, 33, 28, 34, 35, 36, 37, 15, 11, 38, 9, 8, 39, 10, 9, 39,
            14, 16, 40, 40, 16, 18, 40, 17, 33, 18, 17, 40, 41, 20, 30, 41, 17, 20, 33, 17, 41, 30, 29, 41,
            41, 28, 33, 41, 29, 28, 18, 42, 43, 19, 18, 43, 32, 19, 43, 44, 45, 3, 44, 46, 21, 21, 23, 44,
            47, 48, 49, 50, 23, 51, 50, 44, 23, 45, 44, 50, 4, 6, 52, 37, 36, 53, 14, 40, 53, 26, 25, 54,
            54, 25, 55, 56, 39, 8, 11, 39, 56, 56, 38, 11, 57, 43, 42, 58, 43, 57, 32, 43, 59, 59, 43, 58,
            60, 3, 0, 60, 44, 3, 46, 44, 60, 21, 46, 60, 0, 22, 60, 60, 22, 21, 61, 50, 51, 62, 63, 64,
            64, 65, 62, 64, 66, 67, 67, 65, 64, 68, 63, 69, 63, 62, 69, 69, 62, 65, 49, 70, 71, 71, 70, 72,
            37, 53, 73, 73, 53, 34, 73, 35, 37, 33, 34, 74, 34, 53, 74, 74, 40, 33, 74, 53, 40, 75, 54, 35,
            26, 54, 75, 75, 28, 26, 75, 34, 28, 75, 73, 34, 35, 73, 75, 76, 50, 77, 50, 61, 77, 50, 78, 79,
            45, 50, 79, 80, 59, 58, 81, 80, 58, 82, 80, 81, 81, 78, 50, 81, 50, 76, 76, 82, 81, 68, 69, 83,
            83, 72, 68, 83, 69, 65, 76, 77, 84, 84, 82, 76, 84, 77, 85, 59, 80, 86, 87, 81, 58, 78, 81, 87,
            88, 71, 72, 72, 83, 88, 89, 84, 66, 66, 82, 89, 82, 84, 89, 90, 66, 64, 90, 82, 66, 90, 80, 82,
            90, 86, 80, 6, 2, 1, 91, 10, 6, 6, 1, 91, 5, 2, 6, 18, 16, 42, 42, 16, 13, 91, 1, 45,
            1, 3, 45, 23, 22, 85, 23, 85, 51, 24, 48, 27, 49, 48, 24, 68, 72, 31, 31, 72, 30, 31, 63, 68,
            32, 63, 31, 47, 5, 4, 4, 27, 47, 47, 2, 5, 27, 48, 47, 30, 72, 70, 70, 29, 30, 49, 24, 70,
            24, 29, 70, 55, 25, 52, 52, 27, 4, 52, 25, 27, 54, 53, 36, 14, 53, 54, 36, 35, 54, 54, 6, 10,
            55, 52, 54, 54, 52, 6, 54, 39, 11, 10, 39, 54, 54, 11, 14, 56, 10, 91, 56, 45, 15, 91, 45, 56,
            56, 8, 10, 15, 38, 56, 7, 47, 71, 71, 47, 49, 51, 85, 77, 77, 61, 51, 7, 71, 84, 84, 22, 0,
            85, 22, 84, 0, 7, 84, 86, 63, 32, 32, 59, 86, 87, 42, 13, 87, 12, 15, 13, 12, 87, 45, 79, 87,
            15, 45, 87, 87, 57, 42, 58, 57, 87, 87, 79, 78, 88, 84, 71, 88, 83, 65, 88, 67, 66, 65, 67, 88,
            66, 84, 88, 63, 86, 90, 64, 63, 90
        ]
            point3f[] points = [
            (-0.008075492, 0.03888609, 0.01356357), (-0.008189257, 0.03873808, 0.01356347), (-0.02008267, 0.03885389, 0.01356664), (-0.004209882, 0.03703297, 0.01356095),
            (-0.02008267, 0.02492512, 0.01355443), (-0.02008267, 0.03103518, 0.01355979), (-0.02006963, 0.0233784, 0.01355308), (-0.02008267, 0.03885337, 0.01522884),
            (-0.00389652, 0.01550984, 0.01354201), (-0.004118952, 0.01553212, 0.01354209), (-0.00861962, 0.0165648, 0.01354416), (-0.01037184, 0.01367142, 0.02289431),
            (-0.0001793827, 0.01610965, 0.03078706), (-0.0002101768, 0.01624537, 0.03171872), (-0.01126773, 0.0138407, 0.02375918), (0.0003526704, 0.0155016, 0.01354091),
            (-0.0163431, 0.01624537, 0.03171872), (-0.01802917, 0.01702037, 0.03180458), (-0.0163431, 0.01714601, 0.03205285), (-0.008563986, 0.02959258, 0.03545654),
            (-0.01789892, 0.01870183, 0.03201024), (-0.008121124, 0.03888398, 0.01993745), (-0.008102968, 0.03888495, 0.01698208), (-0.008205345, 0.03888085, 0.0292776),
            (-0.02002051, 0.02492512, 0.02923124), (-0.02006267, 0.01870183, 0.02767542), (-0.01999314, 0.01870183, 0.02923124), (-0.02008267, 0.02492512, 0.02767542),
            (-0.01910215, 0.01702037, 0.03091985), (-0.01944246, 0.01870183, 0.03078706), (-0.01881907, 0.01870183, 0.03167611), (-0.0100892, 0.03114841, 0.03510446),
            (-0.008563986, 0.03114841, 0.03553231), (-0.01863462, 0.01641801, 0.03152699), (-0.01887527, 0.01627762, 0.03048977), (-0.01972092, 0.01714601, 0.02786281),
            (-0.0184733, 0.01615786, 0.02844548), (-0.01900713, 0.01623037, 0.02902817), (-0.002340698, 0.01550208, 0.01354161), (-0.00983049, 0.01395699, 0.02145047),
            (-0.0175974, 0.01628628, 0.03166747), (-0.01877166, 0.01745522, 0.03163906), (-0.0002382129, 0.01714601, 0.03205285), (-0.002340698, 0.02959258, 0.03549125),
            (-0.004209882, 0.03703297, 0.02767542), (2.684322e-06, 0.03302606, 0.01355635), (-0.008095276, 0.03888503, 0.01678466), (-0.02008267, 0.03884952, 0.02759742),
            (-0.02008267, 0.0388495, 0.02767541), (-0.02002051, 0.03884918, 0.02923124), (-0.004233549, 0.03701182, 0.0338987), (-0.008211508, 0.03888078, 0.02944618),
            (-0.02006267, 0.01870183, 0.0246508), (-0.01167563, 0.01395624, 0.0240616), (-0.01994128, 0.01775482, 0.02672841), (-0.02005272, 0.01826248, 0.02568024),
            (-0.002566511, 0.01550291, 0.01354167), (-0.0005864276, 0.02959258, 0.03536892), (-0.000619847, 0.03114841, 0.03544817), (-0.002340698, 0.03114841, 0.03553231),
            (-0.00807361, 0.03888606, 0.01367302), (-0.008326548, 0.03888006, 0.03076928), (-0.009810185, 0.03689379, 0.03496185), (-0.008563986, 0.03581587, 0.03553231),
            (-0.008563986, 0.03704378, 0.03510446), (-0.01789892, 0.03885402, 0.03195992), (-0.01167563, 0.03887063, 0.03219846), (-0.0163431, 0.03885812, 0.03218232),
            (-0.0100892, 0.03426005, 0.03510446), (-0.01006676, 0.03581587, 0.03510447), (-0.01944246, 0.02025765, 0.03078706), (-0.0194265, 0.03885029, 0.03078706),
            (-0.01881907, 0.02181347, 0.03167611), (-0.01900276, 0.0162322, 0.02923124), (-0.01802917, 0.01621043, 0.03091985), (-0.01966092, 0.01714601, 0.02923124),
            (-0.005452342, 0.03746989, 0.0338987), (-0.00836483, 0.03887991, 0.03092255), (-0.0006097759, 0.03298553, 0.0338987), (-0.0005636969, 0.03302689, 0.03234288),
            (-0.005452342, 0.03581587, 0.03551843), (-0.00438051, 0.03687247, 0.03494332), (-0.005452342, 0.0370278, 0.03509057), (-0.01878574, 0.03885174, 0.03165125),
            (-0.009031526, 0.03887786, 0.03177072), (-0.008205127, 0.03888137, 0.02762196), (-0.007008164, 0.03581587, 0.03553231), (-0.0006351423, 0.03243483, 0.03510446),
            (-0.01881698, 0.03885167, 0.03160912), (-0.01012506, 0.03887483, 0.03208642), (-0.007008164, 0.03704378, 0.03510447), (-0.0006683864, 0.03302606, 0.01355653)
        ]
            uniform token subdivisionScheme = "none"
        }

        def Mesh "gripper_left_col_2"
        {
            int[] faceVertexCounts = [
            3, 3, 3, 3, 3, 3, 3, 3, 3, 3, 3, 3, 3, 3, 3, 3, 3, 3, 3, 3, 3, 3, 3, 3,
            3, 3, 3, 3, 3, 3, 3, 3, 3, 3, 3, 3, 3, 3, 3, 3, 3, 3, 3, 3, 3, 3, 3, 3,
            3, 3, 3, 3, 3, 3, 3, 3, 3, 3, 3, 3, 3, 3, 3, 3, 3, 3, 3, 3, 3, 3, 3, 3,
            3, 3, 3, 3, 3, 3, 3, 3, 3, 3, 3, 3, 3, 3, 3, 3, 3, 3, 3, 3, 3, 3
        ]
            int[] faceVertexIndices = [
            0, 1, 2, 2, 3, 0, 4, 2, 1, 3, 2, 4, 0, 5, 6, 6, 5, 1, 7, 8, 9, 10, 4, 1,
            11, 4, 10, 1, 5, 10, 10, 5, 11, 12, 13, 11, 14, 8, 7, 14, 9, 3, 7, 9, 14, 3, 4, 15,
            15, 4, 11, 11, 13, 15, 8, 14, 16, 13, 12, 16, 17, 16, 14, 18, 5, 0, 19, 9, 8, 8, 20, 19,
            21, 14, 3, 21, 17, 14, 8, 5, 22, 23, 24, 25, 25, 24, 26, 26, 24, 27, 28, 29, 8, 30, 20, 8,
            31, 21, 13, 17, 21, 31, 13, 16, 31, 16, 17, 31, 3, 15, 32, 32, 21, 3, 32, 15, 13, 13, 21, 32,
            0, 33, 34, 34, 18, 0, 35, 22, 5, 27, 24, 36, 24, 28, 36, 37, 29, 38, 29, 28, 38, 38, 39, 37,
            24, 39, 40, 29, 30, 41, 8, 29, 41, 41, 30, 8, 42, 35, 5, 18, 34, 42, 43, 34, 26, 43, 26, 27,
            43, 42, 34, 35, 42, 43, 44, 45, 39, 44, 39, 24, 46, 36, 28, 46, 28, 8, 8, 22, 46, 27, 36, 46,
            46, 43, 27, 22, 35, 46, 35, 43, 46, 39, 38, 47, 47, 38, 28, 47, 40, 39, 47, 28, 24, 24, 40, 47,
            5, 18, 48, 48, 42, 5, 18, 42, 48, 11, 5, 16, 16, 5, 8, 16, 12, 11, 30, 19, 20, 9, 19, 30,
            34, 33, 25, 25, 26, 34, 3, 49, 23, 0, 3, 23, 25, 33, 23, 23, 33, 0, 45, 29, 37, 45, 49, 3,
            3, 9, 45, 37, 39, 45, 9, 30, 45, 45, 30, 29, 23, 45, 44, 24, 23, 44
        ]
            point3f[] points = [
            (-0.02006963, 0.0233784, 0.01355308), (-0.00861962, 0.0165648, 0.01354416), (-0.008963298, 0.01559019, 0.01354339), (-0.01081352, 0.005488756, 0.01353502),
            (-0.008988072, 0.007811074, 0.01353658), (-0.02006955, 0.0233693, 0.01357458), (-0.01783661, 0.02204959, 0.01355134), (-0.01323145, 0.005000631, 0.01353522),
            (-0.01900713, 0.01623037, 0.02902817), (-0.01478728, 0.005191272, 0.01353578), (-0.00983049, 0.01395699, 0.02145047), (-0.01037184, 0.01367143, 0.02289431),
            (-0.01126773, 0.0138407, 0.02375918), (-0.01059212, 0.01299366, 0.02255347), (-0.01167563, 0.005011067, 0.01353482), (-0.009667214, 0.006329704, 0.01353546),
            (-0.01167563, 0.01395624, 0.0240616), (-0.01078652, 0.01007647, 0.0192025), (-0.02006267, 0.01870183, 0.0246508), (-0.01536763, 0.005469106, 0.01353618),
            (-0.01624227, 0.00597898, 0.01353685), (-0.01017768, 0.005774998, 0.01353511), (-0.01974973, 0.01724206, 0.02767542), (-0.01958319, 0.01403436, 0.01354477),
            (-0.01958319, 0.01403436, 0.0198963), (-0.01994569, 0.01559019, 0.01354622), (-0.01994569, 0.01559019, 0.02145213), (-0.01985728, 0.01559019, 0.02300795),
            (-0.01873136, 0.01161767, 0.01927077), (-0.01715576, 0.006941347, 0.01353793), (-0.01638667, 0.006119263, 0.01353701), (-0.01066885, 0.01153506, 0.02087799),
            (-0.009906383, 0.006055331, 0.01353528), (-0.02006267, 0.01714601, 0.01354762), (-0.02006267, 0.01714601, 0.02300795), (-0.01994128, 0.01775482, 0.02672841),
            (-0.01944392, 0.01403436, 0.02145213), (-0.01748583, 0.007716021, 0.01353869), (-0.01737126, 0.00739471, 0.01353838), (-0.01806815, 0.009234052, 0.01354017),
            (-0.0190906, 0.01247854, 0.01834048), (-0.0170381, 0.007113942, 0.01426836), (-0.02005272, 0.01826248, 0.02568024), (-0.02002742, 0.01714601, 0.02456377),
            (-0.01876173, 0.01143162, 0.01522884), (-0.01876173, 0.01143162, 0.01354228), (-0.01972092, 0.01714601, 0.02786281), (-0.01876018, 0.01150941, 0.01834048),
            (-0.02006267, 0.01873847, 0.02456377), (-0.01954268, 0.01390599, 0.01354464)
        ]
            uniform token subdivisionScheme = "none"
        }

        def Mesh "gripper_left_col_3"
        {
            int[] faceVertexCounts = [
            3, 3, 3, 3, 3, 3, 3, 3, 3, 3, 3, 3, 3, 3, 3, 3, 3, 3, 3, 3, 3, 3, 3, 3,
            3, 3, 3, 3, 3, 3, 3, 3, 3, 3, 3, 3, 3, 3, 3, 3, 3, 3, 3, 3, 3, 3, 3, 3,
            3, 3, 3, 3, 3, 3, 3, 3, 3, 3, 3, 3, 3, 3, 3, 3, 3, 3, 3, 3, 3, 3, 3, 3,
            3, 3, 3, 3, 3, 3, 3, 3, 3, 3, 3, 3, 3, 3, 3, 3, 3, 3, 3, 3, 3, 3, 3, 3,
            3, 3, 3, 3, 3, 3, 3, 3, 3, 3, 3, 3, 3, 3
        ]
            int[] faceVertexIndices = [
            0, 1, 2, 3, 4, 5, 6, 7, 8, 6, 9, 10, 8, 9, 6, 11, 9, 8, 12, 13, 14, 12, 11, 13,
            9, 11, 12, 15, 2, 1, 16, 17, 1, 18, 19, 1, 1, 17, 18, 1, 19, 20, 20, 15, 1, 19, 15, 20,
            21, 16, 1, 14, 16, 21, 17, 16, 22, 0, 2, 23, 23, 1, 0, 23, 24, 1, 1, 24, 25, 24, 26, 25,
            27, 3, 5, 5, 28, 27, 29, 30, 31, 29, 32, 4, 4, 3, 29, 33, 34, 10, 4, 32, 33, 33, 32, 34,
            35, 18, 17, 17, 22, 35, 19, 18, 35, 36, 22, 16, 14, 13, 36, 36, 16, 14, 26, 23, 37, 38, 26, 24,
            24, 23, 38, 38, 23, 26, 39, 25, 40, 40, 25, 41, 42, 27, 28, 43, 27, 42, 28, 39, 42, 42, 39, 40,
            40, 41, 42, 42, 41, 43, 44, 27, 43, 3, 27, 44, 44, 29, 3, 13, 11, 45, 45, 36, 13, 45, 11, 8,
            7, 23, 45, 8, 7, 45, 46, 35, 22, 22, 36, 46, 36, 45, 46, 46, 45, 23, 1, 25, 47, 25, 39, 47,
            48, 25, 26, 48, 41, 25, 49, 39, 28, 49, 47, 39, 50, 48, 26, 41, 48, 51, 51, 50, 41, 48, 50, 51,
            41, 50, 52, 26, 37, 53, 53, 50, 26, 7, 6, 34, 34, 6, 10, 1, 10, 21, 21, 12, 14, 10, 9, 21,
            9, 12, 21, 54, 23, 30, 30, 55, 54, 30, 23, 7, 30, 34, 31, 7, 34, 30, 44, 43, 54, 54, 55, 44,
            30, 29, 44, 55, 30, 44, 46, 23, 2, 19, 35, 46, 2, 15, 46, 46, 15, 19, 54, 43, 56, 43, 41, 56,
            49, 10, 1, 5, 4, 49, 49, 33, 10, 49, 28, 5, 4, 33, 49, 1, 47, 49, 52, 56, 41, 52, 57, 56,
            57, 52, 53, 53, 52, 50, 53, 23, 54, 53, 37, 23, 54, 56, 53, 56, 57, 53
        ]
            point3f[] points = [
            (0.01477335, 0.005178808, 0.01352815), (0.01893998, 0.01625139, 0.02976843), (0.01358432, 0.005012089, 0.01352831), (0.02006267, 0.01870183, 0.02767542),
            (0.02006267, 0.01910252, 0.02767542), (0.02004163, 0.01870183, 0.02814621), (0.007290512, 0.01717572, 0.01357043), (0.02006874, 0.03047554, 0.01354895),
            (0.007249852, 0.01715747, 0.01354058), (0.00981143, 0.01371288, 0.02113065), (0.008817203, 0.01591984, 0.01710347), (0.00900573, 0.007811074, 0.01353194),
            (0.0102988, 0.01328259, 0.02229501), (0.009211875, 0.007080951, 0.01353125), (0.01051181, 0.01320893, 0.02266173), (0.01321752, 0.004995192, 0.01352839),
            (0.01058121, 0.01299366, 0.02255347), (0.01065749, 0.01153506, 0.02087799), (0.01077396, 0.01007647, 0.0192025), (0.0116617, 0.005004956, 0.0135288),
            (0.01202504, 0.005000932, 0.0135287), (0.0116617, 0.01361538, 0.02364208), (0.01000844, 0.005869305, 0.01352998), (0.01621646, 0.005945738, 0.01352845),
            (0.01702872, 0.007108289, 0.01428235), (0.01872191, 0.01161127, 0.01928192), (0.01735352, 0.007355977, 0.01352939), (0.02002858, 0.01714601, 0.02456377),
            (0.01973896, 0.01751416, 0.02923124), (0.02006874, 0.02492512, 0.02044697), (0.02006874, 0.02492512, 0.01354408), (0.02006874, 0.02719315, 0.01762827),
            (0.02006874, 0.0253682, 0.0198963), (0.02006242, 0.0233693, 0.02237237), (0.02006874, 0.03042635, 0.01361008), (0.01091743, 0.005292021, 0.01352924),
            (0.009737605, 0.006174448, 0.01353032), (0.01748248, 0.007714141, 0.01352967), (0.01671454, 0.006505783, 0.01352881), (0.01966017, 0.01714601, 0.02923124),
            (0.0194437, 0.01403436, 0.02145213), (0.0195832, 0.01403436, 0.0198963), (0.01985763, 0.01559019, 0.02300795), (0.01994569, 0.01559019, 0.02145213),
            (0.02006267, 0.01714601, 0.02300795), (0.009669017, 0.006331757, 0.01353048), (0.01016543, 0.005778676, 0.01352986), (0.01942807, 0.01689261, 0.02960207),
            (0.01875309, 0.01149427, 0.01834048), (0.01957118, 0.01712455, 0.0294987), (0.01811008, 0.009366897, 0.01367302), (0.01909048, 0.01247854, 0.01834048),
            (0.01875477, 0.01140956, 0.01522884), (0.01811008, 0.009366897, 0.01353096), (0.01994569, 0.01559019, 0.01353594), (0.02006267, 0.01714601, 0.01353727),
            (0.0195832, 0.01403436, 0.01353467), (0.01875477, 0.01140956, 0.01353258)
        ]
            uniform token subdivisionScheme = "none"
        }

        def Mesh "gripper_left_col_4"
        {
            int[] faceVertexCounts = [
            3, 3, 3, 3, 3, 3, 3, 3, 3, 3, 3, 3, 3, 3, 3, 3, 3, 3, 3, 3, 3, 3, 3, 3,
            3, 3, 3, 3, 3, 3, 3, 3, 3, 3, 3, 3, 3, 3, 3, 3, 3, 3, 3, 3, 3, 3, 3, 3,
            3, 3, 3, 3, 3, 3, 3, 3, 3, 3, 3, 3, 3, 3, 3, 3, 3, 3, 3, 3, 3, 3, 3, 3,
            3, 3, 3, 3, 3, 3, 3, 3, 3, 3, 3, 3, 3, 3, 3, 3, 3, 3, 3, 3, 3, 3, 3, 3,
            3, 3, 3, 3, 3, 3, 3, 3, 3, 3, 3, 3, 3, 3, 3, 3, 3, 3, 3, 3, 3, 3, 3, 3,
            3, 3, 3, 3, 3, 3, 3, 3, 3, 3, 3, 3, 3, 3, 3, 3, 3, 3, 3, 3, 3, 3, 3, 3,
            3, 3, 3, 3, 3, 3, 3, 3, 3, 3, 3, 3, 3, 3, 3, 3, 3, 3, 3, 3, 3, 3, 3, 3,
            3, 3, 3, 3, 3, 3, 3, 3, 3, 3, 3, 3, 3, 3, 3, 3, 3, 3, 3, 3, 3, 3, 3, 3,
            3, 3, 3, 3, 3, 3, 3, 3, 3, 3, 3, 3, 3, 3, 3, 3, 3, 3, 3, 3, 3, 3, 3, 3,
            3, 3, 3, 3, 3, 3, 3, 3, 3, 3, 3, 3, 3, 3, 3, 3, 3, 3, 3, 3, 3, 3, 3, 3,
            3, 3, 3, 3, 3, 3, 3, 3, 3, 3, 3, 3, 3, 3, 3, 3, 3, 3, 3, 3, 3, 3, 3, 3,
            3, 3, 3, 3, 3, 3, 3, 3, 3, 3, 3, 3, 3, 3, 3, 3, 3, 3, 3, 3, 3, 3, 3, 3,
            3, 3, 3, 3, 3, 3, 3, 3, 3, 3, 3, 3, 3, 3, 3, 3, 3, 3, 3, 3, 3, 3, 3, 3,
            3, 3, 3, 3, 3, 3, 3, 3, 3, 3, 3, 3, 3, 3, 3, 3, 3, 3, 3, 3, 3, 3, 3, 3,
            3, 3, 3, 3, 3, 3, 3, 3, 3, 3, 3, 3, 3, 3, 3, 3, 3, 3, 3, 3, 3, 3, 3, 3,
            3, 3, 3, 3, 3, 3, 3, 3, 3, 3, 3, 3, 3, 3, 3, 3, 3, 3, 3, 3, 3, 3, 3, 3,
            3, 3, 3, 3, 3, 3, 3, 3, 3, 3, 3, 3, 3, 3, 3, 3, 3, 3, 3, 3, 3, 3, 3, 3,
            3, 3, 3, 3, 3, 3, 3, 3, 3, 3, 3, 3, 3, 3, 3, 3, 3, 3, 3, 3, 3, 3, 3, 3,
            3, 3, 3, 3, 3, 3, 3, 3, 3, 3, 3, 3, 3, 3, 3, 3, 3, 3, 3, 3, 3, 3, 3, 3,
            3, 3, 3, 3, 3, 3, 3, 3, 3, 3, 3, 3, 3, 3, 3, 3, 3, 3, 3, 3, 3, 3, 3, 3,
            3, 3, 3, 3, 3, 3, 3, 3, 3, 3, 3, 3, 3, 3, 3, 3, 3, 3, 3, 3, 3, 3, 3, 3,
            3, 3, 3, 3, 3, 3, 3, 3, 3, 3, 3
        ]
            int[] faceVertexIndices = [
            0, 1, 2, 3, 4, 2, 5, 6, 7, 7, 8, 5, 9, 10, 11, 2, 1, 12, 12, 3, 2, 13, 6, 5,
            5, 0, 13, 14, 15, 13, 9, 6, 13, 13, 15, 9, 16, 0, 5, 1, 0, 16, 16, 17, 1, 5, 17, 16,
            18, 11, 19, 19, 11, 10, 4, 20, 21, 2, 4, 21, 21, 0, 2, 22, 3, 23, 4, 3, 24, 3, 22, 24,
            25, 26, 27, 28, 29, 26, 30, 31, 32, 9, 7, 33, 33, 6, 9, 33, 7, 6, 8, 34, 35, 34, 36, 35,
            5, 8, 37, 37, 17, 5, 23, 3, 38, 39, 19, 10, 14, 20, 39, 39, 20, 4, 4, 19, 39, 39, 10, 9,
            0, 21, 40, 4, 24, 41, 41, 42, 4, 18, 19, 43, 44, 36, 45, 45, 46, 44, 44, 46, 47, 44, 35, 36,
            48, 36, 34, 8, 49, 48, 48, 34, 8, 45, 36, 50, 46, 51, 52, 47, 46, 52, 52, 44, 47, 35, 44, 52,
            53, 28, 54, 26, 25, 54, 54, 28, 26, 26, 29, 55, 56, 28, 53, 57, 58, 59, 60, 61, 62, 31, 30, 62,
            63, 64, 65, 66, 64, 63, 32, 31, 67, 31, 65, 67, 68, 69, 70, 9, 71, 72, 72, 71, 73, 8, 35, 74,
            74, 35, 75, 3, 12, 76, 76, 38, 3, 9, 15, 77, 77, 39, 9, 77, 15, 14, 14, 39, 77, 78, 21, 20,
            78, 40, 21, 0, 40, 78, 14, 13, 78, 78, 13, 0, 79, 80, 81, 82, 80, 79, 24, 80, 82, 79, 41, 82,
            82, 41, 24, 83, 24, 22, 83, 80, 24, 83, 22, 23, 84, 85, 86, 87, 41, 79, 88, 68, 89, 90, 87, 79,
            91, 90, 79, 79, 81, 91, 92, 50, 36, 36, 48, 92, 29, 93, 94, 95, 96, 97, 98, 99, 100, 101, 99, 98,
            100, 99, 102, 102, 99, 103, 102, 59, 100, 103, 99, 104, 105, 52, 106, 106, 52, 51, 107, 52, 105, 75, 35, 107,
            35, 52, 107, 53, 54, 108, 109, 93, 29, 29, 28, 109, 28, 56, 109, 110, 61, 60, 110, 111, 61, 57, 59, 112,
            113, 114, 115, 113, 116, 114, 117, 114, 118, 114, 116, 118, 118, 119, 97, 116, 119, 118, 115, 114, 120, 114, 121, 120,
            60, 62, 122, 31, 62, 123, 63, 65, 123, 123, 65, 31, 124, 66, 63, 124, 91, 125, 125, 126, 124, 86, 64, 127,
            64, 66, 127, 127, 126, 86, 66, 124, 127, 127, 124, 126, 128, 65, 64, 128, 67, 65, 128, 64, 86, 86, 85, 128,
            89, 68, 129, 129, 70, 89, 68, 70, 129, 130, 70, 69, 130, 103, 131, 130, 69, 103, 131, 132, 130, 132, 133, 130,
            133, 70, 130, 9, 11, 134, 134, 71, 9, 11, 71, 134, 135, 11, 18, 135, 71, 11, 136, 72, 73, 137, 20, 14,
            14, 78, 137, 137, 78, 20, 138, 84, 86, 80, 84, 138, 139, 81, 80, 80, 138, 139, 139, 126, 125, 86, 126, 139,
            139, 138, 86, 125, 91, 139, 139, 91, 81, 140, 83, 23, 80, 83, 140, 141, 142, 143, 144, 145, 143, 144, 143, 146,
            146, 143, 142, 42, 41, 147, 41, 87, 147, 68, 88, 148, 90, 91, 149, 150, 94, 93, 93, 151, 150, 152, 55, 29,
            29, 94, 152, 26, 55, 152, 152, 153, 27, 94, 150, 152, 154, 114, 117, 154, 121, 114, 155, 95, 101, 96, 95, 155,
            156, 95, 97, 156, 99, 101, 101, 95, 156, 157, 119, 116, 158, 104, 159, 160, 161, 162, 161, 163, 162, 162, 163, 104,
            164, 162, 104, 158, 119, 165, 165, 104, 158, 166, 99, 97, 97, 167, 166, 158, 159, 168, 111, 112, 169, 61, 111, 169,
            169, 102, 61, 59, 102, 169, 169, 112, 59, 170, 116, 171, 116, 113, 171, 171, 172, 170, 173, 133, 132, 174, 133, 173,
            175, 62, 30, 175, 122, 62, 63, 123, 176, 32, 67, 177, 67, 178, 177, 85, 178, 179, 179, 178, 67, 179, 128, 85,
            67, 128, 179, 18, 141, 180, 180, 135, 18, 141, 143, 180, 180, 143, 145, 71, 135, 180, 174, 136, 181, 181, 182, 70,
            181, 133, 174, 181, 70, 133, 70, 182, 183, 89, 70, 183, 183, 145, 89, 184, 84, 80, 80, 140, 184, 185, 147, 87,
            87, 90, 185, 18, 43, 186, 186, 141, 18, 186, 142, 141, 68, 148, 187, 63, 176, 187, 187, 69, 68, 187, 176, 69,
            188, 149, 91, 188, 189, 190, 188, 191, 149, 27, 26, 192, 192, 152, 27, 26, 152, 192, 153, 152, 193, 193, 152, 150,
            97, 99, 194, 194, 156, 97, 99, 156, 194, 195, 161, 160, 160, 119, 195, 119, 157, 195, 195, 157, 116, 196, 104, 99,
            196, 159, 104, 167, 159, 196, 99, 166, 196, 196, 166, 167, 197, 163, 131, 104, 163, 197, 131, 103, 197, 103, 104, 197,
            198, 132, 131, 131, 163, 198, 199, 116, 170, 119, 164, 200, 200, 164, 104, 200, 165, 119, 104, 165, 200, 160, 162, 201,
            162, 164, 201, 201, 119, 160, 201, 164, 119, 202, 119, 158, 158, 168, 202, 97, 119, 202, 202, 168, 97, 203, 159, 167,
            203, 168, 159, 203, 167, 97, 97, 168, 203, 132, 204, 205, 206, 113, 115, 115, 205, 206, 206, 205, 204, 207, 204, 132,
            208, 173, 132, 115, 120, 208, 209, 136, 174, 174, 173, 209, 210, 123, 62, 210, 176, 123, 210, 62, 61, 61, 102, 210,
            210, 102, 103, 103, 69, 210, 69, 176, 210, 71, 180, 211, 211, 180, 145, 212, 88, 89, 89, 145, 212, 212, 145, 144,
            213, 187, 148, 213, 188, 91, 148, 188, 213, 213, 124, 63, 91, 124, 213, 144, 146, 214, 214, 212, 144, 149, 191, 215,
            90, 149, 215, 215, 185, 90, 216, 217, 190, 190, 189, 216, 216, 212, 217, 216, 148, 88, 216, 189, 148, 148, 189, 218,
            218, 188, 148, 189, 188, 218, 219, 188, 190, 191, 188, 219, 190, 217, 219, 97, 96, 220, 220, 118, 97, 117, 118, 220,
            221, 195, 116, 116, 199, 221, 170, 172, 222, 222, 199, 170, 223, 205, 115, 132, 205, 223, 115, 208, 223, 223, 208, 132,
            172, 171, 224, 224, 171, 113, 113, 206, 225, 225, 206, 204, 204, 207, 225, 173, 208, 226, 227, 183, 182, 227, 228, 183,
            136, 228, 227, 182, 181, 227, 227, 181, 136, 145, 183, 229, 183, 228, 229, 63, 187, 230, 230, 213, 63, 187, 213, 230,
            88, 212, 231, 231, 216, 88, 212, 216, 231, 232, 219, 217, 217, 212, 232, 212, 214, 232, 233, 221, 163, 195, 221, 233,
            233, 163, 161, 161, 195, 233, 234, 198, 163, 199, 222, 234, 163, 221, 234, 234, 221, 199, 113, 225, 235, 235, 225, 207,
            235, 224, 113, 236, 208, 120, 236, 226, 208, 237, 226, 236, 238, 211, 145, 145, 229, 238, 238, 229, 228, 71, 211, 238,
            73, 71, 238, 238, 136, 73, 238, 228, 136, 198, 234, 239, 239, 234, 222, 239, 222, 172, 172, 224, 239, 132, 198, 239,
            239, 207, 132, 239, 235, 207, 224, 235, 239, 240, 226, 237, 241, 242, 72, 72, 136, 241, 241, 240, 242, 136, 209, 241,
            241, 209, 173, 173, 226, 241, 226, 240, 241, 7, 243, 244, 244, 245, 7, 246, 7, 9, 247, 7, 246, 49, 7, 248,
            8, 7, 49, 27, 51, 25, 25, 51, 46, 249, 7, 247, 247, 250, 249, 4, 42, 43, 43, 19, 4, 251, 51, 27,
            27, 153, 251, 54, 25, 46, 54, 46, 45, 56, 245, 244, 53, 245, 56, 252, 248, 253, 248, 7, 253, 253, 7, 245,
            253, 254, 252, 252, 254, 92, 254, 50, 92, 92, 248, 252, 92, 49, 248, 92, 48, 49, 243, 7, 255, 7, 249, 255,
            255, 249, 256, 257, 249, 250, 256, 249, 257, 257, 258, 93, 93, 255, 257, 108, 54, 45, 45, 50, 108, 108, 245, 53,
            108, 253, 245, 108, 50, 254, 254, 253, 108, 244, 243, 109, 109, 56, 244, 243, 255, 109, 109, 255, 93, 120, 121, 247,
            247, 246, 120, 154, 150, 151, 117, 150, 154, 154, 257, 250, 258, 257, 154, 93, 258, 154, 154, 151, 93, 154, 250, 247,
            247, 121, 154, 153, 96, 155, 100, 59, 155, 58, 251, 155, 155, 251, 153, 155, 98, 100, 155, 59, 58, 101, 98, 155,
            186, 43, 42, 42, 147, 186, 186, 185, 142, 147, 185, 186, 259, 76, 12, 259, 12, 1, 259, 37, 8, 17, 37, 259,
            1, 17, 259, 259, 251, 58, 51, 251, 259, 259, 58, 57, 57, 112, 259, 259, 112, 111, 111, 110, 259, 259, 110, 60,
            122, 175, 259, 60, 122, 259, 259, 178, 85, 259, 177, 178, 32, 177, 259, 259, 175, 30, 259, 30, 32, 85, 84, 259,
            259, 184, 140, 84, 184, 259, 259, 140, 23, 23, 38, 259, 38, 76, 259, 259, 74, 75, 8, 74, 259, 259, 107, 105,
            75, 107, 259, 259, 106, 51, 105, 106, 259, 142, 185, 215, 215, 146, 142, 215, 214, 146, 191, 214, 215, 220, 96, 153,
            153, 193, 220, 220, 150, 117, 220, 193, 150, 232, 214, 191, 191, 219, 232, 242, 246, 9, 9, 72, 242, 236, 120, 246,
            246, 242, 236, 240, 236, 242, 237, 236, 240
        ]
            point3f[] points = [
            (-0.002760566, -0.02174955, 0.01350908), (-0.004397135, -0.01397044, 0.01350513), (-0.00389652, -0.02174955, 0.01334371), (-0.00389652, -0.02952866, 0.01237966),
            (-0.002340698, -0.03108448, 0.01252574), (-0.00389652, -0.01505311, 0.01351524), (0.0007709465, -0.02372924, 0.01350644), (0.002326769, -0.008456898, 0.01351942),
            (-0.0006059421, 0.03302606, 0.01355651), (0.01735352, 0.007355977, 0.01352939), (0.003419861, -0.02752233, 0.01307156), (0.003882591, -0.03108448, 0.01211607),
            (-0.004907938, -0.02174955, 0.01298771), (0.0006099643, -0.02502217, 0.01350535), (0.0007709469, -0.0255914, 0.01350481), (0.001144206, -0.02486119, 0.01350535),
            (-0.003938177, -0.01552666, 0.01351484), (-0.0040621, -0.00978828, 0.0135199), (0.002326769, -0.0326403, 0.01214487), (0.002326769, -0.03108448, 0.01252574),
            (0.0007709466, -0.02641701, 0.01344284), (-0.002340698, -0.02330537, 0.01344284), (-0.005099959, -0.02952866, 0.01175065), (-0.005218991, -0.02905677, 0.01176594),
            (-0.00389652, -0.03108448, 0.01210736), (0.01788499, 0.0370414, 0.004693454), (0.01910332, 0.03689219, 0.0048343), (0.01788499, 0.02181348, -0.0008403164),
            (0.01932826, 0.03705066, 0.005893905), (0.02001003, 0.03581587, 0.005893905), (-0.003241283, -0.03735516, 0.0002164937), (-0.003123537, -0.03810129, 0.0004352146),
            (-0.003450703, -0.0370803, 0.001226439), (0.003882591, -0.009974664, 0.01351768), (0.004219616, 0.03701182, 0.007449727), (0.004359826, 0.0368776, 0.005893905),
            (0.005438413, 0.03747796, 0.007449727), (-0.003958675, -0.008507067, 0.01352099), (-0.005109897, -0.02641701, 0.01222158), (0.002326769, -0.02641701, 0.01349936),
            (-0.002340698, -0.02250562, 0.01350831), (-0.002340698, -0.0326403, 0.01214347), (-0.0007848753, -0.0326403, 0.01215534), (0.0007709468, -0.0326403, 0.01215534),
            (0.005438413, 0.03718975, 0.005893905), (0.0116617, 0.03750753, 0.005893905), (0.0116617, 0.0370414, 0.004693454), (0.005438413, 0.03674767, 0.005020547),
            (0.004195947, 0.03703296, 0.01211719), (0.004195948, 0.03703297, 0.01355878), (0.006994235, 0.03752606, 0.007449727), (0.001789082, 0.02181347, -0.0008403165),
            (0.004553524, 0.03669352, 0.005053758), (0.01788499, 0.03752605, 0.007449727), (0.01788499, 0.03750754, 0.005893905), (0.01932352, 0.03581587, 0.004693454),
            (0.01933301, 0.03705992, 0.007449727), (-0.002477346, -0.03094783, -0.0008535763), (-0.002360422, -0.02950893, -0.0008557029), (-0.002340698, -0.0326403, -0.0008557031),
            (-0.002972441, -0.03575195, -0.0003899643), (-0.002340698, -0.03575195, -0.0007470861), (-0.001948701, -0.04041941, -8.53992e-05), (-0.001717484, -0.0413831, 0.0007913488),
            (-0.003123537, -0.03809648, 0.003602643), (-0.002867723, -0.03888701, 0.001226438), (-0.003031822, -0.03795768, 0.004639857), (-0.003126001, -0.0381091, 0.001226439),
            (0.0007895216, -0.0416653, 0.001280972), (0.0007709469, -0.04170573, -9.634028e-05), (0.001707465, -0.04138715, 0.0007987216), (0.004688216, -0.03191683, 0.01137116),
            (0.01811008, 0.009366897, 0.01353096), (0.004790549, -0.03224941, 0.01056137), (0.0007951421, 0.03303111, 0.007450169), (0.0008047419, 0.03302944, 0.007407731),
            (-0.004910528, -0.02180735, 0.01297861), (0.0029033, -0.02174955, 0.01350762), (-0.001551995, -0.02330537, 0.01350741), (-0.003331024, -0.03363215, 0.01149586),
            (-0.004695725, -0.03190456, 0.0113638), (-0.003618297, -0.0341689, 0.0104983), (-0.003868387, -0.03251002, 0.01167092), (-0.004837723, -0.03108448, 0.01151413),
            (-0.005119676, -0.03124396, 0.01056137), (-0.004870918, -0.03258005, 0.009005549), (-0.004638334, -0.03331061, 0.009005549), (-0.002340698, -0.0337637, 0.01158602),
            (0.0002832971, -0.04129941, 0.002140255), (0.001712546, -0.03977882, 0.003779149), (-0.002340698, -0.03454161, 0.01088025), (-0.003245887, -0.03508463, 0.009937642),
            (0.005438412, 0.0374991, 0.01211719), (0.02006874, 0.03426005, 0.007449727), (0.02004409, 0.02181348, 0.001226439), (0.01477335, 0.006255253, -0.0008542669),
            (0.01788499, 0.01714601, -0.0008557033), (0.01788499, 0.01559019, -0.0008468226), (0.000770947, -0.03730777, -0.0008557032), (0.0007709468, -0.03886359, -0.0008429993),
            (-0.0007848752, -0.03730777, -0.000855703), (0.003882591, -0.02797283, -0.000855703), (-0.0007848753, -0.03886359, -0.0008422149), (0.0007709468, -0.04041941, -0.0007357518),
            (0.002326769, -0.03575194, -0.0007517273), (0.001292621, 0.03227532, 0.005014751), (0.001748357, 0.02315872, -0.0001882017), (0.001132131, 0.03278411, 0.005893905),
            (0.008550057, 0.03752606, 0.007449727), (0.02003593, 0.03581587, 0.007449727), (-0.002891712, -0.03513859, -0.0005255269), (-0.002748704, -0.03384905, -0.0006940611),
            (-0.002598261, -0.03238274, -0.0008326439), (0.01887753, 0.01247854, 6.499427e-05), (0.01994314, 0.01559019, 0.001226439), (0.01872415, 0.01150658, 0.0003017754),
            (0.01912305, 0.01403436, -0.0001421191), (0.02005757, 0.01714601, 0.001226438), (0.01930175, 0.01559019, -0.0001947076), (0.01788499, 0.01403436, -0.0007942344),
            (0.0195832, 0.01403436, 0.001226439), (0.01994569, 0.01559019, 0.002782261), (-0.003057002, -0.0363417, -0.0002293633), (-0.001717484, -0.0413831, 0.0001533856),
            (-0.003249597, -0.0366913, 0.006967638), (-0.003451155, -0.03535475, 0.009005549), (-0.00419297, -0.03419612, 0.009005549), (-0.003343306, -0.0369439, 0.005893905),
            (-0.003126001, -0.03810549, 0.002782261), (0.001320512, -0.04110542, 0.001835936), (0.001707465, -0.04138715, 0.0001494582), (0.001941188, -0.04041941, -8.912761e-05),
            (0.003114251, -0.038116, 0.000422918), (0.002860668, -0.03890908, 0.001226439), (0.004832096, -0.03108448, 0.01152284), (0.003856858, -0.03251738, 0.01167646),
            (0.004631794, -0.03333268, 0.009005549), (-0.0007848758, -0.02408323, 0.01350653), (-0.004796181, -0.03222917, 0.01056137), (-0.00442567, -0.03300708, 0.01056137),
            (-0.005204491, -0.02952866, 0.01153625), (0.002326769, -0.0337659, 0.01158743), (0.000770947, -0.03456619, 0.01096786), (0.002326769, -0.03454381, 0.01088367),
            (0.002326769, -0.03523127, 0.01010576), (0.00323668, -0.0350883, 0.009942208), (0.0007709466, -0.0353171, 0.01018994), (-0.0007848756, -0.03378828, 0.0115979),
            (-0.0002917378, -0.04129941, 0.002140255), (-0.002340698, -0.03522852, 0.01010234), (0.02005757, 0.02025765, 0.001226439), (0.02006267, 0.02025765, 0.002782261),
            (0.01935222, 0.02181348, -0.0001958945), (0.01788499, 0.02025765, -0.0008557033), (0.02006267, 0.01714601, 0.002782261), (0.01321752, 0.001587786, -0.0008557031),
            (0.006994235, -0.0186379, -0.0008509804), (0.01788499, 0.01247854, -0.000587121), (0.006994235, -0.02019372, -0.0008117372), (0.003882591, -0.02952866, -0.0008325068),
            (0.01477335, 0.003143608, -0.000683767), (0.006994235, -0.02174955, -0.0006427951), (0.003882591, -0.03108448, -0.0007219648), (0.003487316, -0.03575195, -9.961205e-05),
            (0.0116617, -0.006191325, -0.0007500135), (0.008550057, -0.01552626, -0.0007953908), (0.01010588, -0.009302969, -0.0008427085), (0.0116617, -0.004635503, -0.0008377638),
            (0.01477335, 0.00469943, -0.0008238395), (-0.002340698, -0.03419612, -0.0008372035), (0.01584859, 0.003143608, -3.165209e-05), (0.01736306, 0.007811075, 1.233058e-05),
            (0.008030724, -0.02174955, 9.320288e-06), (0.003119036, -0.03813117, 0.001226438), (0.003119037, -0.03812408, 0.002782261), (-0.003235092, -0.0373305, 0.0001982015),
            (-0.0007848754, -0.04170269, -9.339524e-05), (-0.003734751, -0.03618032, 0.002782261), (-0.00422306, -0.03463314, 0.005456883), (-0.003378913, -0.03730777, 0.002782261),
            (0.003321095, -0.03363509, 0.01149773), (0.003114252, -0.03810655, 0.003640716), (0.00302285, -0.03796586, 0.004677929), (0.003239421, -0.03669532, 0.006975011),
            (-0.005132572, -0.03108448, 0.01067386), (-0.0007848757, -0.03456619, 0.01096786), (0.0007709465, -0.03378828, 0.0115979), (-0.0008001571, -0.04166287, 0.001276549),
            (-0.001813812, -0.03662952, 0.008360318), (-0.0007848756, -0.03861039, 0.005832582), (-0.0007848754, -0.03804161, 0.006610493), (-0.0007848756, -0.03609501, 0.009204569),
            (0.01911881, 0.02296961, 2.404132e-05), (0.01935768, 0.02025765, -0.0002035877), (0.008550057, -0.01397044, -0.0008470833), (0.01632917, 0.007811075, -0.0006397845),
            (0.002326769, -0.03419612, -0.0008380932), (0.002326769, -0.03730777, -0.000462486), (0.003241796, -0.03730777, 0.0001896291), (0.01433412, -0.001523858, -6.779813e-05),
            (0.01010588, -0.01085879, -0.0007749934), (0.01321752, -0.001523858, -0.0007199133), (0.01632917, 0.009366897, -0.0008090615), (0.01321752, 3.196404e-05, -0.0008321299),
            (0.007862692, -0.02281434, 0.0002453378), (0.009390945, -0.01805953, 0.0002982001), (0.01719589, 0.006751765, 0.000248438), (0.006334438, -0.02756916, 0.00019981),
            (0.01244745, -0.008549897, 0.0004274767), (0.003378913, -0.03730777, 0.002782261), (-0.0007848752, -0.04041941, -0.0007320224), (0.003612725, -0.03417067, 0.01050104),
            (0.001804243, -0.03662952, 0.008360318), (-0.00172167, -0.0397753, 0.003774613), (0.0007709466, -0.03609501, 0.009204569), (-0.0007848757, -0.0353171, 0.01018994),
            (0.0007709466, -0.03861198, 0.005832895), (0.0007709466, -0.03804161, 0.006610806), (-0.0007848757, -0.0393883, 0.004729688), (-0.0007848758, -0.0374132, 0.007449727),
            (0.01935768, 0.01714601, -0.0002035879), (0.01281965, -0.006191325, -9.789804e-05), (0.006516254, -0.02641701, -3.41431e-05), (0.0109192, -0.01330471, 0.0003587957),
            (0.009545193, -0.01708208, 6.141604e-05), (0.01566764, 0.001996949, 0.000202462), (0.0109369, -0.01336081, 0.001226438), (0.003335673, -0.03695305, 0.005893905),
            (0.004193227, -0.03419612, 0.009005549), (0.003444024, -0.03536052, 0.009005549), (-0.001328953, -0.04110139, 0.001828564), (0.0007709466, -0.03938989, 0.004733091),
            (0.0007709464, -0.0374132, 0.007449727), (0.01130518, -0.01085879, -0.0001228778), (0.005001785, -0.03108448, -6.985035e-05), (0.01413938, -0.002757867, 0.0001634069),
            (0.01875477, 0.01140956, 0.001226439), (0.01699478, 0.005833154, 0.009005549), (0.004418648, -0.03302732, 0.01056137), (0.004806184, -0.03232398, 0.0001611732),
            (0.01699478, 0.005833153, 0.01056137), (0.004879025, -0.03255477, 0.00900555), (0.01875477, 0.01140956, 0.01353258), (0.02003593, 0.03581587, 0.01355363),
            (0.01933301, 0.03705992, 0.0135549), (0.01788499, 0.03752605, 0.01355568), (0.0195832, 0.01403436, 0.01353467), (0.01994569, 0.01559018, 0.01353594),
            (0.004287169, 0.03706719, 0.01355879), (0.02005965, 0.02194501, 0.01354148), (0.02006267, 0.01714601, 0.01353727), (0.001666713, 0.02025765, -0.0008557034),
            (0.005438413, 0.0374991, 0.01355887), (0.008550057, 0.03752606, 0.01355809), (0.006994235, 0.03752606, 0.01355849), (0.02006874, 0.03426005, 0.01355226),
            (0.02006874, 0.03282624, 0.01355101), (0.02006874, 0.02492512, 0.01354408), (0.02006874, 0.02492512, 0.007449727), (-0.003896519, -0.007840948, 0.01348501)
        ]
            uniform token subdivisionScheme = "none"
        }

        def Mesh "gripper_left_col_5"
        {
            int[] faceVertexCounts = [
            3, 3, 3, 3, 3, 3, 3, 3, 3, 3, 3, 3, 3, 3, 3, 3, 3, 3, 3, 3, 3, 3, 3, 3,
            3, 3, 3, 3, 3, 3, 3, 3, 3, 3, 3, 3, 3, 3, 3, 3, 3, 3, 3, 3, 3, 3, 3, 3,
            3, 3, 3, 3, 3, 3, 3, 3, 3, 3, 3, 3, 3, 3, 3, 3, 3, 3, 3, 3, 3, 3, 3, 3,
            3, 3, 3, 3, 3, 3, 3, 3, 3, 3, 3, 3, 3, 3, 3, 3, 3, 3, 3, 3, 3, 3, 3, 3,
            3, 3, 3, 3, 3, 3, 3, 3, 3, 3, 3, 3, 3, 3, 3, 3, 3, 3, 3, 3, 3, 3, 3, 3,
            3, 3, 3, 3, 3, 3, 3, 3, 3, 3, 3, 3, 3, 3, 3, 3, 3, 3, 3, 3, 3, 3, 3, 3,
            3, 3, 3, 3, 3, 3, 3, 3, 3, 3, 3, 3, 3, 3, 3, 3, 3, 3, 3, 3, 3, 3, 3, 3,
            3, 3, 3, 3, 3, 3, 3, 3, 3, 3, 3, 3, 3, 3, 3, 3, 3, 3, 3, 3, 3, 3, 3, 3,
            3, 3, 3, 3, 3, 3, 3, 3, 3, 3, 3, 3, 3, 3, 3, 3, 3, 3, 3, 3, 3, 3, 3, 3,
            3, 3, 3, 3, 3, 3, 3, 3, 3, 3, 3, 3, 3, 3, 3, 3, 3, 3, 3, 3, 3, 3, 3, 3,
            3, 3, 3, 3, 3, 3, 3, 3, 3, 3, 3, 3, 3, 3, 3, 3, 3, 3, 3, 3, 3, 3, 3, 3,
            3, 3, 3, 3, 3, 3, 3, 3, 3, 3
        ]
            int[] faceVertexIndices = [
            0, 1, 2, 1, 3, 4, 5, 3, 1, 6, 1, 7, 1, 4, 7, 8, 9, 10, 11, 12, 13, 14, 15, 16,
            17, 2, 18, 19, 20, 21, 22, 20, 19, 23, 24, 25, 26, 15, 27, 26, 27, 28, 26, 29, 15, 28, 19, 26,
            19, 21, 26, 20, 29, 26, 26, 21, 20, 30, 8, 10, 9, 8, 31, 5, 32, 31, 1, 9, 31, 33, 5, 1,
            34, 35, 14, 14, 16, 34, 36, 35, 34, 37, 15, 38, 37, 16, 15, 38, 15, 39, 15, 29, 39, 40, 24, 23,
            40, 41, 24, 23, 25, 42, 8, 30, 43, 5, 31, 43, 1, 31, 44, 44, 31, 32, 44, 33, 1, 44, 32, 5,
            5, 33, 44, 45, 46, 47, 10, 9, 48, 48, 49, 10, 48, 50, 49, 51, 50, 48, 52, 47, 46, 53, 34, 12,
            36, 34, 53, 12, 11, 53, 54, 42, 55, 23, 42, 54, 56, 57, 24, 58, 57, 56, 59, 57, 58, 59, 25, 24,
            24, 57, 59, 60, 31, 8, 8, 43, 60, 60, 43, 31, 10, 49, 61, 62, 63, 64, 51, 48, 65, 66, 67, 58,
            66, 52, 46, 68, 48, 69, 69, 70, 68, 68, 65, 48, 71, 52, 72, 47, 52, 71, 73, 74, 6, 73, 75, 74,
            36, 53, 76, 76, 53, 11, 74, 75, 76, 77, 78, 1, 74, 78, 77, 79, 80, 81, 24, 41, 82, 82, 79, 24,
            82, 80, 79, 24, 79, 83, 84, 66, 58, 85, 52, 84, 52, 66, 84, 25, 59, 86, 87, 42, 25, 88, 89, 58,
            58, 56, 88, 24, 89, 88, 88, 56, 24, 49, 50, 90, 90, 61, 49, 91, 64, 63, 51, 65, 92, 67, 66, 93,
            93, 94, 67, 93, 66, 46, 95, 76, 11, 13, 96, 95, 95, 11, 13, 67, 94, 97, 42, 87, 97, 97, 87, 67,
            25, 86, 98, 98, 86, 67, 58, 67, 99, 67, 86, 99, 99, 59, 58, 99, 86, 59, 100, 70, 72, 100, 101, 65,
            85, 102, 103, 72, 52, 103, 103, 52, 85, 103, 64, 72, 104, 92, 65, 65, 101, 104, 74, 76, 105, 76, 95, 105,
            105, 95, 96, 96, 106, 105, 105, 106, 78, 105, 78, 74, 107, 81, 62, 62, 108, 107, 79, 81, 107, 107, 108, 79,
            109, 103, 102, 110, 108, 111, 112, 102, 85, 113, 108, 110, 114, 115, 84, 85, 84, 116, 116, 111, 85, 110, 111, 116,
            83, 117, 118, 118, 89, 24, 24, 83, 118, 58, 89, 118, 118, 117, 58, 119, 84, 58, 58, 117, 119, 119, 117, 84,
            42, 97, 120, 120, 97, 94, 67, 87, 121, 121, 122, 67, 121, 87, 25, 25, 122, 121, 123, 98, 67, 67, 122, 123,
            25, 98, 123, 123, 122, 25, 124, 100, 72, 125, 68, 70, 70, 100, 125, 65, 68, 125, 125, 100, 65, 63, 104, 126,
            126, 91, 63, 126, 104, 101, 126, 100, 91, 101, 100, 126, 62, 109, 127, 127, 109, 102, 102, 112, 127, 64, 103, 128,
            103, 109, 128, 62, 64, 128, 128, 109, 62, 129, 112, 85, 85, 111, 129, 129, 111, 108, 79, 108, 130, 108, 113, 130,
            130, 113, 115, 130, 114, 79, 115, 114, 130, 79, 114, 131, 131, 83, 79, 131, 117, 83, 84, 117, 131, 131, 114, 84,
            84, 115, 132, 132, 116, 84, 115, 113, 132, 132, 113, 110, 110, 116, 132, 133, 124, 72, 91, 124, 133, 72, 64, 133,
            64, 91, 133, 91, 100, 134, 134, 124, 91, 100, 124, 134, 135, 127, 112, 135, 129, 108, 112, 129, 135, 135, 108, 62,
            62, 127, 135, 136, 137, 1, 136, 1, 0, 22, 45, 0, 0, 2, 22, 22, 2, 17, 138, 15, 14, 27, 15, 138,
            45, 22, 46, 46, 22, 19, 12, 34, 37, 37, 34, 16, 39, 22, 17, 20, 22, 39, 17, 37, 39, 39, 29, 20,
            39, 37, 38, 0, 45, 47, 47, 136, 0, 1, 69, 48, 48, 9, 1, 1, 137, 70, 70, 69, 1, 78, 18, 2,
            78, 2, 1, 71, 70, 137, 72, 70, 71, 137, 136, 71, 136, 47, 71, 106, 37, 17, 17, 18, 106, 18, 78, 106,
            12, 37, 106, 106, 96, 13, 13, 12, 106, 6, 74, 77, 77, 1, 6, 27, 94, 93, 28, 27, 93, 93, 46, 19,
            93, 19, 28, 6, 7, 104, 104, 138, 14, 23, 54, 104, 14, 35, 104, 10, 61, 104, 104, 63, 62, 104, 4, 3,
            3, 5, 104, 5, 43, 104, 36, 76, 104, 104, 7, 4, 104, 35, 36, 104, 30, 10, 55, 138, 104, 104, 40, 23,
            41, 40, 104, 104, 43, 30, 104, 50, 51, 104, 90, 50, 104, 73, 6, 62, 81, 104, 104, 54, 55, 104, 82, 41,
            75, 73, 104, 104, 76, 75, 104, 81, 80, 80, 82, 104, 61, 90, 104, 51, 92, 104, 120, 138, 55, 27, 138, 120,
            55, 42, 120, 120, 94, 27
        ]
            point3f[] points = [
            (-0.02008267, 0.02492512, 0.01355444), (-0.005050933, -0.01397044, 0.01351649), (-0.02008267, 0.03882111, 0.01356661), (-0.004397135, -0.01397044, 0.01350513),
            (-0.0040621, -0.009788281, 0.0135199), (-0.004907938, -0.02174955, 0.01298771), (-0.0006059422, 0.03302606, 0.01355651), (-0.003958675, -0.008507066, 0.01352099),
            (-0.005452342, -0.02641701, 0.01211765), (-0.01737126, 0.00739471, 0.01353838), (-0.005218992, -0.02905677, 0.01176594), (-0.004373758, 0.0368776, 0.005893905),
            (-0.008856189, 0.03888683, 0.004482672), (-0.008285631, 0.03888791, 0.005923687), (0.001789082, 0.02181347, -0.0008403166), (-0.01789892, 0.02181347, -0.0008403169),
            (-0.01167563, 0.03887951, 0.003692863), (-0.02008267, 0.03885389, 0.01356664), (-0.0197654, 0.03885474, 0.01356656), (-0.02005797, 0.02025765, 0.001226439),
            (-0.02004631, 0.03885638, 0.005893905), (-0.02004396, 0.02181347, 0.001226439), (-0.02008267, 0.03885579, 0.007449727), (-0.002598261, -0.03238274, -0.0008326439),
            (-0.00389652, -0.03108448, -0.0007164135), (-0.00389652, -0.02952866, -0.0008314889), (-0.01935922, 0.02181347, -0.0001958946), (-0.01789892, 0.02025765, -0.0008557032),
            (-0.01936505, 0.02025765, -0.0002035877), (-0.01929108, 0.03885888, 0.00435825), (-0.005109897, -0.02641701, 0.01222158), (-0.01715576, 0.006941347, 0.01353793),
            (-0.005478308, -0.01397044, 0.0135166), (-0.005452664, -0.01400376, 0.01351656), (-0.01011981, 0.03888362, 0.003894856), (0.001748358, 0.02315872, -0.0001882013),
            (0.001292621, 0.03227532, 0.005014751), (-0.0163431, 0.03886699, 0.003707611), (-0.01789892, 0.0388628, 0.003763216), (-0.01803455, 0.03886242, 0.003809233),
            (-0.002748704, -0.03384905, -0.0006940611), (-0.002891712, -0.03513859, -0.0005255267), (-0.00389652, -0.02797284, -0.0008557031), (-0.004910528, -0.02180735, 0.01297861),
            (-0.005467151, -0.01398527, 0.01351658), (-0.02008267, 0.02492512, 0.007449727), (-0.02005797, 0.01714601, 0.001226439), (-0.02006267, 0.01714601, 0.002782261),
            (-0.01806815, 0.009234052, 0.01354017), (-0.006253152, -0.0272764, 0.01136641), (-0.005119676, -0.03124396, 0.01056137), (-0.004870917, -0.03258004, 0.00900555),
            (-0.01994334, 0.01559019, 0.001226438), (-0.004567455, 0.03669352, 0.005053758), (-0.002477346, -0.03094783, -0.0008535763), (-0.002360422, -0.02950893, -0.0008557031),
            (-0.01011981, -0.01085879, -0.0007711212), (-0.008563986, -0.01552626, -0.0007922535), (-0.01789892, 0.01403436, -0.0007910533), (-0.007008164, -0.02019373, -0.0008092463),
            (-0.005319174, -0.02317292, 0.01264776), (-0.005204491, -0.02952866, 0.01153625), (-0.003241283, -0.03735515, 0.0002164935), (-0.003450704, -0.0370803, 0.001226439),
            (-0.01245674, -0.008535185, 0.0004398617), (-0.00488599, -0.0325327, 0.009005549), (-0.01930891, 0.01559019, -0.0001940016), (-0.01789892, 0.01559019, -0.0008461169),
            (-0.01876173, 0.01143162, 0.01354227), (-0.01853695, 0.01071942, 0.01354159), (-0.01958319, 0.01403436, 0.01354477), (-0.01994569, 0.01559019, 0.002782261),
            (-0.01958319, 0.01403436, 0.001226439), (0.0007951428, 0.03303111, 0.007450169), (-0.004209882, 0.03703297, 0.01356095), (0.0008047421, 0.03302944, 0.007407731),
            (0.00113213, 0.0327841, 0.005893905), (-0.005363388, 0.03746573, 0.01356163), (-0.008075492, 0.03888609, 0.01356357), (-0.00349428, -0.03575195, -9.49706e-05),
            (-0.003057003, -0.0363417, -0.0002293638), (-0.003235092, -0.0373305, 0.0001982016), (-0.002972441, -0.03575195, -0.0003899643), (-0.007008164, -0.02174955, -0.0006346461),
            (-0.01913001, 0.01403436, -0.0001389384), (-0.01888449, 0.01247854, 7.477087e-05), (-0.01478728, 0.00469943, -0.0008218756), (-0.007008164, -0.0186379, -0.000850354),
            (-0.01167563, -0.006191325, -0.0007453176), (-0.01323145, -0.001523858, -0.0007143012), (-0.005132572, -0.03108448, 0.01067386), (-0.00488599, -0.0325327, 0.001226439),
            (-0.00422306, -0.03463315, 0.005456882), (-0.01936505, 0.01714601, -0.0002035881), (-0.01789892, 0.01714601, -0.0008557027), (-0.004233549, 0.03701182, 0.007449727),
            (-0.008128735, 0.03888783, 0.007535696), (-0.01478728, 0.006255253, -0.0008537002), (-0.01323145, 3.196395e-05, -0.0008311032), (-0.0163431, 0.009366897, -0.0008071092),
            (-0.01724727, 0.00663313, 0.01056137), (-0.004640471, -0.03331061, 0.007449727), (-0.01720518, 0.006766476, 0.0002568946), (-0.01873343, 0.01152129, 0.0003115114),
            (-0.003734752, -0.03618032, 0.002782261), (-0.004209882, 0.03703297, 0.01211719), (-0.008099519, 0.03888696, 0.01056137), (-0.003248761, -0.03730777, 0.0002026029),
            (-0.00481547, -0.03230926, 0.0001672179), (-0.009400231, -0.01804482, 0.0003078542), (-0.008037688, -0.02174955, 1.746906e-05), (-0.009552157, -0.01708208, 7.109255e-05),
            (-0.01567693, 0.002011661, 0.0002097086), (-0.006523219, -0.02641701, -2.739525e-05), (-0.01282661, -0.006191325, -9.320236e-05), (-0.01434109, -0.001523858, -6.218587e-05),
            (-0.01737002, 0.007811075, 2.057225e-05), (-0.0163431, 0.007811075, -0.0006315425), (-0.01478728, 0.003143608, -0.0006769352), (-0.01789892, 0.01247854, -0.0005773441),
            (-0.01323145, 0.001587786, -0.0008557029), (-0.008563986, -0.01397043, -0.0008463823), (-0.01011981, -0.009302969, -0.0008419185), (-0.01167563, -0.004635503, -0.0008368668),
            (-0.01761904, 0.007811075, 0.007449727), (-0.01761904, 0.007811075, 0.01211719), (-0.004640471, -0.03331061, 0.002782261), (-0.007871978, -0.02279963, 0.0002537156),
            (-0.01092848, -0.01329, 0.0003697874), (-0.01414867, -0.002743155, 0.0001695198), (-0.005008749, -0.03108448, -6.429821e-05), (-0.01131215, -0.01085879, -0.0001190062),
            (-0.01585555, 0.003143608, -2.481986e-05), (-0.01700174, 0.005855221, 0.001226438), (-0.01724727, 0.00663313, 0.009005549), (-0.006343723, -0.02755445, 0.0002069823),
            (-0.02006267, 0.01714601, 0.01354762), (-0.01994569, 0.01559019, 0.01354622), (0.001666713, 0.02025765, -0.0008557028)
        ]
            uniform token subdivisionScheme = "none"
        }

        def Mesh "gripper_left_col_6"
        {
            int[] faceVertexCounts = [
            3, 3, 3, 3, 3, 3, 3, 3, 3, 3, 3, 3, 3, 3, 3, 3, 3, 3, 3, 3, 3, 3, 3, 3,
            3, 3, 3, 3, 3, 3, 3, 3, 3, 3, 3, 3, 3, 3, 3, 3, 3, 3, 3, 3, 3, 3, 3, 3,
            3, 3, 3, 3, 3, 3, 3, 3, 3, 3, 3, 3, 3, 3, 3, 3, 3, 3, 3, 3, 3, 3, 3, 3,
            3, 3, 3, 3, 3, 3, 3, 3, 3, 3, 3, 3, 3, 3, 3, 3, 3, 3, 3, 3, 3, 3, 3, 3,
            3, 3, 3, 3, 3, 3, 3, 3, 3, 3, 3, 3, 3, 3, 3, 3, 3, 3, 3, 3, 3, 3, 3, 3,
            3, 3
        ]
            int[] faceVertexIndices = [
            0, 1, 2, 2, 1, 3, 4, 5, 6, 6, 5, 7, 6, 8, 4, 7, 5, 9, 10, 11, 12, 12, 13, 10,
            10, 13, 14, 14, 15, 16, 13, 15, 14, 4, 8, 17, 18, 8, 19, 20, 21, 22, 3, 1, 23, 5, 1, 24,
            24, 1, 0, 0, 2, 24, 25, 1, 5, 26, 23, 25, 25, 23, 1, 19, 2, 27, 27, 2, 3, 28, 29, 22,
            30, 15, 13, 31, 32, 30, 32, 15, 30, 11, 8, 33, 33, 12, 11, 8, 18, 33, 34, 20, 22, 16, 35, 36,
            36, 35, 5, 37, 35, 16, 16, 15, 37, 37, 15, 32, 37, 32, 31, 38, 8, 11, 38, 17, 8, 21, 20, 39,
            40, 23, 26, 3, 23, 40, 41, 24, 42, 42, 24, 2, 42, 2, 19, 43, 24, 41, 43, 9, 5, 5, 24, 43,
            41, 9, 43, 44, 18, 19, 19, 27, 44, 44, 27, 3, 45, 46, 29, 45, 28, 47, 29, 28, 45, 47, 28, 48,
            48, 45, 47, 25, 45, 48, 48, 28, 22, 22, 29, 49, 49, 34, 22, 50, 30, 13, 13, 12, 50, 12, 51, 50,
            29, 46, 52, 52, 49, 29, 51, 49, 52, 30, 50, 52, 52, 50, 51, 12, 33, 53, 53, 51, 12, 35, 37, 54,
            5, 35, 54, 54, 25, 5, 21, 39, 55, 25, 48, 55, 26, 25, 55, 55, 39, 26, 22, 21, 55, 55, 48, 22,
            56, 40, 26, 3, 40, 57, 57, 44, 3, 40, 56, 57, 26, 39, 57, 57, 56, 26, 41, 42, 58, 58, 59, 41,
            58, 42, 19, 58, 6, 7, 7, 59, 58, 19, 8, 58, 8, 6, 58, 20, 34, 60, 60, 39, 20, 60, 57, 39,
            44, 57, 60, 61, 37, 31, 31, 30, 61, 30, 52, 61, 25, 54, 62, 62, 45, 25, 46, 45, 62, 62, 52, 46,
            63, 62, 54, 63, 54, 37, 37, 61, 63, 63, 61, 52, 52, 62, 63, 38, 5, 4, 38, 11, 10, 4, 17, 38,
            10, 14, 38, 38, 14, 16, 16, 36, 38, 38, 36, 5, 18, 34, 53, 53, 33, 18, 53, 49, 51, 34, 49, 53,
            60, 34, 18, 18, 44, 60
        ]
            point3f[] points = [
            (0.009935654, 0.02824724, 0.03313916), (0.01120452, 0.03002724, 0.03313702), (0.009567809, 0.02862581, 0.03488819), (0.01085317, 0.03114841, 0.03453223),
            (-0.000553881, 0.02848028, 0.03502521), (-0.0004837501, 0.02781542, 0.03313879), (0.002326769, 0.02846466, 0.0350634), (0.001329717, 0.02780988, 0.03313896),
            (0.002326769, 0.02959258, 0.03549125), (0.004441721, 0.02780998, 0.03313923), (-0.0006351425, 0.03243483, 0.03510446), (-0.0006198474, 0.03114841, 0.03544817),
            (0.005438413, 0.03581587, 0.03551843), (0.004366578, 0.03687248, 0.03494332), (-0.0006097756, 0.03298553, 0.0338987), (0.004219616, 0.03701182, 0.0338987),
            (-0.0005870741, 0.03300591, 0.0331322), (-0.0005864274, 0.02959258, 0.03536892), (0.008550057, 0.03114841, 0.03553231), (0.008550057, 0.02959258, 0.03545654),
            (0.01005283, 0.03581587, 0.03510446), (0.01082589, 0.03591921, 0.03400824), (0.009796252, 0.03689378, 0.03496185), (0.0114477, 0.03114841, 0.03313562),
            (0.008550057, 0.02785964, 0.03313953), (0.01128815, 0.03570582, 0.03312983), (0.01148493, 0.03426005, 0.03313168), (0.009881497, 0.02959258, 0.03504922),
            (0.01004881, 0.03703484, 0.0338987), (0.008550057, 0.0374929, 0.0338987), (0.005438413, 0.03746989, 0.0338987), (0.005438413, 0.03747389, 0.03312707),
            (0.004823909, 0.03724294, 0.03312731), (0.002326769, 0.03114841, 0.03553231), (0.008550057, 0.03581587, 0.03553231), (-1.842577e-05, 0.03300591, 0.03313226),
            (-0.0005707008, 0.03218339, 0.03313325), (0.004219616, 0.03701182, 0.03312755), (-0.0005906004, 0.02978686, 0.03537882), (0.01085317, 0.03426005, 0.03456176),
            (0.01148394, 0.03270423, 0.03313365), (0.006994235, 0.02781006, 0.03313946), (0.008550057, 0.02849802, 0.03502869), (0.007553684, 0.02783486, 0.03313947),
            (0.01007526, 0.03114841, 0.03510446), (0.009472346, 0.03728634, 0.03312767), (0.008550057, 0.03750091, 0.03312731), (0.010156, 0.03707736, 0.03312799),
            (0.01085672, 0.03648279, 0.03312881), (0.008550057, 0.03704378, 0.03510446), (0.005438413, 0.03702781, 0.03509057), (0.006994235, 0.03704378, 0.03510446),
            (0.006994235, 0.03750993, 0.0338987), (0.006994235, 0.03581587, 0.03553231), (0.003498016, 0.03575333, 0.03312908), (0.01133747, 0.03591921, 0.03312956),
            (0.01148456, 0.03361119, 0.0331325), (0.01085317, 0.03270423, 0.03456201), (0.006994235, 0.02846466, 0.0350634), (0.002326769, 0.02780991, 0.03313905),
            (0.01007526, 0.03426005, 0.03510446), (0.006210007, 0.03749775, 0.03312711), (0.007765708, 0.03750949, 0.03312723), (0.006994235, 0.03751793, 0.03312716)
        ]
            uniform token subdivisionScheme = "none"
        }

        def Mesh "gripper_left_col_7"
        {
            int[] faceVertexCounts = [
            3, 3, 3, 3, 3, 3, 3, 3, 3, 3, 3, 3, 3, 3, 3, 3, 3, 3, 3, 3, 3, 3, 3, 3,
            3, 3, 3, 3, 3, 3, 3, 3, 3, 3, 3, 3, 3, 3, 3, 3, 3, 3, 3, 3, 3, 3, 3, 3,
            3, 3, 3, 3, 3, 3, 3, 3, 3, 3, 3, 3, 3, 3, 3, 3, 3, 3, 3, 3, 3, 3, 3, 3,
            3, 3, 3, 3, 3, 3, 3, 3, 3, 3, 3, 3, 3, 3, 3, 3, 3, 3, 3, 3, 3, 3, 3, 3,
            3, 3, 3, 3, 3, 3, 3, 3, 3, 3, 3, 3, 3, 3, 3, 3, 3, 3, 3, 3, 3, 3, 3, 3,
            3, 3, 3, 3, 3, 3, 3, 3, 3, 3, 3, 3, 3, 3, 3, 3, 3, 3, 3, 3, 3, 3, 3, 3,
            3, 3, 3, 3, 3, 3, 3, 3, 3, 3, 3, 3, 3, 3, 3, 3, 3, 3, 3, 3, 3, 3, 3, 3,
            3, 3, 3, 3, 3, 3, 3, 3, 3, 3, 3, 3, 3, 3, 3, 3, 3, 3, 3, 3, 3, 3, 3, 3,
            3, 3, 3, 3, 3, 3, 3, 3, 3, 3, 3, 3, 3, 3, 3
        ]
            int[] faceVertexIndices = [
            0, 1, 2, 2, 3, 0, 4, 5, 6, 7, 3, 2, 2, 8, 7, 9, 8, 2, 10, 11, 12, 1, 13, 14,
            15, 6, 5, 16, 17, 18, 19, 9, 20, 20, 21, 19, 22, 23, 24, 21, 20, 22, 25, 26, 16, 16, 26, 27,
            27, 10, 16, 11, 10, 27, 26, 25, 27, 28, 15, 5, 13, 15, 29, 29, 14, 13, 15, 28, 29, 2, 1, 29,
            1, 14, 29, 30, 5, 4, 31, 18, 17, 18, 31, 32, 33, 34, 35, 35, 9, 33, 33, 9, 2, 36, 37, 38,
            39, 37, 40, 41, 25, 42, 43, 9, 35, 43, 20, 9, 36, 44, 45, 44, 27, 45, 45, 25, 41, 45, 27, 25,
            46, 47, 11, 48, 49, 50, 51, 52, 53, 49, 52, 51, 54, 22, 24, 21, 22, 54, 55, 54, 24, 56, 40, 57,
            39, 40, 56, 58, 59, 60, 58, 61, 4, 62, 63, 64, 19, 21, 65, 66, 7, 8, 19, 65, 67, 68, 33, 2,
            34, 33, 68, 69, 34, 68, 70, 40, 37, 71, 37, 36, 36, 72, 71, 73, 42, 74, 61, 56, 75, 75, 56, 57,
            57, 76, 75, 76, 77, 75, 54, 55, 78, 4, 61, 78, 79, 62, 64, 80, 81, 82, 80, 73, 74, 42, 73, 80,
            82, 70, 80, 80, 70, 42, 82, 81, 83, 83, 76, 82, 83, 77, 76, 77, 83, 84, 8, 9, 85, 85, 66, 8,
            85, 9, 19, 19, 67, 85, 63, 66, 85, 85, 67, 63, 64, 63, 86, 63, 67, 86, 87, 70, 82, 40, 70, 87,
            57, 40, 87, 87, 76, 57, 82, 76, 87, 37, 42, 88, 88, 70, 37, 42, 70, 88, 89, 71, 42, 89, 42, 37,
            37, 71, 89, 90, 75, 77, 77, 84, 90, 4, 78, 91, 91, 78, 55, 91, 55, 30, 91, 30, 4, 92, 93, 62,
            63, 62, 94, 94, 93, 63, 62, 93, 94, 74, 95, 96, 96, 95, 81, 96, 80, 74, 81, 80, 96, 97, 79, 64,
            64, 86, 97, 98, 92, 32, 98, 32, 31, 93, 92, 98, 98, 31, 17, 81, 95, 99, 100, 86, 67, 81, 99, 101,
            101, 83, 81, 101, 100, 67, 101, 84, 83, 102, 101, 99, 100, 101, 102, 1, 12, 15, 15, 13, 1, 103, 53, 37,
            37, 39, 103, 38, 37, 53, 53, 52, 38, 48, 36, 38, 38, 49, 48, 38, 52, 49, 43, 34, 69, 69, 30, 43,
            43, 30, 23, 35, 34, 43, 43, 22, 20, 23, 22, 43, 46, 44, 36, 46, 36, 48, 46, 27, 44, 11, 27, 46,
            50, 46, 48, 47, 46, 50, 23, 30, 55, 24, 23, 55, 103, 39, 56, 56, 60, 103, 6, 15, 59, 59, 15, 12,
            59, 50, 49, 12, 11, 59, 59, 53, 103, 103, 60, 59, 59, 51, 53, 11, 47, 59, 47, 50, 59, 49, 51, 59,
            60, 56, 58, 58, 56, 61, 4, 6, 58, 66, 104, 3, 3, 7, 66, 68, 30, 69, 5, 30, 68, 68, 29, 28,
            2, 29, 68, 68, 28, 5, 36, 45, 72, 72, 45, 41, 71, 72, 41, 41, 42, 71, 78, 75, 54, 61, 75, 78,
            95, 25, 105, 95, 42, 25, 74, 42, 95, 54, 75, 90, 21, 54, 90, 90, 84, 65, 90, 65, 21, 63, 93, 98,
            98, 17, 16, 1, 0, 98, 98, 12, 1, 98, 0, 3, 16, 10, 98, 98, 10, 12, 3, 104, 98, 104, 66, 98,
            98, 66, 63, 79, 97, 100, 62, 79, 100, 100, 97, 86, 65, 84, 101, 101, 67, 65, 16, 18, 102, 102, 25, 16,
            105, 25, 102, 18, 32, 102, 32, 92, 102, 102, 92, 62, 62, 100, 102, 102, 95, 105, 102, 99, 95
        ]
            point3f[] points = [
            (-0.0001793829, 0.01610965, 0.03078706), (0.0003526704, 0.0155016, 0.01354091), (0.01051181, 0.01320893, 0.02266173), (-0.0002101769, 0.01624537, 0.03171872),
            (0.02006874, 0.02719315, 0.01762827), (0.007249852, 0.01715747, 0.01354058), (0.02006874, 0.03047554, 0.01354895), (0.01632917, 0.01624537, 0.03171872),
            (0.01759709, 0.01628628, 0.03166747), (0.0186343, 0.01640061, 0.03153931), (-0.000563697, 0.03302689, 0.03234288), (0.004195948, 0.03703297, 0.01355878),
            (2.683915e-06, 0.03302606, 0.01355635), (0.003882591, 0.01550666, 0.01354001), (0.002326769, 0.01550124, 0.0135404), (0.005363856, 0.01587183, 0.01353994),
            (-0.0005870743, 0.03300591, 0.0331322), (-0.0004837496, 0.02781542, 0.03313879), (-2.30024e-05, 0.02781544, 0.03313883), (0.0187624, 0.01743782, 0.03164234),
            (0.01909585, 0.01700993, 0.03092724), (0.01944251, 0.01870183, 0.03078706), (0.01999314, 0.01870183, 0.02923124), (0.01973896, 0.01751416, 0.02923124),
            (0.02004163, 0.01870183, 0.02814621), (0.004823908, 0.03724294, 0.03312731), (0.004219616, 0.03701182, 0.03312755), (0.004195948, 0.03703297, 0.02767542),
            (0.00981143, 0.01371288, 0.02113065), (0.0102988, 0.01328259, 0.02229501), (0.02006164, 0.02074735, 0.0256299), (0.001329717, 0.02780988, 0.03313896),
            (0.002326769, 0.02780991, 0.03313905), (0.01886475, 0.01627762, 0.03050209), (0.01893998, 0.01625139, 0.02976843), (0.01942807, 0.01689261, 0.02960207),
            (0.006994235, 0.03752606, 0.03234288), (0.01788499, 0.03752605, 0.02923124), (0.008550057, 0.03752606, 0.03078706), (0.01933301, 0.03705992, 0.02767542),
            (0.01930112, 0.03705992, 0.02923124), (0.005438413, 0.03747389, 0.03312707), (0.008550057, 0.03750091, 0.03312731), (0.01957118, 0.01712455, 0.0294987),
            (0.005438413, 0.0374991, 0.02767542), (0.005438413, 0.03747796, 0.03234288), (0.005438413, 0.0374991, 0.01367302), (0.005438413, 0.0374991, 0.01355887),
            (0.006994235, 0.03752606, 0.01367302), (0.007108788, 0.03752606, 0.01355846), (0.006994235, 0.03752606, 0.01355849), (0.008550057, 0.03752606, 0.01355809),
            (0.008550057, 0.03752606, 0.01367302), (0.01788499, 0.03752605, 0.01355568), (0.02000658, 0.02492512, 0.02923124), (0.02006267, 0.01910252, 0.02767542),
            (0.02003593, 0.03581587, 0.02767542), (0.01997296, 0.03581587, 0.02923124), (0.02006874, 0.03426005, 0.01355226), (0.02006874, 0.03270423, 0.0135509),
            (0.02003593, 0.03581587, 0.01355363), (0.02006874, 0.03426005, 0.02767542), (0.009935654, 0.02824724, 0.03313916), (0.01632917, 0.01870183, 0.03223323),
            (0.01120452, 0.03002724, 0.03313702), (0.01881215, 0.01870183, 0.03168103), (0.01632917, 0.01714601, 0.03205285), (0.01788499, 0.01870183, 0.03201516),
            (0.0116617, 0.01361538, 0.02364208), (0.01477335, 0.01520311, 0.02568861), (0.01788499, 0.03731325, 0.03078706), (0.006994235, 0.03751793, 0.03312716),
            (0.006210007, 0.03749775, 0.03312711), (0.009472346, 0.03728635, 0.03312767), (0.010156, 0.03707736, 0.03312799), (0.02000658, 0.03426005, 0.02923124),
            (0.01939535, 0.03581587, 0.03078706), (0.01941257, 0.03426005, 0.03078706), (0.02006874, 0.02492512, 0.02767542), (0.01059468, 0.02933779, 0.03313784),
            (0.01788499, 0.03684712, 0.03176245), (0.01788499, 0.03581587, 0.03195993), (0.0187355, 0.03667746, 0.03162249), (0.0187718, 0.03581587, 0.03165125),
            (0.01881215, 0.02181347, 0.03168103), (0.01802341, 0.01700993, 0.03180655), (0.0114477, 0.03114841, 0.03313562), (0.01902052, 0.03688961, 0.03078706),
            (0.01632917, 0.03744107, 0.03078706), (0.007765708, 0.03750949, 0.03312723), (0.01944251, 0.02025765, 0.03078706), (0.02006874, 0.02492512, 0.02044697),
            (0.005438413, 0.02781001, 0.03313932), (0.006994235, 0.02781006, 0.03313946), (0.008550057, 0.02785964, 0.03313953), (0.01133747, 0.03591921, 0.03312956),
            (0.01085672, 0.03648279, 0.03312881), (0.011325, 0.030672, 0.03313621), (-0.0002746816, 0.01870183, 0.03223323), (0.01148493, 0.03426005, 0.03313168),
            (0.01148394, 0.03270423, 0.03313365), (0.01788499, 0.02181347, 0.03201516), (0.01148456, 0.03361119, 0.0331325), (0.01933301, 0.03705992, 0.0135549),
            (-0.0002382129, 0.01714601, 0.03205285), (0.01136488, 0.03529777, 0.03313035)
        ]
            uniform token subdivisionScheme = "none"
        }
    }

    def Xform "gripper_right"
    {
        def Mesh "gripper_right_col_0"
        {
            int[] faceVertexCounts = [
            3, 3, 3, 3, 3, 3, 3, 3, 3, 3, 3, 3, 3, 3, 3, 3, 3, 3, 3, 3, 3, 3, 3, 3,
            3, 3, 3, 3, 3, 3, 3, 3, 3, 3, 3, 3, 3, 3, 3, 3, 3, 3, 3, 3, 3, 3, 3, 3,
            3, 3, 3, 3, 3, 3, 3, 3, 3, 3, 3, 3, 3, 3, 3, 3, 3, 3, 3, 3, 3, 3, 3, 3,
            3, 3, 3, 3, 3, 3, 3, 3, 3, 3, 3, 3, 3, 3, 3, 3, 3, 3, 3, 3, 3, 3, 3, 3,
            3, 3, 3, 3, 3, 3, 3, 3, 3, 3
        ]
            int[] faceVertexIndices = [
            0, 1, 2, 3, 1, 4, 3, 2, 1, 5, 6, 7, 5, 8, 6, 6, 9, 10, 6, 8, 11, 11, 9, 6,
            12, 13, 14, 15, 16, 6, 17, 18, 6, 19, 3, 4, 20, 3, 19, 4, 21, 19, 22, 3, 20, 20, 9, 22,
            22, 9, 23, 8, 5, 24, 24, 11, 8, 23, 9, 24, 9, 11, 24, 25, 9, 20, 25, 10, 9, 26, 14, 0,
            6, 18, 27, 18, 28, 29, 30, 28, 18, 18, 17, 30, 28, 30, 31, 32, 24, 5, 18, 29, 33, 33, 27, 18,
            33, 15, 6, 6, 27, 33, 34, 35, 36, 37, 38, 39, 40, 35, 12, 40, 38, 37, 37, 36, 40, 40, 36, 35,
            41, 32, 5, 34, 36, 42, 43, 36, 37, 17, 36, 43, 37, 39, 43, 43, 39, 17, 17, 39, 44, 44, 30, 17,
            44, 31, 30, 45, 40, 12, 12, 14, 45, 38, 40, 45, 3, 22, 46, 6, 16, 47, 47, 33, 29, 7, 6, 47,
            48, 42, 36, 48, 17, 6, 48, 36, 17, 31, 39, 49, 50, 39, 31, 31, 44, 50, 50, 44, 39, 4, 1, 14,
            14, 13, 21, 14, 21, 4, 14, 1, 0, 25, 19, 10, 20, 19, 25, 26, 51, 52, 0, 51, 26, 23, 24, 32,
            32, 22, 23, 39, 38, 51, 39, 51, 53, 41, 51, 0, 0, 2, 41, 42, 13, 12, 12, 35, 42, 42, 35, 34,
            52, 51, 45, 51, 38, 45, 45, 26, 52, 14, 26, 45, 32, 41, 46, 22, 32, 46, 46, 41, 2, 2, 3, 46,
            15, 33, 47, 16, 15, 47, 47, 5, 7, 47, 41, 5, 6, 10, 48, 48, 19, 21, 21, 13, 48, 10, 19, 48,
            13, 42, 48, 54, 29, 28, 28, 31, 54, 53, 51, 54, 51, 41, 54, 54, 47, 29, 41, 47, 54, 49, 39, 53,
            53, 54, 49, 49, 54, 31
        ]
            point3f[] points = [
            (0.02008267, -0.02674627, 0.01355603), (0.0084386, -0.01709065, 0.01354457), (0.008962587, -0.01092272, 0.0135393), (0.008988072, -0.007811075, 0.01353658),
            (0.008362131, -0.01702639, 0.01354591), (0.01167563, -0.005011067, 0.01353482), (0.01897598, -0.01624174, 0.02949559), (0.01323145, -0.005000631, 0.01353522),
            (0.01078652, -0.01007647, 0.0192025), (0.01059212, -0.01299366, 0.02255347), (0.01167563, -0.01366636, 0.02370482), (0.01066885, -0.01153506, 0.02087799),
            (0.02006267, -0.01870183, 0.02690446), (0.02005955, -0.02181347, 0.02172622), (0.02008267, -0.02492512, 0.01658418), (0.01624227, -0.00597898, 0.01353685),
            (0.01536763, -0.005469106, 0.01353618), (0.01873136, -0.01161767, 0.01927077), (0.01715576, -0.006941347, 0.01353793), (0.00995522, -0.01359911, 0.02144282),
            (0.01049578, -0.01329007, 0.02270253), (0.009209639, -0.01623808, 0.01602608), (0.009667214, -0.006329704, 0.01353546), (0.009906382, -0.00605533, 0.01353528),
            (0.01017768, -0.005774998, 0.01353511), (0.0115311, -0.01361705, 0.02358738), (0.02008267, -0.02492512, 0.01355444), (0.0170381, -0.007113942, 0.01426836),
            (0.01748583, -0.007716021, 0.01353869), (0.0166911, -0.006486676, 0.01353741), (0.01737126, -0.00739471, 0.01353838), (0.01806815, -0.009234052, 0.01354017),
            (0.01081352, -0.005488756, 0.01353502), (0.01638667, -0.006119263, 0.01353701), (0.01982387, -0.01770426, 0.02823367), (0.02002292, -0.0183917, 0.02736528),
            (0.01967308, -0.01714601, 0.02895386), (0.01985728, -0.01559019, 0.02300795), (0.01994569, -0.01559019, 0.02145213), (0.01958319, -0.01403436, 0.0198963),
            (0.02002742, -0.01714601, 0.02456377), (0.01435216, -0.00517292, 0.01353566), (0.01957875, -0.01702398, 0.02902662), (0.01944392, -0.01403436, 0.02145213),
            (0.01876018, -0.01150941, 0.01834048), (0.02006267, -0.01714601, 0.02300795), (0.009412044, -0.006995999, 0.01353598), (0.01478728, -0.005191272, 0.01353578),
            (0.01934423, -0.0167063, 0.02923124), (0.01876173, -0.01143162, 0.01522884), (0.0190906, -0.01247854, 0.01834048), (0.01994569, -0.01559019, 0.01354622),
            (0.02006267, -0.01714601, 0.01354762), (0.01958319, -0.01403436, 0.01354477), (0.01876173, -0.01143162, 0.01354227)
        ]
            uniform token subdivisionScheme = "none"
        }

        def Mesh "gripper_right_col_1"
        {
            int[] faceVertexCounts = [
            3, 3, 3, 3, 3, 3, 3, 3, 3, 3, 3, 3, 3, 3, 3, 3, 3, 3, 3, 3, 3, 3, 3, 3,
            3, 3, 3, 3, 3, 3, 3, 3, 3, 3, 3, 3, 3, 3, 3, 3, 3, 3, 3, 3, 3, 3, 3, 3,
            3, 3, 3, 3, 3, 3, 3, 3, 3, 3, 3, 3, 3, 3, 3, 3, 3, 3, 3, 3, 3, 3, 3, 3,
            3, 3, 3, 3, 3, 3, 3, 3, 3, 3, 3, 3, 3, 3, 3, 3, 3, 3, 3, 3, 3, 3, 3, 3,
            3, 3, 3, 3, 3, 3, 3, 3, 3, 3, 3, 3, 3, 3, 3, 3, 3, 3, 3, 3, 3, 3, 3, 3,
            3, 3, 3, 3, 3, 3, 3, 3, 3, 3, 3, 3, 3, 3, 3, 3, 3, 3, 3, 3, 3, 3, 3, 3,
            3, 3, 3, 3, 3, 3, 3, 3, 3, 3, 3, 3, 3, 3, 3, 3, 3, 3, 3, 3, 3, 3, 3, 3,
            3, 3, 3, 3, 3, 3, 3, 3, 3, 3, 3, 3, 3, 3, 3, 3, 3, 3, 3, 3, 3, 3, 3, 3,
            3, 3
        ]
            int[] faceVertexIndices = [
            0, 1, 2, 2, 3, 0, 4, 5, 6, 7, 5, 4, 8, 5, 7, 9, 10, 11, 11, 10, 0, 12, 8, 13,
            12, 14, 15, 13, 14, 12, 5, 8, 12, 16, 17, 18, 19, 20, 21, 22, 23, 24, 25, 26, 5, 27, 26, 25,
            22, 24, 25, 28, 14, 29, 29, 14, 13, 13, 19, 29, 30, 31, 32, 20, 33, 34, 21, 20, 34, 28, 35, 36,
            36, 14, 28, 15, 14, 36, 37, 33, 9, 9, 11, 37, 37, 34, 33, 37, 11, 38, 0, 3, 39, 39, 11, 0,
            40, 39, 3, 41, 42, 43, 44, 42, 41, 15, 17, 45, 17, 16, 45, 45, 12, 15, 5, 12, 45, 46, 17, 15,
            46, 47, 17, 15, 36, 46, 6, 5, 48, 27, 25, 49, 49, 25, 24, 49, 26, 27, 28, 29, 50, 50, 35, 28,
            47, 51, 52, 18, 17, 52, 17, 47, 52, 53, 51, 47, 54, 55, 56, 57, 36, 35, 57, 46, 36, 58, 59, 19,
            6, 48, 60, 5, 26, 60, 60, 48, 5, 32, 31, 61, 31, 62, 61, 63, 50, 29, 63, 19, 21, 63, 29, 19,
            64, 37, 38, 34, 37, 64, 64, 65, 34, 65, 64, 66, 66, 64, 38, 67, 61, 62, 34, 65, 68, 21, 34, 68,
            69, 40, 42, 40, 70, 71, 39, 40, 71, 72, 71, 70, 73, 74, 75, 76, 66, 77, 38, 76, 77, 77, 66, 38,
            78, 67, 62, 65, 66, 78, 79, 69, 70, 79, 70, 40, 40, 69, 79, 39, 71, 80, 38, 11, 80, 11, 39, 80,
            80, 72, 38, 71, 72, 80, 81, 76, 38, 82, 53, 47, 47, 46, 82, 46, 57, 82, 83, 84, 32, 85, 30, 32,
            85, 84, 30, 86, 78, 66, 87, 78, 86, 67, 78, 88, 61, 67, 88, 38, 72, 89, 89, 81, 38, 89, 72, 70,
            54, 53, 90, 53, 82, 90, 91, 82, 57, 73, 90, 91, 91, 90, 82, 92, 83, 93, 84, 83, 92, 30, 84, 92,
            87, 94, 95, 95, 78, 87, 95, 88, 78, 40, 23, 75, 2, 26, 40, 3, 2, 40, 75, 43, 40, 43, 42, 40,
            40, 26, 23, 20, 19, 59, 23, 26, 49, 49, 24, 23, 31, 30, 50, 50, 30, 35, 75, 23, 56, 56, 23, 22,
            51, 53, 56, 22, 25, 56, 56, 25, 5, 56, 53, 54, 56, 45, 16, 56, 16, 18, 5, 45, 56, 18, 52, 56,
            56, 52, 51, 58, 19, 13, 58, 4, 6, 58, 1, 0, 6, 1, 58, 0, 10, 58, 58, 33, 20, 58, 10, 9,
            9, 33, 58, 20, 59, 58, 7, 4, 58, 13, 8, 58, 58, 8, 7, 60, 1, 6, 60, 2, 1, 60, 26, 2,
            31, 50, 63, 63, 62, 31, 62, 63, 68, 68, 63, 21, 75, 56, 73, 73, 56, 55, 62, 68, 78, 78, 68, 65,
            96, 43, 75, 96, 41, 43, 75, 74, 96, 44, 41, 96, 74, 97, 96, 66, 94, 86, 86, 94, 87, 90, 73, 55,
            90, 55, 54, 93, 97, 91, 91, 97, 74, 74, 73, 91, 93, 91, 92, 92, 91, 57, 35, 30, 92, 92, 57, 35,
            61, 88, 98, 32, 61, 98, 98, 97, 93, 93, 83, 98, 98, 96, 97, 98, 83, 32, 66, 98, 95, 95, 94, 66,
            95, 98, 88, 99, 98, 66, 44, 96, 99, 96, 98, 99, 99, 66, 76, 81, 89, 99, 76, 81, 99, 70, 69, 99,
            99, 89, 70, 99, 69, 42
        ]
            point3f[] points = [
            (-0.000730764, -0.03302606, 0.01355917), (-0.0006882871, -0.02665074, 0.01355059), (0.0006683862, -0.03302606, 0.01355653), (0.004209882, -0.03703297, 0.01356095),
            (-0.0004769975, -0.01610965, 0.03078706), (0.01049578, -0.01329007, 0.02270253), (-0.0006139606, -0.01550155, 0.01354084), (-0.0004702852, -0.01624537, 0.03171872),
            (0.0163431, -0.01624537, 0.03171872), (-0.0005641776, -0.03298553, 0.0338987), (-0.0005771755, -0.03302689, 0.03234288), (0.004233549, -0.03701182, 0.0338987),
            (0.0175974, -0.01628628, 0.03166747), (0.0163431, -0.01714601, 0.03205285), (0.01802917, -0.01702037, 0.03180458), (0.01863462, -0.01641801, 0.03152699),
            (0.01167563, -0.01366636, 0.02370482), (0.01887527, -0.01627761, 0.03048977), (0.01897598, -0.01624174, 0.02949559), (0.002340697, -0.02959258, 0.03549125),
            (-0.0005392474, -0.03114841, 0.03544817), (0.002340698, -0.03114841, 0.03553231), (0.008362131, -0.01702639, 0.01354591), (0.0084386, -0.01709065, 0.01354457),
            (0.005442745, -0.01591782, 0.01354277), (0.00995522, -0.01359911, 0.02144282), (0.00389652, -0.01550984, 0.01354201), (0.004118952, -0.01553212, 0.01354209),
            (0.01789892, -0.01870183, 0.03201024), (0.008563986, -0.02959258, 0.03545654), (0.01881907, -0.02181347, 0.03167611), (0.0100892, -0.03426005, 0.03510446),
            (0.01878574, -0.0383786, 0.03165125), (-0.0005506435, -0.03243483, 0.03510446), (0.005452342, -0.03581587, 0.03551843), (0.01881907, -0.01870183, 0.03167611),
            (0.01877166, -0.01745522, 0.03163906), (0.00438051, -0.03687247, 0.03494332), (0.005452342, -0.03746989, 0.0338987), (0.004209881, -0.03703297, 0.02767542),
            (0.005452342, -0.0374991, 0.01356168), (0.02008267, -0.03830588, 0.01356616), (0.008189257, -0.03840554, 0.01356318), (0.02008267, -0.03726393, 0.01356524),
            (0.02008267, -0.03837477, 0.01356622), (0.0115311, -0.01361705, 0.02358738), (0.01910215, -0.01702037, 0.03091985), (0.01966092, -0.01714601, 0.02923124),
            (0.002340698, -0.01550208, 0.01354161), (0.005373878, -0.01589383, 0.01354273), (0.0100892, -0.03114841, 0.03510446), (0.01967308, -0.01714601, 0.02895386),
            (0.01934423, -0.0167063, 0.02923124), (0.02002292, -0.0183917, 0.02736528), (0.02006267, -0.01870183, 0.02690446), (0.02008267, -0.02492512, 0.01658418),
            (0.02008267, -0.02648094, 0.01399722), (0.01944246, -0.01870183, 0.03078706), (-0.0004735632, -0.01714601, 0.03205285), (-0.0005295123, -0.02959258, 0.03536892),
            (0.002566511, -0.01550291, 0.01354167), (0.01006676, -0.03581587, 0.03510447), (0.008563986, -0.03581587, 0.03553231), (0.008563986, -0.03114841, 0.03553231),
            (0.005452342, -0.0370278, 0.03509057), (0.007008164, -0.03704378, 0.03510446), (0.0101723, -0.0384009, 0.0322913), (0.009810185, -0.03689378, 0.03496185),
            (0.007008164, -0.03581587, 0.03553231), (0.00815239, -0.03840576, 0.01840499), (0.008152459, -0.03840582, 0.02063405), (0.005452342, -0.0374991, 0.02767542),
            (0.008198047, -0.03840592, 0.02925636), (0.02008267, -0.02492512, 0.02767542), (0.02008267, -0.0373717, 0.02767542), (0.02008267, -0.02674627, 0.01355603),
            (0.008471341, -0.03840527, 0.03150411), (0.008854479, -0.0384043, 0.03199135), (0.008563986, -0.03704378, 0.03510446), (0.008152389, -0.03840578, 0.0192053),
            (0.005452342, -0.03747796, 0.03234288), (0.008289813, -0.03840572, 0.03077742), (0.01999314, -0.01870183, 0.02923124), (0.01963693, -0.03837636, 0.0302359),
            (0.0194265, -0.03837692, 0.03078706), (0.01901205, -0.038378, 0.03134602), (0.01167563, -0.03839701, 0.03227139), (0.0163431, -0.03838493, 0.03218232),
            (0.01789892, -0.0383809, 0.03195992), (0.008227449, -0.03840587, 0.03006038), (0.02006267, -0.01870183, 0.02767542), (0.02002051, -0.02492512, 0.02923124),
            (0.01944246, -0.02025765, 0.03078706), (0.02002051, -0.03837534, 0.02923124), (0.01532724, -0.03838756, 0.03218232), (0.0168871, -0.03838352, 0.03210456),
            (0.02008267, -0.03837512, 0.02712302), (0.02008267, -0.03837514, 0.02767542), (0.01821096, -0.03838009, 0.03185132), (0.01053966, -0.03839946, 0.01356378)
        ]
            uniform token subdivisionScheme = "none"
        }

        def Mesh "gripper_right_col_2"
        {
            int[] faceVertexCounts = [
            3, 3, 3, 3, 3, 3, 3, 3, 3, 3, 3, 3, 3, 3, 3, 3, 3, 3, 3, 3, 3, 3, 3, 3,
            3, 3, 3, 3, 3, 3, 3, 3, 3, 3, 3, 3, 3, 3, 3, 3, 3, 3, 3, 3, 3, 3, 3, 3,
            3, 3, 3, 3, 3, 3, 3, 3, 3, 3, 3, 3, 3, 3, 3, 3, 3, 3, 3, 3, 3, 3, 3, 3,
            3, 3, 3, 3, 3, 3, 3, 3, 3, 3, 3, 3, 3, 3, 3, 3, 3, 3, 3, 3, 3, 3, 3, 3,
            3, 3, 3, 3, 3
        ]
            int[] faceVertexIndices = [
            0, 1, 2, 2, 3, 0, 4, 3, 5, 4, 6, 3, 7, 1, 0, 7, 8, 9, 10, 2, 1, 10, 11, 5,
            5, 11, 12, 9, 8, 13, 3, 6, 14, 15, 4, 5, 16, 7, 9, 9, 13, 16, 16, 13, 8, 17, 10, 5,
            2, 10, 17, 18, 19, 20, 11, 19, 18, 18, 12, 11, 21, 22, 20, 8, 22, 21, 1, 7, 23, 8, 24, 25,
            25, 16, 8, 24, 23, 25, 7, 16, 25, 25, 23, 7, 26, 27, 7, 8, 7, 28, 29, 21, 30, 30, 19, 1,
            20, 19, 30, 30, 21, 20, 31, 23, 24, 29, 23, 31, 27, 26, 32, 7, 27, 33, 33, 28, 7, 27, 28, 33,
            34, 15, 8, 8, 28, 34, 34, 28, 27, 35, 31, 24, 35, 24, 8, 8, 21, 36, 36, 35, 8, 36, 21, 29,
            29, 31, 36, 31, 35, 36, 15, 34, 37, 38, 14, 6, 39, 32, 26, 40, 41, 42, 42, 41, 34, 42, 34, 27,
            43, 41, 40, 44, 41, 43, 40, 42, 43, 27, 32, 43, 43, 42, 27, 45, 38, 46, 46, 38, 6, 34, 41, 47,
            47, 37, 34, 48, 46, 6, 37, 46, 48, 4, 15, 48, 6, 4, 48, 15, 37, 48, 45, 46, 49, 49, 46, 37,
            37, 47, 49, 49, 41, 45, 49, 47, 41, 11, 10, 19, 19, 10, 1, 5, 12, 18, 18, 15, 5, 8, 15, 18,
            20, 22, 18, 18, 22, 8, 3, 14, 50, 1, 23, 30, 30, 23, 29, 51, 50, 52, 0, 50, 51, 51, 26, 7,
            51, 7, 0, 51, 45, 41, 53, 51, 41, 38, 51, 52, 38, 45, 51, 38, 50, 14, 52, 50, 38, 53, 41, 39,
            39, 41, 44, 26, 51, 39, 39, 51, 53, 43, 39, 44, 32, 39, 43
        ]
            point3f[] points = [
            (-0.02006874, -0.02505394, 0.0135442), (-0.009669017, -0.006331757, 0.01353048), (-0.009454428, -0.01770296, 0.01354049), (-0.02006874, -0.02547032, 0.01354456),
            (-0.02006124, -0.02093358, 0.02233202), (-0.008464706, -0.0169787, 0.01354011), (-0.02006267, -0.01870183, 0.02666208), (-0.01621646, -0.005945738, 0.01352845),
            (-0.01893558, -0.01625293, 0.0298113), (-0.01477335, -0.005178808, 0.01352815), (-0.008475308, -0.01689631, 0.01354004), (-0.00900573, -0.007811075, 0.01353194),
            (-0.009803278, -0.01393165, 0.02134941), (-0.01358432, -0.005012089, 0.01352831), (-0.02006874, -0.02492512, 0.01460187), (-0.01956112, -0.01700992, 0.02923124),
            (-0.01321752, -0.004995192, 0.01352839), (-0.008473387, -0.01698505, 0.01354012), (-0.01028282, -0.013611, 0.02265196), (-0.009211875, -0.007080951, 0.01353125),
            (-0.01039006, -0.01358654, 0.02285162), (-0.01058121, -0.01299366, 0.02255347), (-0.0116617, -0.01391782, 0.02401431), (-0.01016543, -0.005778676, 0.01352986),
            (-0.0116617, -0.005004956, 0.0135288), (-0.01202504, -0.005000931, 0.0135287), (-0.01748248, -0.007714141, 0.01352967), (-0.01735352, -0.007355977, 0.01352939),
            (-0.01702872, -0.007108289, 0.01428235), (-0.01000844, -0.005869305, 0.01352998), (-0.009737605, -0.006174447, 0.01353032), (-0.01091743, -0.005292021, 0.01352924),
            (-0.01811008, -0.009366897, 0.01353096), (-0.01671454, -0.006505783, 0.01352881), (-0.01872191, -0.01161127, 0.01928192), (-0.01077396, -0.01007647, 0.0192025),
            (-0.01065749, -0.01153506, 0.02087799), (-0.01966539, -0.01714601, 0.02911533), (-0.02006267, -0.01714601, 0.02300795), (-0.01875477, -0.01140956, 0.01353258),
            (-0.01909048, -0.01247854, 0.01834048), (-0.0195832, -0.01403436, 0.0198963), (-0.01875309, -0.01149427, 0.01834048), (-0.01811008, -0.009366897, 0.01367302),
            (-0.01875477, -0.01140956, 0.01522884), (-0.01994569, -0.01559019, 0.02145213), (-0.02002858, -0.01714601, 0.02456377), (-0.0194437, -0.01403436, 0.02145213),
            (-0.01993031, -0.01808242, 0.02767542), (-0.01985763, -0.01559019, 0.02300795), (-0.02006874, -0.02492512, 0.01354408), (-0.01994569, -0.01559019, 0.01353594),
            (-0.02006267, -0.01714601, 0.01353727), (-0.0195832, -0.01403436, 0.01353467)
        ]
            uniform token subdivisionScheme = "none"
        }

        def Mesh "gripper_right_col_3"
        {
            int[] faceVertexCounts = [
            3, 3, 3, 3, 3, 3, 3, 3, 3, 3, 3, 3, 3, 3, 3, 3, 3, 3, 3, 3, 3, 3, 3, 3,
            3, 3, 3, 3, 3, 3, 3, 3, 3, 3, 3, 3, 3, 3, 3, 3, 3, 3, 3, 3, 3, 3, 3, 3,
            3, 3, 3, 3, 3, 3, 3, 3, 3, 3, 3, 3, 3, 3, 3, 3, 3, 3, 3, 3, 3, 3, 3, 3,
            3, 3, 3, 3, 3, 3, 3, 3, 3, 3, 3, 3, 3, 3, 3, 3, 3, 3, 3, 3, 3, 3, 3, 3,
            3, 3, 3, 3, 3, 3, 3, 3, 3, 3, 3, 3, 3, 3, 3, 3, 3, 3, 3, 3, 3, 3, 3, 3,
            3, 3, 3, 3, 3, 3, 3, 3, 3, 3, 3, 3, 3, 3, 3, 3, 3, 3, 3, 3, 3, 3, 3, 3,
            3, 3, 3, 3, 3, 3, 3, 3, 3, 3, 3, 3, 3, 3, 3, 3, 3, 3, 3, 3, 3, 3, 3, 3,
            3, 3, 3, 3, 3, 3, 3, 3, 3, 3, 3, 3, 3, 3, 3, 3, 3, 3, 3, 3
        ]
            int[] faceVertexIndices = [
            0, 1, 2, 3, 1, 0, 4, 5, 6, 7, 5, 4, 8, 9, 10, 11, 12, 13, 14, 15, 16, 17, 18, 19,
            20, 21, 17, 20, 17, 0, 0, 2, 20, 22, 3, 0, 0, 17, 22, 22, 19, 23, 17, 19, 22, 23, 24, 25,
            25, 22, 23, 3, 22, 25, 26, 4, 6, 10, 9, 27, 27, 13, 10, 11, 13, 27, 8, 28, 29, 29, 30, 31,
            9, 8, 32, 33, 15, 14, 14, 34, 33, 10, 13, 35, 35, 13, 12, 12, 36, 35, 21, 20, 37, 1, 3, 38,
            3, 25, 38, 39, 40, 41, 41, 40, 23, 23, 19, 41, 41, 19, 18, 41, 18, 42, 11, 27, 43, 43, 34, 44,
            44, 11, 43, 5, 28, 45, 10, 35, 45, 6, 5, 45, 46, 8, 10, 10, 45, 46, 46, 45, 28, 47, 5, 7,
            7, 28, 47, 47, 28, 5, 8, 29, 48, 48, 29, 31, 49, 28, 7, 49, 29, 28, 30, 29, 49, 50, 20, 2,
            50, 36, 12, 51, 11, 44, 7, 4, 52, 4, 26, 52, 53, 41, 42, 42, 54, 53, 53, 54, 55, 55, 56, 53,
            57, 58, 56, 34, 43, 59, 59, 33, 34, 60, 28, 8, 8, 46, 60, 60, 46, 28, 61, 12, 11, 11, 51, 61,
            61, 50, 12, 61, 37, 20, 20, 50, 61, 62, 52, 26, 63, 58, 64, 64, 58, 65, 58, 57, 65, 65, 63, 64,
            65, 57, 55, 66, 63, 65, 67, 56, 55, 55, 57, 67, 67, 57, 56, 68, 69, 70, 71, 68, 72, 69, 68, 71,
            70, 69, 73, 73, 69, 24, 73, 74, 70, 73, 24, 23, 23, 40, 73, 39, 74, 73, 73, 40, 39, 24, 69, 75,
            75, 25, 24, 75, 38, 25, 76, 77, 31, 31, 30, 76, 9, 78, 79, 79, 27, 9, 79, 78, 59, 79, 43, 27,
            79, 59, 43, 52, 62, 80, 80, 62, 81, 81, 76, 80, 82, 75, 69, 82, 71, 83, 69, 71, 82, 84, 49, 7,
            30, 49, 84, 7, 52, 84, 52, 80, 84, 84, 76, 30, 84, 80, 76, 21, 18, 17, 42, 18, 21, 26, 2, 1,
            6, 2, 26, 32, 85, 86, 32, 8, 85, 87, 31, 88, 31, 77, 88, 88, 83, 89, 77, 83, 88, 88, 89, 90,
            45, 35, 36, 45, 36, 6, 85, 8, 48, 91, 85, 48, 48, 87, 91, 48, 31, 87, 50, 2, 6, 6, 36, 50,
            33, 59, 92, 59, 78, 92, 61, 54, 42, 42, 21, 61, 61, 16, 55, 44, 34, 61, 55, 54, 61, 14, 16, 61,
            61, 34, 14, 21, 37, 61, 61, 51, 44, 62, 26, 1, 1, 38, 62, 63, 66, 93, 93, 58, 63, 94, 89, 72,
            93, 66, 94, 90, 89, 94, 94, 66, 90, 41, 53, 94, 39, 41, 94, 94, 58, 93, 56, 58, 94, 94, 53, 56,
            55, 16, 65, 65, 16, 15, 65, 85, 91, 86, 85, 65, 87, 88, 65, 91, 87, 65, 65, 88, 90, 90, 66, 65,
            68, 94, 72, 39, 94, 68, 70, 74, 68, 68, 74, 39, 89, 83, 71, 72, 89, 71, 75, 62, 38, 81, 62, 75,
            95, 32, 86, 9, 32, 95, 95, 92, 78, 95, 78, 9, 81, 75, 82, 82, 76, 81, 82, 83, 77, 77, 76, 82,
            95, 65, 15, 33, 92, 95, 15, 33, 95, 86, 65, 95
        ]
            point3f[] points = [
            (-0.008550057, -0.02959258, 0.03545654), (-0.01007526, -0.03114841, 0.03510446), (-0.008550057, -0.03114841, 0.03553231), (-0.01788499, -0.01870183, 0.03201516),
            (-0.01005283, -0.03581587, 0.03510447), (-0.009796252, -0.03689378, 0.03496185), (-0.008550057, -0.03581587, 0.03553231), (-0.0187355, -0.03667747, 0.03162249),
            (-0.01788499, -0.03752605, 0.02923124), (-0.006994235, -0.03752606, 0.03234288), (-0.006994235, -0.03750993, 0.0338987), (-0.004366578, -0.03687248, 0.03494332),
            (-0.005438413, -0.03581587, 0.03551843), (-0.005438413, -0.03702781, 0.03509057), (-0.000730764, -0.03302606, 0.01355917), (-0.0007709467, -0.03302606, 0.01355616),
            (-0.0006882868, -0.02665074, 0.01355059), (-0.01632917, -0.01714601, 0.03205285), (-0.01632917, -0.01624537, 0.03171872), (-0.01759708, -0.01628628, 0.03166747),
            (-0.002326769, -0.02959258, 0.03549125), (-0.0004735635, -0.01714601, 0.03205285), (-0.01802341, -0.01700993, 0.03180655), (-0.0186343, -0.01640061, 0.03153931),
            (-0.01909585, -0.01700993, 0.03092724), (-0.0187624, -0.01743782, 0.03164234), (-0.01007526, -0.03426005, 0.03510446), (-0.005438413, -0.03746989, 0.0338987),
            (-0.01788499, -0.03731325, 0.03078706), (-0.01930112, -0.03705992, 0.02923124), (-0.01997296, -0.03581587, 0.02923124), (-0.02003593, -0.03581587, 0.02767542),
            (-0.008550057, -0.03752606, 0.03078706), (-0.004195949, -0.03703297, 0.01355878), (-0.0005771756, -0.03302689, 0.03234288), (-0.006994236, -0.03704378, 0.03510446),
            (-0.006994235, -0.03581587, 0.03553231), (-0.0005295121, -0.02959258, 0.03536892), (-0.01881215, -0.01870183, 0.03168103), (-0.01893558, -0.01625293, 0.0298113),
            (-0.01886475, -0.01627762, 0.03050209), (-0.0116617, -0.01391782, 0.02401431), (-0.0004702852, -0.01624537, 0.03171872), (-0.004219616, -0.03701182, 0.0338987),
            (-0.0005641781, -0.03298553, 0.0338987), (-0.008550057, -0.03704378, 0.03510446), (-0.008550057, -0.0374929, 0.0338987), (-0.01788499, -0.03684712, 0.03176245),
            (-0.01933301, -0.03705992, 0.02767542), (-0.01902052, -0.03688961, 0.03078706), (-0.002326769, -0.03114841, 0.03553231), (-0.0005506429, -0.03243483, 0.03510446),
            (-0.0187718, -0.03581587, 0.03165125), (-0.01039006, -0.01358654, 0.02285162), (-0.0004769976, -0.01610965, 0.03078706), (-0.000613961, -0.01550155, 0.01354084),
            (-0.01028282, -0.013611, 0.02265196), (-0.003882591, -0.01550666, 0.01354001), (-0.009803277, -0.01393165, 0.02134941), (-0.004195948, -0.03703297, 0.02767542),
            (-0.01632917, -0.03744107, 0.03078706), (-0.0005392472, -0.03114841, 0.03544817), (-0.01881215, -0.02181347, 0.03168103), (-0.008473387, -0.01698505, 0.01354012),
            (-0.008464706, -0.0169787, 0.01354011), (-0.005363856, -0.01587183, 0.01353994), (-0.009454428, -0.01770296, 0.01354049), (-0.002326769, -0.01550124, 0.0135404),
            (-0.01993031, -0.01808242, 0.02767542), (-0.01999314, -0.01870183, 0.02923124), (-0.01966539, -0.01714601, 0.02911533), (-0.02006267, -0.01870183, 0.02767542),
            (-0.02006267, -0.01870183, 0.02666208), (-0.01966017, -0.01714601, 0.02923124), (-0.01956112, -0.01700992, 0.02923124), (-0.01944251, -0.01870183, 0.03078706),
            (-0.02000658, -0.03426005, 0.02923124), (-0.02006874, -0.03426005, 0.02767542), (-0.005438413, -0.0374991, 0.02767542), (-0.005438413, -0.03747796, 0.03234288),
            (-0.01941257, -0.03426005, 0.03078706), (-0.01944251, -0.02025765, 0.03078706), (-0.02000658, -0.02492512, 0.02923124), (-0.02006874, -0.02492512, 0.02767542),
            (-0.01939535, -0.03581587, 0.03078706), (-0.01788499, -0.03752605, 0.01355569), (-0.008550057, -0.03752606, 0.01355809), (-0.02003593, -0.03581587, 0.01355363),
            (-0.02006874, -0.03426005, 0.01355226), (-0.02006874, -0.02492512, 0.01460187), (-0.02006874, -0.02547032, 0.01354456), (-0.01933301, -0.03705992, 0.0135549),
            (-0.005438413, -0.0374991, 0.01355887), (-0.00925092, -0.01628419, 0.01600304), (-0.01529063, -0.01548853, 0.02611959), (-0.006994236, -0.03752606, 0.01355849)
        ]
            uniform token subdivisionScheme = "none"
        }

        def Mesh "gripper_right_col_4"
        {
            int[] faceVertexCounts = [
            3, 3, 3, 3, 3, 3, 3, 3, 3, 3, 3, 3, 3, 3, 3, 3, 3, 3, 3, 3, 3, 3, 3, 3,
            3, 3, 3, 3, 3, 3, 3, 3, 3, 3, 3, 3, 3, 3, 3, 3, 3, 3, 3, 3, 3, 3, 3, 3,
            3, 3, 3, 3, 3, 3, 3, 3, 3, 3, 3, 3, 3, 3, 3, 3, 3, 3, 3, 3, 3, 3, 3, 3,
            3, 3, 3, 3, 3, 3, 3, 3, 3, 3, 3, 3, 3, 3, 3, 3, 3, 3, 3, 3, 3, 3, 3, 3,
            3, 3, 3, 3, 3, 3, 3, 3, 3, 3, 3, 3, 3, 3, 3, 3, 3, 3, 3, 3, 3, 3, 3, 3,
            3, 3, 3, 3, 3, 3, 3, 3, 3, 3, 3, 3, 3, 3, 3, 3, 3, 3, 3, 3, 3, 3, 3, 3,
            3, 3, 3, 3, 3, 3, 3, 3, 3, 3, 3, 3, 3, 3, 3, 3, 3, 3, 3, 3, 3, 3, 3, 3,
            3, 3, 3, 3, 3, 3, 3, 3, 3, 3, 3, 3, 3, 3, 3, 3, 3, 3, 3, 3, 3, 3, 3, 3,
            3, 3, 3, 3, 3, 3, 3, 3, 3, 3, 3, 3, 3, 3, 3, 3, 3, 3, 3, 3, 3, 3, 3, 3,
            3, 3, 3, 3, 3, 3, 3, 3, 3, 3, 3, 3, 3, 3, 3, 3, 3, 3, 3, 3, 3, 3, 3, 3,
            3, 3, 3, 3, 3, 3, 3, 3, 3, 3, 3, 3, 3, 3, 3, 3, 3, 3, 3, 3, 3, 3, 3, 3,
            3, 3, 3, 3, 3, 3, 3, 3, 3, 3, 3, 3, 3, 3, 3, 3, 3, 3, 3, 3, 3, 3, 3, 3,
            3, 3, 3, 3, 3, 3, 3, 3, 3, 3, 3, 3, 3, 3, 3, 3, 3, 3, 3, 3, 3, 3, 3, 3,
            3, 3
        ]
            int[] faceVertexIndices = [
            0, 1, 2, 3, 4, 5, 5, 6, 3, 7, 3, 8, 5, 9, 10, 10, 6, 5, 11, 3, 10, 10, 3, 6,
            7, 8, 12, 13, 3, 11, 13, 8, 3, 14, 15, 16, 17, 18, 19, 20, 21, 22, 22, 23, 20, 24, 25, 26,
            26, 27, 24, 22, 21, 28, 25, 24, 28, 29, 27, 26, 1, 0, 29, 0, 27, 29, 30, 31, 32, 33, 34, 35,
            19, 7, 36, 7, 12, 36, 36, 17, 19, 37, 17, 36, 38, 39, 40, 41, 42, 43, 44, 45, 46, 47, 9, 5,
            48, 49, 50, 46, 45, 51, 52, 45, 38, 38, 50, 52, 52, 50, 49, 52, 51, 45, 49, 51, 52, 5, 4, 53,
            18, 17, 54, 54, 27, 0, 25, 28, 55, 56, 29, 26, 26, 25, 56, 25, 55, 56, 56, 28, 21, 56, 55, 28,
            2, 57, 58, 57, 59, 58, 60, 57, 30, 60, 59, 57, 61, 32, 62, 30, 32, 61, 63, 32, 31, 63, 31, 30,
            30, 64, 63, 65, 33, 35, 35, 66, 65, 30, 57, 67, 68, 14, 16, 68, 41, 14, 38, 40, 69, 69, 70, 38,
            69, 41, 70, 71, 72, 45, 45, 72, 73, 73, 39, 38, 38, 45, 73, 74, 75, 76, 16, 15, 74, 76, 75, 77,
            70, 78, 79, 80, 51, 49, 46, 51, 80, 80, 44, 46, 81, 82, 83, 83, 84, 81, 85, 78, 70, 86, 78, 85,
            87, 47, 5, 5, 53, 87, 87, 88, 9, 9, 47, 87, 89, 90, 91, 91, 84, 92, 92, 71, 91, 91, 71, 45,
            93, 84, 94, 92, 84, 93, 27, 54, 95, 95, 54, 17, 95, 17, 37, 37, 24, 95, 95, 24, 27, 62, 32, 96,
            97, 34, 15, 15, 14, 98, 98, 97, 15, 99, 98, 14, 97, 98, 99, 100, 101, 102, 35, 101, 100, 103, 66, 100,
            100, 66, 35, 14, 41, 104, 104, 99, 14, 35, 34, 104, 97, 99, 104, 105, 106, 107, 107, 108, 105, 103, 100, 107,
            107, 100, 108, 33, 65, 109, 34, 33, 109, 30, 67, 110, 70, 41, 111, 41, 112, 111, 111, 112, 113, 113, 112, 114,
            115, 112, 41, 41, 68, 115, 115, 68, 16, 16, 114, 115, 115, 114, 112, 75, 74, 116, 116, 74, 15, 48, 50, 117,
            117, 118, 48, 117, 50, 38, 119, 118, 79, 119, 78, 86, 119, 79, 78, 119, 86, 48, 48, 118, 119, 79, 118, 120,
            38, 70, 120, 70, 79, 120, 120, 117, 38, 118, 117, 120, 121, 49, 48, 48, 80, 121, 121, 80, 49, 122, 80, 48,
            48, 74, 122, 76, 123, 122, 122, 74, 76, 124, 90, 89, 82, 81, 124, 123, 82, 124, 124, 122, 123, 80, 122, 124,
            125, 81, 84, 125, 91, 126, 84, 91, 125, 126, 124, 125, 125, 124, 81, 86, 85, 127, 113, 114, 127, 127, 114, 16,
            48, 86, 127, 16, 74, 127, 127, 74, 48, 128, 91, 45, 129, 130, 67, 129, 67, 57, 129, 57, 2, 129, 20, 23,
            129, 23, 131, 132, 109, 129, 62, 96, 133, 134, 133, 135, 135, 133, 96, 136, 96, 32, 32, 63, 136, 137, 101, 35,
            35, 104, 137, 34, 97, 138, 138, 104, 34, 97, 104, 138, 105, 108, 139, 108, 140, 139, 141, 100, 102, 108, 100, 141,
            141, 140, 108, 142, 106, 134, 142, 107, 106, 134, 135, 142, 103, 107, 142, 142, 96, 143, 142, 135, 96, 142, 66, 103,
            142, 136, 66, 143, 136, 142, 67, 130, 144, 144, 110, 67, 144, 130, 63, 144, 63, 64, 144, 64, 30, 30, 110, 144,
            145, 124, 89, 89, 91, 145, 91, 128, 145, 146, 124, 126, 90, 124, 146, 126, 91, 146, 146, 91, 90, 113, 127, 147,
            70, 111, 147, 147, 111, 113, 147, 85, 70, 147, 127, 85, 44, 80, 148, 45, 44, 148, 149, 65, 66, 149, 109, 65,
            149, 129, 109, 130, 129, 149, 143, 96, 150, 150, 136, 143, 96, 136, 150, 104, 151, 152, 80, 124, 153, 124, 145, 153,
            153, 128, 80, 153, 145, 128, 80, 128, 154, 154, 148, 80, 154, 128, 45, 45, 148, 154, 7, 155, 3, 3, 155, 4,
            88, 131, 11, 11, 10, 88, 88, 10, 9, 11, 131, 24, 131, 23, 24, 28, 24, 23, 28, 23, 22, 36, 24, 37,
            11, 24, 36, 36, 13, 11, 8, 13, 36, 36, 12, 8, 4, 82, 53, 53, 82, 123, 4, 155, 84, 155, 94, 84,
            84, 82, 4, 83, 82, 84, 56, 20, 1, 1, 29, 56, 21, 20, 56, 69, 40, 42, 42, 41, 69, 77, 156, 131,
            131, 88, 77, 77, 157, 156, 75, 157, 77, 87, 53, 123, 87, 123, 76, 87, 77, 88, 76, 77, 87, 15, 34, 109,
            116, 157, 75, 116, 158, 157, 116, 109, 132, 15, 109, 116, 132, 158, 116, 1, 20, 129, 2, 1, 129, 131, 156, 129,
            156, 157, 129, 129, 158, 132, 157, 158, 129, 151, 41, 43, 151, 104, 41, 63, 130, 149, 149, 136, 63, 66, 136, 149,
            152, 0, 2, 19, 18, 152, 43, 42, 152, 152, 7, 19, 152, 151, 43, 39, 73, 152, 152, 60, 30, 152, 155, 7,
            152, 40, 39, 62, 133, 152, 152, 54, 0, 152, 106, 105, 152, 94, 155, 2, 58, 152, 152, 61, 62, 92, 93, 152,
            42, 40, 152, 152, 71, 92, 18, 54, 152, 152, 58, 59, 59, 60, 152, 30, 61, 152, 134, 106, 152, 102, 101, 152,
            72, 71, 152, 152, 73, 72, 152, 93, 94, 105, 139, 152, 152, 133, 134, 152, 141, 102, 152, 139, 140, 140, 141, 152,
            101, 137, 152, 152, 137, 104
        ]
            point3f[] points = [
            (-0.0001585528, -0.03302817, 0.007449727), (0.004209882, -0.03703297, 0.01356095), (0.0004278119, -0.03302606, 0.01355646), (0.01789892, -0.02181347, -0.0008403169),
            (0.01789892, -0.02025765, -0.0008557035), (0.01935922, -0.02181348, -0.0001958943), (0.01912787, -0.02296961, 2.404113e-05), (-0.0003640606, -0.02181348, -0.0008403168),
            (0.01167563, -0.03839627, 0.003990001), (0.02004438, -0.03837467, 0.005893905), (0.01930612, -0.03837654, 0.004466017), (0.01789892, -0.03838017, 0.004001657),
            (0.01011981, -0.0384003, 0.00417172), (0.0163431, -0.0383842, 0.003993242), (0.01245674, 0.008535186, 0.0004398614), (0.01958319, -0.01403436, 0.001226439),
            (0.01873343, -0.01152129, 0.0003115117), (0.004567455, -0.03669352, 0.005053758), (-0.0003438406, -0.03211411, 0.005018454), (-0.0003722709, -0.02315872, -0.0001882015),
            (0.005363388, -0.03746573, 0.01356163), (0.005452342, -0.0374991, 0.01356168), (0.008189257, -0.03840554, 0.01356318), (0.01053966, -0.03839946, 0.01356378),
            (0.008292479, -0.03840508, 0.005911712), (0.00815671, -0.03840547, 0.007495959), (0.005452342, -0.03747796, 0.007449727), (0.00423355, -0.03701182, 0.007449727),
            (0.008156587, -0.03840553, 0.009757863), (0.004209881, -0.03703297, 0.01211719), (0.003299139, 0.02174955, 0.01343068), (0.00389652, 0.02174955, 0.01334371),
            (0.00389652, 0.02952866, 0.01237966), (0.01761904, -0.007811075, 0.01211719), (0.01724727, -0.00663313, 0.01056137), (0.00488599, 0.0325327, 0.009005549),
            (0.009770506, -0.03840121, 0.004265712), (0.008797348, -0.03840374, 0.004615407), (0.003494281, 0.03575195, -9.497084e-05), (0.002767891, 0.03673162, -0.0003182191),
            (0.002869682, 0.0379381, 8.054133e-05), (0.003123537, 0.03810129, 0.0004352147), (0.002907506, 0.03828551, 0.0002840462), (0.002978731, 0.03854606, 0.000883096),
            (0.01167563, 0.006191325, -0.0007453174), (0.00389652, 0.03108448, -0.0007164131), (0.01323145, 0.001523858, -0.0007143011), (0.02004396, -0.02181347, 0.001226439),
            (0.01913001, -0.01403436, -0.0001389385), (0.0163431, -0.007811075, -0.000631543), (0.01131215, 0.01085879, -0.0001190061), (0.01478728, -0.003143608, -0.0006769351),
            (0.007008164, 0.02174955, -0.0006346464), (0.01936505, -0.02025765, -0.0002035878), (-0.0002888529, -0.03266609, 0.005893905), (0.008156588, -0.0384055, 0.008957516),
            (0.005452342, -0.0374991, 0.01211719), (0.003392026, 0.01552626, 0.0135147), (0.002703073, 0.01026486, 0.01351913), (0.00276631, 0.01146806, 0.01351809),
            (0.00297892, 0.01552626, 0.01350752), (0.003611561, 0.02952866, 0.01241952), (0.003669356, 0.03108448, 0.01216844), (0.01715576, -0.006941347, 0.01353793),
            (0.005478308, 0.01397044, 0.0135166), (0.01876173, -0.01143162, 0.01354227), (0.01806815, -0.009234052, 0.01354017), (0.003897115, 0.01556885, 0.01351479),
            (0.01092848, 0.01329, 0.0003697871), (0.003248761, 0.03730777, 0.0002026031), (0.00481547, 0.03230926, 0.0001672176), (0.002581921, 0.03399093, -0.0007525741),
            (0.002668592, 0.03538695, -0.0006152416), (0.002694341, 0.03575195, -0.0005471731), (0.01994334, -0.01559019, 0.001226439), (0.02006267, -0.01714601, 0.002782261),
            (0.02005797, -0.01714601, 0.001226439), (0.02008267, -0.02492512, 0.007449727), (0.008037688, 0.02174955, 1.746915e-05), (0.006523219, 0.02641701, -2.739503e-05),
            (0.01789892, -0.01403436, -0.0007910532), (0.01478728, -0.006255253, -0.0008536999), (0.01789892, -0.01714601, -0.0008557033), (0.01323145, -0.001587786, -0.0008557033),
            (0.00389652, 0.02797284, -0.0008557029), (0.009552157, 0.01708208, 7.109253e-05), (0.01737002, -0.007811075, 2.057225e-05), (0.02005797, -0.02025765, 0.001226438),
            (0.02008267, -0.03837461, 0.007449727), (0.01323145, -3.196437e-05, -0.0008311033), (0.01167563, 0.004635503, -0.0008368669), (0.00389652, 0.02952866, -0.000831489),
            (0.002494164, 0.03248683, -0.0008419634), (0.002415213, 0.03100996, -0.0008545436), (0.002340698, 0.02959651, -0.0008557031), (0.004373758, -0.0368776, 0.005893905),
            (0.00389652, 0.03108448, 0.01210736), (0.01761904, -0.007811075, 0.007449727), (0.01700174, -0.005855221, 0.001226439), (0.00488599, 0.0325327, 0.001226439),
            (0.004638334, 0.03331061, 0.009005549), (0.003136172, 0.03807341, 0.002782261), (0.003226839, 0.03773045, 0.003914747), (0.00479618, 0.03222917, 0.01056137),
            (0.003126001, 0.0381091, 0.001226438), (0.003579917, 0.03515364, 0.009005549), (0.003667994, 0.03409739, 0.01050218), (0.00442567, 0.03300708, 0.01056137),
            (0.00419297, 0.03419612, 0.00900555), (0.01958319, -0.01403436, 0.01354477), (0.005452664, 0.01400376, 0.01351656), (0.006343723, 0.02755445, 0.0002069823),
            (0.007871978, 0.02279963, 0.000253716), (0.01567693, -0.00201166, 0.0002097084), (0.01720518, -0.006766476, 0.0002568949), (0.009400231, 0.01804482, 0.0003078542),
            (0.01994569, -0.01559019, 0.002782261), (0.01282661, 0.006191325, -9.320199e-05), (0.01434109, 0.001523858, -6.218599e-05), (0.01585555, -0.003143608, -2.481988e-05),
            (0.005008749, 0.03108448, -6.429809e-05), (0.01789892, -0.01247854, -0.0005773435), (0.01930891, -0.01559019, -0.0001940015), (0.01936505, -0.01714601, -0.000203588),
            (0.01789892, -0.01559019, -0.0008461162), (0.007008164, 0.0186379, -0.0008503539), (0.008563986, 0.01397044, -0.0008463822), (0.01888449, -0.01247854, 7.477065e-05),
            (0.007008164, 0.02019372, -0.0008092462), (0.00389652, 0.01505311, 0.01351524), (0.005050933, 0.01397044, 0.01351649), (0.02008267, -0.03837477, 0.01356622),
            (0.01991612, -0.01546327, 0.0135461), (0.003702311, 0.03252418, 0.01172229), (0.003709157, 0.03284252, 0.01161904), (0.003868387, 0.03251002, 0.01167092),
            (0.01737126, -0.00739471, 0.01353838), (0.003378913, 0.03730777, 0.002782261), (0.01724726, -0.00663313, 0.009005549), (0.003467344, 0.03613716, 0.007293631),
            (0.003395388, 0.03670608, 0.006232143), (0.003371843, 0.03687565, 0.005893905), (0.004695725, 0.03190456, 0.0113638), (0.004837723, 0.03108448, 0.01151413),
            (0.005467151, 0.01398527, 0.01351658), (0.01478728, -0.00469943, -0.0008218754), (0.01011981, 0.009302969, -0.0008419182), (0.01414867, 0.002743155, 0.0001695198),
            (0.01011981, 0.01085879, -0.0007711213), (0.01853695, -0.01071942, 0.01354159), (0.005099959, 0.02952866, 0.01175065), (0.003007482, 0.03846607, 0.001226439),
            (0.003126001, 0.03810578, 0.002658564), (0.0163431, -0.009366897, -0.0008071098), (0.008563986, 0.01552626, -0.0007922534), (-0.0002836385, -0.02025765, -0.000855703),
            (0.02008267, -0.02492512, 0.01355444), (0.02006267, -0.01714601, 0.01354762), (0.01994569, -0.01559019, 0.01354622)
        ]
            uniform token subdivisionScheme = "none"
        }

        def Mesh "gripper_right_col_5"
        {
            int[] faceVertexCounts = [
            3, 3, 3, 3, 3, 3, 3, 3, 3, 3, 3, 3, 3, 3, 3, 3, 3, 3, 3, 3, 3, 3, 3, 3,
            3, 3, 3, 3, 3, 3, 3, 3, 3, 3, 3, 3, 3, 3, 3, 3, 3, 3, 3, 3, 3, 3, 3, 3,
            3, 3, 3, 3, 3, 3, 3, 3, 3, 3, 3, 3, 3, 3, 3, 3, 3, 3, 3, 3, 3, 3, 3, 3,
            3, 3, 3, 3, 3, 3, 3, 3, 3, 3, 3, 3, 3, 3, 3, 3, 3, 3, 3, 3, 3, 3, 3, 3,
            3, 3, 3, 3, 3, 3, 3, 3, 3, 3, 3, 3, 3, 3, 3, 3, 3, 3, 3, 3, 3, 3, 3, 3,
            3, 3, 3, 3, 3, 3, 3, 3, 3, 3, 3, 3, 3, 3, 3, 3, 3, 3, 3, 3, 3, 3, 3, 3,
            3, 3, 3, 3, 3, 3, 3, 3, 3, 3, 3, 3, 3, 3, 3, 3, 3, 3, 3, 3, 3, 3, 3, 3,
            3, 3, 3, 3, 3, 3, 3, 3, 3, 3, 3, 3, 3, 3, 3, 3, 3, 3, 3, 3, 3, 3, 3, 3,
            3, 3, 3, 3, 3, 3, 3, 3, 3, 3, 3, 3, 3, 3, 3, 3, 3, 3, 3, 3, 3, 3, 3, 3,
            3, 3, 3, 3, 3, 3, 3, 3, 3, 3, 3, 3, 3, 3, 3, 3, 3, 3, 3, 3, 3, 3, 3, 3,
            3, 3, 3, 3, 3, 3, 3, 3, 3, 3, 3, 3, 3, 3, 3, 3, 3, 3, 3, 3, 3, 3, 3, 3,
            3, 3, 3, 3, 3, 3, 3, 3, 3, 3, 3, 3, 3, 3, 3, 3, 3, 3, 3, 3, 3, 3, 3, 3,
            3, 3, 3, 3, 3, 3, 3, 3, 3, 3, 3, 3, 3, 3, 3, 3, 3, 3, 3, 3, 3, 3, 3, 3,
            3, 3, 3, 3, 3, 3, 3, 3, 3, 3, 3, 3, 3, 3, 3, 3, 3, 3, 3, 3, 3, 3, 3, 3,
            3, 3, 3, 3, 3, 3, 3, 3, 3, 3, 3, 3, 3, 3, 3, 3, 3, 3, 3, 3, 3, 3, 3, 3,
            3, 3, 3, 3, 3, 3, 3, 3, 3, 3, 3, 3, 3, 3, 3, 3, 3, 3, 3, 3, 3, 3, 3, 3,
            3, 3, 3, 3, 3, 3, 3, 3, 3, 3, 3, 3, 3, 3, 3, 3, 3, 3, 3, 3, 3, 3, 3, 3,
            3, 3, 3, 3, 3, 3, 3, 3, 3, 3, 3, 3, 3, 3, 3, 3, 3, 3, 3, 3, 3, 3, 3, 3,
            3, 3, 3, 3, 3, 3, 3, 3, 3, 3, 3, 3, 3, 3, 3, 3, 3, 3, 3, 3, 3, 3, 3, 3,
            3, 3, 3, 3, 3, 3, 3, 3, 3, 3, 3, 3, 3, 3, 3, 3, 3, 3, 3, 3, 3, 3, 3, 3,
            3, 3, 3, 3, 3, 3, 3, 3, 3, 3, 3, 3, 3, 3, 3, 3
        ]
            int[] faceVertexIndices = [
            0, 1, 2, 3, 1, 4, 5, 6, 7, 8, 6, 5, 9, 10, 11, 12, 13, 14, 5, 4, 15, 16, 17, 18,
            17, 19, 18, 20, 21, 22, 23, 21, 24, 24, 21, 20, 6, 8, 24, 20, 25, 24, 26, 27, 28, 27, 29, 28,
            26, 28, 30, 30, 28, 29, 31, 29, 27, 32, 29, 33, 29, 31, 33, 33, 27, 34, 33, 31, 27, 33, 6, 32,
            33, 7, 6, 35, 7, 33, 34, 4, 33, 33, 4, 35, 35, 4, 36, 36, 7, 35, 36, 4, 5, 5, 7, 36,
            11, 37, 38, 38, 9, 11, 37, 9, 38, 39, 40, 41, 42, 43, 44, 14, 43, 42, 13, 12, 45, 14, 13, 46,
            46, 43, 14, 13, 43, 46, 47, 43, 13, 48, 47, 13, 43, 47, 48, 49, 1, 41, 23, 24, 50, 51, 8, 5,
            5, 15, 51, 52, 53, 54, 54, 50, 52, 52, 49, 53, 1, 49, 52, 55, 56, 37, 37, 56, 57, 41, 1, 58,
            58, 59, 41, 60, 61, 62, 62, 63, 60, 64, 65, 62, 65, 63, 62, 64, 66, 67, 67, 66, 68, 68, 69, 67,
            67, 69, 70, 71, 67, 70, 71, 18, 19, 72, 19, 17, 73, 74, 75, 27, 74, 73, 73, 75, 34, 34, 27, 73,
            75, 74, 76, 76, 77, 75, 78, 77, 76, 75, 77, 79, 80, 17, 16, 81, 82, 83, 34, 75, 83, 44, 43, 84,
            85, 86, 87, 85, 61, 60, 60, 63, 85, 88, 63, 89, 86, 63, 88, 20, 86, 90, 86, 88, 90, 90, 88, 91,
            92, 29, 32, 92, 30, 29, 32, 6, 92, 6, 24, 92, 93, 30, 92, 94, 9, 37, 40, 39, 94, 94, 57, 40,
            37, 57, 94, 9, 94, 95, 95, 94, 39, 10, 9, 95, 95, 96, 10, 41, 59, 97, 97, 39, 41, 97, 95, 39,
            98, 99, 0, 13, 45, 100, 100, 48, 13, 100, 101, 102, 45, 101, 100, 103, 48, 104, 104, 100, 102, 48, 100, 104,
            105, 50, 24, 106, 52, 105, 105, 52, 50, 107, 4, 1, 1, 52, 107, 107, 15, 4, 107, 51, 15, 108, 37, 11,
            108, 55, 37, 1, 0, 109, 0, 99, 109, 110, 70, 111, 70, 69, 111, 16, 18, 112, 113, 114, 115, 116, 18, 117,
            116, 112, 18, 118, 71, 70, 119, 71, 19, 67, 71, 119, 19, 120, 119, 64, 67, 119, 119, 120, 64, 26, 121, 122,
            122, 121, 74, 122, 27, 26, 122, 74, 27, 123, 121, 78, 74, 121, 123, 78, 76, 123, 123, 76, 74, 124, 72, 78,
            78, 121, 124, 75, 79, 125, 126, 79, 77, 72, 79, 126, 126, 77, 78, 78, 72, 126, 127, 128, 129, 130, 83, 82,
            131, 132, 34, 131, 128, 132, 34, 83, 131, 83, 130, 131, 43, 48, 133, 133, 84, 43, 133, 48, 103, 103, 84, 133,
            134, 84, 103, 135, 63, 86, 86, 85, 135, 135, 85, 63, 136, 25, 20, 20, 90, 136, 136, 90, 91, 96, 95, 137,
            95, 97, 137, 138, 139, 140, 138, 140, 141, 142, 143, 117, 144, 101, 45, 145, 105, 51, 106, 105, 145, 51, 107, 145,
            146, 62, 61, 64, 62, 147, 148, 65, 64, 64, 120, 148, 148, 120, 65, 149, 124, 150, 19, 72, 149, 149, 120, 19,
            68, 66, 151, 152, 115, 153, 153, 115, 114, 154, 155, 156, 156, 157, 154, 158, 159, 160, 160, 115, 158, 159, 156, 160,
            160, 156, 155, 160, 155, 113, 113, 115, 160, 141, 140, 161, 81, 83, 162, 162, 125, 81, 162, 83, 75, 75, 125, 162,
            163, 79, 72, 163, 125, 79, 81, 125, 163, 163, 72, 17, 17, 80, 163, 163, 80, 81, 164, 80, 16, 165, 115, 152,
            152, 166, 167, 167, 165, 152, 167, 166, 82, 81, 80, 167, 167, 82, 81, 82, 166, 168, 168, 130, 82, 169, 30, 93,
            154, 157, 170, 157, 156, 171, 64, 147, 172, 172, 66, 64, 172, 173, 66, 174, 175, 172, 172, 175, 173, 72, 124, 176,
            176, 149, 72, 124, 149, 176, 177, 178, 89, 89, 63, 177, 177, 63, 65, 179, 177, 180, 181, 179, 180, 181, 177, 65,
            180, 177, 181, 181, 149, 150, 120, 149, 181, 65, 120, 181, 173, 175, 182, 183, 184, 116, 185, 156, 186, 186, 183, 185,
            184, 183, 186, 187, 184, 159, 116, 184, 187, 116, 188, 189, 190, 156, 185, 185, 183, 190, 191, 192, 118, 191, 70, 110,
            191, 118, 70, 141, 161, 193, 118, 192, 193, 193, 161, 118, 140, 142, 194, 194, 161, 140, 194, 142, 117, 71, 118, 194,
            118, 161, 194, 117, 18, 194, 18, 71, 194, 158, 115, 195, 115, 165, 195, 196, 167, 80, 165, 167, 196, 26, 30, 197,
            30, 169, 197, 198, 156, 117, 117, 171, 198, 198, 171, 156, 117, 143, 199, 199, 171, 117, 199, 170, 157, 157, 171, 199,
            174, 172, 200, 89, 178, 201, 201, 88, 89, 91, 88, 201, 150, 124, 202, 202, 124, 121, 177, 179, 203, 159, 184, 204,
            184, 186, 204, 204, 156, 159, 204, 186, 156, 205, 187, 159, 116, 187, 205, 159, 188, 205, 205, 188, 116, 206, 207, 158,
            208, 164, 16, 16, 112, 208, 208, 189, 209, 112, 116, 208, 116, 189, 208, 210, 159, 158, 158, 207, 210, 210, 207, 159,
            211, 207, 209, 209, 189, 211, 159, 207, 211, 117, 156, 212, 156, 190, 212, 213, 190, 183, 213, 116, 117, 213, 183, 116,
            117, 212, 213, 213, 212, 190, 214, 195, 165, 80, 164, 215, 165, 196, 216, 216, 214, 165, 217, 214, 216, 80, 217, 216,
            216, 196, 80, 218, 121, 26, 26, 197, 218, 219, 197, 169, 219, 218, 197, 220, 218, 219, 221, 172, 147, 221, 200, 172,
            221, 147, 62, 222, 200, 221, 223, 181, 150, 179, 181, 223, 202, 224, 223, 223, 203, 179, 224, 203, 223, 225, 203, 224,
            178, 177, 225, 177, 203, 225, 209, 207, 226, 226, 208, 209, 207, 206, 226, 206, 208, 226, 227, 189, 188, 227, 211, 189,
            227, 188, 159, 159, 211, 227, 228, 215, 229, 229, 230, 228, 164, 208, 231, 231, 215, 164, 231, 229, 215, 231, 208, 206,
            232, 215, 228, 195, 214, 233, 233, 214, 217, 234, 202, 121, 121, 218, 234, 234, 218, 220, 220, 235, 234, 234, 235, 202,
            236, 224, 202, 202, 235, 236, 236, 225, 224, 150, 202, 237, 237, 223, 150, 202, 223, 237, 228, 230, 238, 238, 232, 228,
            195, 232, 238, 158, 195, 238, 238, 230, 158, 230, 229, 239, 229, 231, 239, 239, 231, 206, 239, 206, 158, 158, 230, 239,
            195, 233, 240, 240, 232, 195, 215, 232, 240, 241, 233, 217, 241, 217, 80, 80, 215, 241, 215, 240, 241, 241, 240, 233,
            3, 242, 1, 1, 242, 2, 4, 132, 3, 34, 132, 4, 3, 132, 243, 132, 128, 243, 243, 128, 127, 87, 86, 22,
            22, 86, 20, 45, 12, 11, 11, 10, 45, 244, 242, 3, 244, 245, 242, 3, 243, 244, 244, 243, 246, 25, 93, 92,
            92, 24, 25, 101, 0, 2, 2, 102, 101, 2, 242, 104, 104, 102, 2, 104, 245, 103, 242, 245, 104, 105, 24, 8,
            8, 51, 105, 108, 42, 247, 14, 42, 108, 11, 12, 108, 108, 12, 14, 109, 58, 1, 248, 58, 109, 109, 99, 248,
            154, 42, 155, 155, 42, 44, 44, 84, 155, 155, 84, 113, 152, 128, 131, 131, 166, 152, 245, 244, 249, 103, 245, 249,
            249, 244, 246, 243, 114, 249, 246, 243, 249, 103, 249, 134, 134, 249, 114, 113, 84, 134, 134, 114, 113, 248, 99, 137,
            99, 96, 137, 137, 58, 248, 137, 97, 59, 59, 58, 137, 144, 45, 10, 10, 96, 144, 0, 101, 144, 144, 98, 0,
            144, 96, 99, 99, 98, 144, 145, 52, 106, 145, 107, 52, 153, 128, 152, 153, 129, 128, 153, 114, 243, 153, 243, 127,
            127, 129, 153, 166, 131, 168, 168, 131, 130, 169, 93, 25, 25, 136, 169, 66, 173, 182, 182, 151, 66, 247, 42, 199,
            199, 42, 154, 199, 139, 247, 140, 139, 199, 199, 142, 140, 143, 142, 199, 154, 170, 199, 41, 40, 200, 200, 49, 41,
            141, 193, 200, 200, 50, 54, 40, 57, 200, 87, 22, 200, 23, 50, 200, 200, 85, 87, 110, 111, 200, 200, 21, 23,
            68, 151, 200, 54, 53, 200, 247, 139, 200, 200, 108, 247, 200, 22, 21, 53, 49, 200, 56, 55, 200, 200, 57, 56,
            200, 69, 68, 61, 85, 200, 200, 175, 174, 55, 108, 200, 200, 138, 141, 200, 111, 69, 200, 146, 61, 139, 138, 200,
            222, 146, 200, 200, 182, 175, 200, 191, 110, 151, 182, 200, 192, 191, 200, 200, 193, 192, 219, 169, 136, 219, 136, 91,
            91, 201, 219, 219, 201, 220, 221, 146, 222, 62, 146, 221, 220, 201, 235, 235, 201, 178, 236, 235, 178, 178, 225, 236
        ]
            point3f[] points = [
            (-0.01788499, -0.03752605, 0.01355568), (0.002340698, 0.01632282, 0.01351373), (-0.01933301, -0.03705992, 0.0135549), (-0.003194054, 0.009302969, 0.01351845),
            (-0.0007709467, 0.02372924, 0.01350644), (-0.0007709465, 0.0255914, 0.01350481), (-0.002326769, 0.02641701, 0.01349936), (-0.0029033, 0.02174955, 0.01350762),
            (-0.0007709469, 0.02641701, 0.01344284), (-0.005438413, -0.03718976, 0.005893905), (-0.0116617, -0.03750753, 0.005893905), (-0.0116617, -0.0370414, 0.004693454),
            (-0.01788499, -0.0370414, 0.004693454), (-0.01910332, -0.0368922, 0.0048343), (-0.01788499, -0.02181347, -0.0008403166), (-0.0006099642, 0.02502217, 0.01350535),
            (-0.001941187, 0.04041941, -8.912789e-05), (-0.001707464, 0.04138715, 0.0001494581), (-0.0007709465, 0.04041941, -0.0007357516), (-0.0007709467, 0.04170573, -9.634043e-05),
            (0.002340698, 0.0326403, 0.01214347), (0.003669356, 0.03108448, 0.01216844), (0.003702311, 0.03252418, 0.01172229), (0.003611561, 0.02952866, 0.01241952),
            (0.002340697, 0.03108448, 0.01252574), (0.0007848756, 0.0326403, 0.01215534), (-0.003321095, 0.03363509, 0.01149773), (-0.004688216, 0.03191683, 0.01137116),
            (-0.003856858, 0.03251738, 0.01167646), (-0.003882591, 0.03108448, 0.01211607), (-0.002326769, 0.0326403, 0.01214487), (-0.004832096, 0.03108448, 0.01152284),
            (-0.003419861, 0.02752233, 0.01307156), (-0.01735352, -0.007355977, 0.01352939), (-0.01811008, -0.009366897, 0.01353096), (-0.002614114, 0.0214622, 0.01350795),
            (-0.001144206, 0.02486119, 0.01350535), (-0.004553525, -0.03669352, 0.005053758), (-0.005438413, -0.03674767, 0.005020547), (-0.004219616, -0.03701182, 0.007449727),
            (-0.0001585524, -0.03302817, 0.007449727), (0.0004278115, -0.03302606, 0.01355646), (-0.01788499, -0.02025765, -0.0008557032), (-0.01935222, -0.02181347, -0.0001958945),
            (-0.01935768, -0.02025765, -0.0002035878), (-0.01788499, -0.03750753, 0.005893905), (-0.01911881, -0.02296961, 2.404117e-05), (-0.01932352, -0.03581587, 0.004693454),
            (-0.02001004, -0.03581587, 0.005893905), (0.002703073, 0.01026486, 0.01351913), (0.003299139, 0.02174955, 0.01343068), (0.0007848755, 0.02408323, 0.01350653),
            (0.002760566, 0.02174955, 0.01350908), (0.00276631, 0.01146806, 0.01351809), (0.00297892, 0.01552626, 0.01350752), (-0.0003722712, -0.02315872, -0.0001882015),
            (-0.0003438406, -0.03211411, 0.005018454), (-0.0002888527, -0.03266609, 0.005893905), (-0.004287169, -0.03706719, 0.01355879), (-0.004195948, -0.03703297, 0.01355878),
            (0.003451156, 0.03535475, 0.009005549), (0.003579917, 0.03515364, 0.009005549), (0.003249597, 0.0366913, 0.006967638), (0.003245887, 0.03508463, 0.009937642),
            (0.001717484, 0.0413831, 0.0007913488), (0.00172167, 0.0397753, 0.003774613), (0.002867723, 0.03888701, 0.001226439), (0.001717484, 0.0413831, 0.0001533855),
            (0.002978731, 0.03854606, 0.000883096), (0.002907506, 0.03828551, 0.0002840462), (0.001948702, 0.04041941, -8.539939e-05), (0.0007848756, 0.04041941, -0.0007320224),
            (-0.001707465, 0.04138715, 0.0007987215), (-0.004790549, 0.03224941, 0.01056137), (-0.004418649, 0.03302732, 0.01056137), (-0.004631795, 0.03333268, 0.009005549),
            (-0.004193227, 0.03419612, 0.009005549), (-0.003335673, 0.03695305, 0.005893905), (-0.00323942, 0.03669532, 0.006975011), (-0.003114251, 0.03810655, 0.003640715),
            (-0.003114251, 0.03811601, 0.0004229177), (-0.003119037, 0.03813116, 0.001226439), (-0.0109369, 0.01336081, 0.001226438), (-0.004879025, 0.03255477, 0.009005549),
            (-0.02005757, -0.02025765, 0.001226439), (0.003667994, 0.03409739, 0.01050218), (0.003331024, 0.03363215, 0.01149586), (0.003709157, 0.03284252, 0.01161904),
            (0.002340698, 0.03454161, 0.01088025), (0.002340698, 0.03522852, 0.01010234), (0.002340698, 0.0337637, 0.01158602), (0.0007848759, 0.03456619, 0.01096786),
            (-0.002326769, 0.03108448, 0.01252574), (-0.0007709467, 0.0326403, 0.01215534), (-0.004359826, -0.0368776, 0.005893905), (-0.005438413, -0.03747796, 0.007449727),
            (-0.006994235, -0.03752606, 0.007449727), (-0.004195948, -0.03703296, 0.01211719), (-0.008550057, -0.03752606, 0.01355809), (-0.006994235, -0.03752606, 0.01355849),
            (-0.01932826, -0.03705066, 0.005893905), (-0.01788499, -0.03752605, 0.007449727), (-0.01933301, -0.03705992, 0.007449727), (-0.02006874, -0.03426005, 0.007449727),
            (-0.02003593, -0.03581587, 0.007449727), (0.002340698, 0.02330537, 0.01344284), (0.002340698, 0.02250562, 0.01350831), (0.002515205, 0.02192031, 0.01350887),
            (-0.0003640606, -0.02181347, -0.000840317), (-0.0116617, -0.03752605, 0.01355729), (0.002767891, 0.03673162, -0.0003182191), (0.002869682, 0.0379381, 8.054165e-05),
            (-0.002326769, 0.03730777, -0.000462486), (-0.02005757, -0.01714601, 0.001226438), (-0.02006267, -0.01714601, 0.002782261), (-0.01994314, -0.01559018, 0.001226439),
            (-0.002326769, 0.03575195, -0.0007517274), (-0.0007709469, 0.03886359, -0.0008429992), (0.002340698, 0.03575195, -0.0007470859), (0.0007848756, 0.04170269, -9.339502e-05),
            (0.0008001573, 0.04166287, 0.001276549), (-0.00323668, 0.0350883, 0.009942209), (-0.003612726, 0.03417067, 0.01050104), (-0.003444024, 0.03536052, 0.009005549),
            (-0.001712546, 0.03977882, 0.003779149), (-0.003119037, 0.03812408, 0.002782261), (-0.00302285, 0.03796586, 0.004677929), (-0.01995599, -0.01572715, 0.01353605),
            (-0.0195832, -0.01403436, 0.01353467), (-0.01994569, -0.01559019, 0.01353594), (-0.01699478, -0.005833154, 0.01056137), (-0.01875477, -0.01140956, 0.01353258),
            (-0.01913618, -0.01261801, 0.01353354), (-0.02004409, -0.02181347, 0.001226438), (-0.02006267, -0.02025765, 0.002782261), (0.003618297, 0.0341689, 0.0104983),
            (0.0007848757, 0.03378828, 0.0115979), (-0.005438413, -0.03749911, 0.01211719), (0.002415214, 0.03100996, -0.0008545432), (0.002340698, 0.02959651, -0.0008557031),
            (0.002340698, 0.0326403, -0.0008557033), (0.002494164, 0.03248683, -0.0008419636), (0.0007848758, 0.03730777, -0.0008557033), (-0.0007709465, 0.03730777, -0.0008557032),
            (-0.008550057, -0.03752606, 0.007449727), (0.001551995, 0.02330537, 0.01350741), (0.003467344, 0.03613716, 0.007293631), (0.003031822, 0.03795768, 0.004639856),
            (0.001328952, 0.04110139, 0.001828564), (-0.0007895219, 0.0416653, 0.001280972), (-0.0002832977, 0.04129941, 0.002140255), (0.003007481, 0.03846607, 0.001226439),
            (-0.0195832, -0.01403436, 0.001226438), (-0.01994569, -0.01559019, 0.002782261), (-0.01788499, -0.01714601, -0.0008557031), (-0.01935768, -0.01714601, -0.0002035876),
            (-0.01788499, -0.01559019, -0.0008468227), (-0.01477335, -0.006255253, -0.0008542669), (-0.01912305, -0.01403436, -0.0001421192), (-0.01788499, -0.01403436, -0.0007942346),
            (-0.01930175, -0.01559019, -0.0001947075), (0.002340698, 0.03419613, -0.0008372036), (-0.003378913, 0.03730777, 0.002782261), (-0.002860667, 0.03890908, 0.001226439),
            (-0.003241796, 0.03730777, 0.0001896288), (-0.01872415, -0.01150658, 0.000301775), (-0.01875477, -0.01140956, 0.001226438), (-0.01244745, 0.008549897, 0.000427477),
            (-0.01699478, -0.005833154, 0.00900555), (-0.0007709465, 0.03378828, 0.0115979), (-0.01321752, -0.001587786, -0.0008557031), (-0.006994236, 0.0186379, -0.0008509805),
            (0.003123537, 0.03809648, 0.003602643), (0.003126001, 0.03810549, 0.002782261), (0.003226839, 0.03773045, 0.003914747), (0.003136172, 0.03807341, 0.002782261),
            (-0.001320512, 0.04110542, 0.001835935), (0.001813811, 0.03662952, 0.008360318), (0.0007848756, 0.03609501, 0.009204569), (0.0007848753, 0.03861039, 0.005832582),
            (0.0007848753, 0.03938829, 0.004729688), (0.0002917376, 0.04129941, 0.002140255), (0.003126001, 0.03810578, 0.002658564), (-0.003882591, 0.02952866, -0.0008325067),
            (-0.006994235, 0.02019372, -0.0008117375), (-0.01321752, -3.196397e-05, -0.00083213), (-0.01477335, -0.00469943, -0.0008238394), (-0.008550057, 0.01552626, -0.0007953908),
            (-0.0116617, 0.006191325, -0.0007500135), (-0.003882591, 0.03108448, -0.0007219645), (-0.0116617, 0.004635503, -0.0008377639), (0.00269434, 0.03575194, -0.0005471734),
            (0.002668593, 0.03538695, -0.0006152415), (0.002581922, 0.03399093, -0.0007525744), (0.0007848757, 0.03886359, -0.0008422151), (-0.01887753, -0.01247854, 6.499423e-05),
            (-0.0109192, 0.01330471, 0.0003587954), (-0.002326769, 0.0337659, 0.01158743), (-0.008550057, 0.01397044, -0.0008470831), (-0.003882591, 0.02797283, -0.000855703),
            (0.003371843, 0.03687565, 0.005893905), (0.0007848757, 0.0353171, 0.01018994), (-0.001804243, 0.03662953, 0.008360318), (0.0007848752, 0.03804161, 0.006610493),
            (-0.01632917, -0.009366897, -0.0008090613), (-0.01010588, 0.01085879, -0.000774993), (-0.01281965, 0.006191325, -9.789851e-05), (-0.01632917, -0.007811074, -0.0006397844),
            (-0.003487316, 0.03575195, -9.961174e-05), (-0.006994236, 0.02174955, -0.0006427949), (-0.01788499, -0.01247854, -0.0005871212), (-0.01477335, -0.003143608, -0.0006837672),
            (-0.01010588, 0.009302969, -0.0008427084), (-0.002326769, 0.03419612, -0.0008380932), (-0.01719589, -0.006751765, 0.000248438), (-0.004806184, 0.03232398, 0.0001611728),
            (-0.009390945, 0.01805953, 0.0002981999), (-0.007862692, 0.02281434, 0.0002453377), (-0.002326769, 0.03454381, 0.01088367), (-0.0007709464, 0.03456619, 0.01096786),
            (-0.0007709465, 0.0353171, 0.01018995), (0.003343306, 0.03694389, 0.005893905), (0.003395388, 0.03670608, 0.006232143), (-0.0007709467, 0.03861198, 0.005832895),
            (-0.0007709466, 0.03804161, 0.006610806), (0.0007848756, 0.0374132, 0.007449727), (-0.01130518, 0.01085879, -0.0001228777), (-0.01321752, 0.001523858, -0.0007199132),
            (-0.008030724, 0.02174955, 9.320295e-06), (-0.006516254, 0.02641701, -3.414327e-05), (-0.01584859, -0.003143608, -3.165191e-05), (-0.005001786, 0.03108448, -6.985001e-05),
            (-0.009545193, 0.01708208, 6.141627e-05), (-0.01566764, -0.001996949, 0.000202462), (-0.002326769, 0.03523127, 0.01010576), (-0.0007709468, 0.03609501, 0.009204569),
            (-0.0007709466, 0.0374132, 0.007449727), (-0.0007709464, 0.0393899, 0.004733091), (-0.01736306, -0.007811074, 1.233098e-05), (-0.01433412, 0.001523858, -6.779816e-05),
            (-0.01413938, 0.002757867, 0.0001634067), (-0.006334438, 0.02756916, 0.0001998098), (-0.02003593, -0.03581587, 0.01355363), (-0.02006267, -0.01714601, 0.01353727),
            (-0.02006874, -0.02971732, 0.01354828), (-0.02006874, -0.03426005, 0.01355226), (-0.02006874, -0.02492512, 0.01354408), (-0.0002836391, -0.02025765, -0.0008557029),
            (-0.005438413, -0.0374991, 0.01355887), (-0.02006874, -0.02492512, 0.007449727)
        ]
            uniform token subdivisionScheme = "none"
        }

        def Mesh "gripper_right_col_6"
        {
            int[] faceVertexCounts = [
            3, 3, 3, 3, 3, 3, 3, 3, 3, 3, 3, 3, 3, 3, 3, 3, 3, 3, 3, 3, 3, 3, 3, 3,
            3, 3, 3, 3, 3, 3, 3, 3, 3, 3, 3, 3, 3, 3, 3, 3, 3, 3, 3, 3, 3, 3, 3, 3,
            3, 3, 3, 3, 3, 3, 3, 3, 3, 3, 3, 3, 3, 3, 3, 3, 3, 3, 3, 3, 3, 3, 3, 3,
            3, 3, 3, 3, 3, 3, 3, 3, 3, 3, 3, 3, 3, 3, 3, 3, 3, 3, 3, 3, 3, 3, 3, 3,
            3, 3, 3, 3, 3, 3, 3, 3, 3, 3, 3, 3, 3, 3, 3, 3, 3, 3, 3, 3, 3, 3, 3, 3,
            3, 3, 3, 3, 3, 3, 3, 3, 3, 3, 3, 3, 3, 3, 3, 3, 3, 3, 3, 3, 3, 3, 3, 3,
            3, 3, 3, 3, 3, 3, 3, 3, 3, 3, 3, 3, 3, 3, 3, 3, 3, 3, 3, 3, 3, 3, 3, 3,
            3, 3, 3, 3, 3, 3, 3, 3, 3, 3, 3, 3, 3, 3, 3, 3, 3, 3, 3, 3, 3, 3, 3, 3,
            3, 3, 3, 3, 3, 3, 3, 3, 3, 3, 3, 3, 3, 3, 3, 3, 3, 3, 3, 3, 3, 3, 3, 3,
            3, 3, 3, 3, 3, 3, 3, 3, 3, 3, 3, 3, 3, 3, 3, 3, 3, 3, 3, 3, 3, 3, 3, 3,
            3, 3, 3, 3, 3, 3, 3, 3, 3, 3, 3, 3, 3, 3, 3, 3, 3, 3, 3, 3, 3, 3, 3, 3,
            3, 3, 3, 3, 3, 3, 3, 3, 3, 3, 3, 3, 3, 3, 3, 3, 3, 3, 3, 3, 3, 3, 3, 3,
            3, 3, 3, 3, 3, 3, 3, 3, 3, 3, 3, 3, 3, 3, 3, 3, 3, 3, 3, 3, 3, 3, 3, 3,
            3
        ]
            int[] faceVertexIndices = [
            0, 1, 2, 3, 4, 5, 5, 6, 3, 7, 3, 6, 8, 9, 10, 10, 4, 8, 5, 4, 10, 11, 7, 12,
            13, 14, 15, 16, 7, 11, 3, 7, 16, 4, 3, 17, 18, 19, 20, 20, 19, 21, 22, 23, 24, 23, 25, 24,
            26, 24, 25, 27, 28, 22, 29, 30, 31, 30, 32, 31, 33, 30, 29, 29, 34, 33, 35, 33, 34, 30, 33, 35,
            35, 36, 30, 37, 38, 39, 40, 41, 42, 40, 16, 11, 42, 16, 40, 43, 2, 42, 42, 41, 43, 44, 45, 4,
            4, 17, 44, 3, 16, 46, 46, 17, 3, 46, 16, 42, 1, 44, 46, 46, 44, 17, 18, 20, 47, 47, 20, 48,
            49, 50, 51, 52, 50, 49, 53, 26, 54, 54, 26, 25, 55, 6, 5, 5, 10, 55, 10, 26, 55, 55, 26, 53,
            56, 23, 57, 57, 23, 22, 58, 59, 34, 34, 59, 60, 8, 34, 60, 61, 27, 9, 62, 27, 61, 61, 9, 8,
            8, 60, 61, 61, 60, 59, 63, 27, 62, 28, 27, 63, 9, 27, 64, 64, 10, 9, 64, 26, 10, 24, 26, 64,
            22, 24, 64, 64, 27, 22, 15, 14, 65, 65, 14, 66, 67, 32, 30, 0, 21, 68, 21, 69, 68, 68, 1, 0,
            68, 44, 1, 69, 44, 68, 70, 69, 21, 70, 44, 69, 45, 44, 70, 71, 35, 34, 71, 34, 8, 72, 73, 74,
            75, 37, 39, 75, 74, 73, 52, 37, 76, 76, 73, 50, 76, 50, 52, 76, 75, 73, 37, 75, 76, 77, 78, 79,
            80, 81, 82, 83, 13, 84, 84, 85, 83, 14, 13, 83, 86, 85, 87, 0, 2, 88, 2, 43, 88, 18, 47, 89,
            90, 91, 92, 93, 23, 56, 93, 25, 23, 93, 54, 25, 53, 54, 93, 94, 92, 95, 53, 96, 97, 97, 55, 53,
            6, 55, 97, 97, 7, 6, 97, 12, 7, 22, 28, 98, 98, 57, 22, 99, 34, 29, 99, 58, 34, 62, 61, 100,
            36, 35, 101, 35, 70, 101, 35, 71, 102, 45, 70, 102, 102, 70, 35, 102, 71, 8, 8, 4, 102, 4, 45, 102,
            103, 104, 105, 106, 104, 103, 107, 108, 38, 38, 37, 107, 81, 108, 107, 107, 37, 52, 80, 82, 109, 110, 85, 86,
            110, 83, 85, 66, 14, 110, 14, 83, 110, 86, 111, 110, 86, 87, 112, 112, 111, 86, 113, 78, 77, 114, 113, 77,
            115, 113, 114, 116, 40, 11, 41, 40, 116, 11, 12, 116, 116, 113, 115, 117, 118, 12, 12, 97, 117, 117, 97, 96,
            119, 21, 0, 0, 88, 119, 119, 20, 21, 48, 20, 119, 119, 120, 48, 121, 47, 48, 48, 120, 121, 122, 65, 66,
            53, 93, 123, 123, 124, 53, 125, 61, 59, 125, 100, 61, 21, 36, 126, 36, 101, 126, 126, 70, 21, 126, 101, 70,
            18, 105, 127, 127, 19, 18, 127, 105, 104, 21, 19, 127, 127, 36, 21, 30, 36, 127, 127, 104, 30, 128, 67, 30,
            30, 104, 128, 104, 106, 128, 129, 79, 78, 78, 118, 129, 130, 108, 81, 130, 81, 80, 131, 87, 85, 131, 85, 84,
            132, 110, 111, 66, 110, 132, 133, 118, 78, 78, 113, 133, 12, 118, 133, 41, 116, 134, 134, 116, 115, 135, 122, 66,
            66, 132, 135, 136, 117, 96, 124, 123, 136, 136, 123, 93, 137, 88, 43, 138, 129, 118, 118, 117, 138, 117, 136, 138,
            113, 116, 139, 139, 133, 113, 139, 116, 12, 12, 133, 139, 115, 114, 140, 140, 134, 115, 141, 136, 96, 124, 136, 141,
            141, 96, 53, 53, 124, 141, 142, 143, 144, 120, 119, 142, 145, 89, 47, 47, 121, 145, 51, 146, 147, 147, 49, 51,
            52, 49, 147, 147, 82, 81, 148, 109, 82, 82, 147, 148, 148, 147, 146, 149, 119, 88, 149, 142, 119, 88, 137, 149,
            149, 137, 150, 150, 143, 149, 143, 142, 149, 52, 147, 151, 151, 147, 81, 151, 107, 52, 81, 107, 151, 152, 145, 121,
            152, 121, 120, 153, 152, 120, 153, 142, 144, 120, 142, 153, 144, 154, 153, 154, 152, 153, 38, 15, 39, 38, 13, 15,
            42, 2, 46, 46, 2, 1, 155, 73, 72, 50, 73, 155, 39, 156, 75, 156, 157, 75, 157, 74, 75, 13, 38, 108,
            84, 13, 108, 158, 156, 39, 39, 15, 158, 15, 65, 158, 65, 159, 158, 50, 155, 105, 105, 155, 103, 51, 50, 105,
            18, 89, 105, 105, 89, 51, 80, 109, 112, 112, 87, 80, 90, 159, 122, 122, 159, 65, 156, 158, 128, 29, 31, 128,
            128, 63, 62, 62, 100, 128, 128, 94, 56, 56, 57, 128, 128, 98, 28, 128, 99, 29, 128, 31, 32, 128, 155, 72,
            128, 157, 156, 72, 74, 128, 90, 92, 128, 59, 58, 128, 28, 63, 128, 128, 159, 90, 103, 155, 128, 128, 158, 159,
            128, 74, 157, 128, 92, 94, 57, 98, 128, 58, 99, 128, 128, 125, 59, 100, 125, 128, 129, 112, 79, 111, 112, 129,
            80, 87, 131, 131, 130, 80, 84, 108, 131, 108, 130, 131, 135, 95, 92, 135, 92, 91, 91, 122, 135, 56, 94, 136,
            94, 95, 136, 95, 135, 136, 136, 93, 56, 143, 77, 144, 143, 114, 77, 41, 134, 137, 137, 43, 41, 77, 79, 154,
            144, 77, 154, 154, 112, 109, 79, 112, 154, 111, 129, 138, 138, 132, 111, 138, 136, 135, 138, 135, 132, 114, 143, 140,
            140, 143, 150, 140, 137, 134, 150, 137, 140, 51, 89, 145, 145, 146, 51, 146, 145, 152, 152, 148, 146, 152, 154, 109,
            109, 148, 152
        ]
            point3f[] points = [
            (0.007297482, -0.0468585, -0.05645028), (0.006527801, -0.04515081, -0.05478316), (0.006618532, -0.04515081, -0.05633898), (0.006514969, -0.04203916, -0.05322734),
            (0.006474623, -0.04359499, -0.03611329), (0.006497824, -0.04203916, -0.03611329), (0.007155557, -0.04058162, -0.05322734), (0.0071656, -0.04058005, -0.05478316),
            (0.006471247, -0.04359499, -0.009664317), (0.006498701, -0.04203916, -0.006552672), (0.006493158, -0.04203916, -0.01277596), (0.007210966, -0.04060543, -0.05633898),
            (0.008563986, -0.03989017, -0.05633898), (0.02004294, -0.04203916, -0.05633898), (0.01935988, -0.04054142, -0.05633898), (0.02006941, -0.04203916, -0.05478316),
            (0.006531645, -0.04203916, -0.05478316), (0.006504898, -0.04359499, -0.05322734), (0.01011981, -0.04752606, -0.05633898), (0.008563986, -0.04751895, -0.03611329),
            (0.008452687, -0.04750945, -0.05645028), (0.00774369, -0.04749838, -0.05600587), (0.008563986, -0.03986544, -0.003441028), (0.01011981, -0.03981704, -0.003441029),
            (0.008563986, -0.03985051, -0.006552673), (0.008563986, -0.03984683, -0.01277596), (0.007148691, -0.04056837, -0.01277596), (0.007152285, -0.04058635, -0.003441029),
            (0.008563986, -0.03999475, -0.001825482), (0.007342951, -0.04675733, -0.001833604), (0.007739867, -0.04749838, -0.002590167), (0.008138168, -0.04736085, -0.001833962),
            (0.008708466, -0.04750305, -0.001833891), (0.007248438, -0.04683548, -0.003359346), (0.006506073, -0.04515081, -0.003441028), (0.007106753, -0.04670663, -0.009664317),
            (0.007739366, -0.04750051, -0.009664316), (0.01942337, -0.04670663, -0.05633898), (0.02004294, -0.04515081, -0.05633898), (0.02006941, -0.04515081, -0.05478316),
            (0.006622376, -0.04203916, -0.05633898), (0.007283807, -0.04203916, -0.05742059), (0.006608895, -0.04359499, -0.05633898), (0.007283807, -0.04515081, -0.05742058),
            (0.006511297, -0.04515081, -0.05322734), (0.00649353, -0.04515081, -0.03611329), (0.006518164, -0.04359499, -0.05478316), (0.01323145, -0.0475226, -0.0578948),
            (0.008897094, -0.04749838, -0.05715009), (0.01783668, -0.04750945, -0.05783256), (0.01789892, -0.04752606, -0.05633898), (0.0163431, -0.04752606, -0.0578948),
            (0.01871754, -0.04749838, -0.05727246), (0.008563986, -0.0398464, -0.03611329), (0.008563986, -0.03984639, -0.03300165), (0.00715355, -0.04056696, -0.03611329),
            (0.01167563, -0.03981466, -0.001824015), (0.01011981, -0.03983075, -0.001824666), (0.006729363, -0.04515081, -0.00183204), (0.006709634, -0.04359499, -0.001830294),
            (0.006500852, -0.04359499, -0.003441028), (0.006509672, -0.04203916, -0.003441028), (0.007281029, -0.04070197, -0.001826799), (0.008514168, -0.04002187, -0.001825532),
            (0.007148645, -0.04057208, -0.006552672), (0.01937312, -0.04053992, -0.05478316), (0.01789892, -0.03981812, -0.05633898), (0.008846568, -0.04750452, -0.001833837),
            (0.007261189, -0.04684223, -0.05484198), (0.007251632, -0.04684223, -0.05316851), (0.007108775, -0.04670663, -0.03611329), (0.006494946, -0.04515081, -0.006552673),
            (0.01874273, -0.0475053, -0.001829824), (0.01874273, -0.0475053, -0.05478316), (0.01941372, -0.04673564, -0.001828684), (0.01943902, -0.04670663, -0.05478316),
            (0.01874031, -0.0475053, -0.05633898), (0.01323145, -0.04203916, -0.05947417), (0.01323145, -0.04058442, -0.05907344), (0.01478728, -0.04203916, -0.05952841),
            (0.01789892, -0.04515081, -0.05930601), (0.01884183, -0.04633763, -0.05880968), (0.01783668, -0.0467964, -0.05893975), (0.01913549, -0.04066388, -0.0578948),
            (0.01959416, -0.04203916, -0.0578948), (0.01884183, -0.04094363, -0.05880968), (0.01789892, -0.04067811, -0.05898936), (0.01789892, -0.04203916, -0.05930601),
            (0.007451229, -0.04644114, -0.05731935), (0.01478728, -0.04752606, -0.0578948), (0.01789892, -0.03981662, -0.001821495), (0.01789892, -0.03981662, -0.05322734),
            (0.01783523, -0.03981654, -0.001821521), (0.01011981, -0.03981639, -0.006552673), (0.0163431, -0.03981466, -0.001822123), (0.0163431, -0.03981466, -0.05478316),
            (0.01011981, -0.03981714, -0.05478316), (0.008563986, -0.03985924, -0.05478316), (0.0100593, -0.0398366, -0.001824696), (0.007281673, -0.04659976, -0.001833451),
            (0.006742818, -0.04203916, -0.001828526), (0.007740575, -0.04749838, -0.04942577), (0.006489208, -0.04515081, -0.01277596), (0.01167563, -0.04752606, -0.001832713),
            (0.01011981, -0.04752592, -0.003441029), (0.01011981, -0.04752606, -0.006552673), (0.0101717, -0.04751832, -0.001833316), (0.01906819, -0.0467964, -0.05783256),
            (0.01959416, -0.04515081, -0.0578948), (0.0163431, -0.04515081, -0.05952841), (0.01789892, -0.0399573, -0.0578948), (0.0163431, -0.0405714, -0.05910057),
            (0.0163431, -0.04203916, -0.05952841), (0.01167563, -0.04079502, -0.05890537), (0.01167563, -0.04203916, -0.05913802), (0.01072965, -0.04108214, -0.05873385),
            (0.007451229, -0.0408508, -0.05731935), (0.01011981, -0.03982269, -0.05633898), (0.01323145, -0.03986112, -0.0578948), (0.007859879, -0.04747836, -0.05704309),
            (0.01239271, -0.04749377, -0.05868725), (0.01323145, -0.04750185, -0.05870076), (0.01789892, -0.03981662, -0.05478316), (0.01011981, -0.03981641, -0.01277596),
            (0.01011981, -0.0398166, -0.03922494), (0.006710506, -0.04354001, -0.001830231), (0.007740925, -0.04749838, -0.05261069), (0.008563986, -0.04752127, -0.009664318),
            (0.01011981, -0.04751806, -0.001833335), (0.01478728, -0.0405714, -0.05910057), (0.01892434, -0.04515081, -0.05887815), (0.01892434, -0.04203916, -0.05887815),
            (0.0163431, -0.0398481, -0.0578948), (0.01167563, -0.04007172, -0.0578948), (0.008563986, -0.04203916, -0.05800724), (0.0163431, -0.03981466, -0.05633898),
            (0.01167563, -0.03981466, -0.05633898), (0.008563986, -0.04515081, -0.05800724), (0.01478728, -0.0398481, -0.0578948), (0.008563986, -0.04059951, -0.05756207),
            (0.01064562, -0.04203916, -0.05876441), (0.01011981, -0.03981685, -0.05322734), (0.01179472, -0.04669233, -0.05886756), (0.01167563, -0.04515081, -0.05913802),
            (0.01323145, -0.04515081, -0.05947417), (0.01478728, -0.0475053, -0.05870701), (0.0163431, -0.0475053, -0.05870701), (0.01727657, -0.04749838, -0.05869558),
            (0.0163431, -0.04670663, -0.05913486), (0.01072965, -0.04616418, -0.05873385), (0.01064562, -0.04515081, -0.05876441), (0.01831379, -0.04737485, -0.05830967),
            (0.01478728, -0.04670663, -0.05913486), (0.01323145, -0.04670663, -0.05910149), (0.01478728, -0.04515081, -0.05952841), (0.01789892, -0.04752606, -0.00183019),
            (0.02006941, -0.04515081, -0.00182663), (0.01943902, -0.04670663, -0.001828641), (0.02006941, -0.04203916, -0.00182312), (0.01937312, -0.04053992, -0.001821712)
        ]
            uniform token subdivisionScheme = "none"
        }

        def Mesh "gripper_right_col_7"
        {
            int[] faceVertexCounts = [
            3, 3, 3, 3, 3, 3, 3, 3, 3, 3, 3, 3, 3, 3, 3, 3, 3, 3, 3, 3, 3, 3, 3, 3,
            3, 3, 3, 3, 3, 3, 3, 3, 3, 3, 3, 3, 3, 3, 3, 3, 3, 3, 3, 3, 3, 3, 3, 3,
            3, 3, 3, 3, 3, 3, 3, 3, 3, 3, 3, 3, 3, 3, 3, 3, 3, 3, 3, 3, 3, 3, 3, 3,
            3, 3, 3, 3, 3, 3, 3, 3, 3, 3, 3, 3, 3, 3, 3, 3, 3, 3, 3, 3, 3, 3, 3, 3,
            3, 3, 3, 3, 3, 3, 3, 3, 3, 3, 3, 3, 3, 3, 3, 3, 3, 3, 3, 3, 3, 3, 3, 3,
            3, 3, 3, 3, 3, 3, 3, 3, 3, 3, 3, 3, 3, 3, 3, 3, 3, 3, 3, 3, 3, 3, 3, 3,
            3, 3, 3, 3, 3, 3, 3, 3, 3, 3, 3, 3, 3, 3, 3, 3, 3, 3, 3, 3, 3, 3, 3, 3,
            3, 3, 3, 3, 3, 3, 3, 3, 3, 3, 3, 3, 3, 3, 3, 3, 3, 3, 3, 3, 3, 3, 3, 3,
            3, 3, 3, 3, 3, 3, 3, 3, 3, 3, 3, 3, 3, 3, 3, 3, 3, 3, 3, 3, 3, 3, 3, 3,
            3, 3, 3, 3, 3, 3, 3, 3, 3, 3, 3, 3, 3, 3, 3, 3, 3, 3, 3, 3, 3, 3, 3, 3,
            3, 3, 3, 3, 3, 3, 3, 3, 3, 3, 3, 3, 3, 3, 3, 3, 3, 3, 3, 3, 3, 3, 3, 3,
            3, 3, 3, 3, 3, 3, 3, 3, 3, 3, 3, 3, 3, 3, 3, 3, 3, 3, 3, 3, 3, 3, 3, 3,
            3, 3, 3, 3, 3, 3, 3, 3, 3, 3, 3, 3, 3, 3
        ]
            int[] faceVertexIndices = [
            0, 1, 2, 3, 4, 5, 5, 6, 7, 7, 3, 5, 4, 3, 8, 3, 9, 8, 10, 11, 12, 12, 11, 13,
            11, 14, 13, 15, 16, 17, 18, 19, 20, 21, 22, 23, 24, 9, 3, 25, 9, 24, 26, 9, 27, 28, 9, 26,
            27, 9, 29, 29, 9, 25, 30, 9, 28, 30, 8, 9, 31, 14, 11, 11, 10, 31, 31, 32, 33, 31, 10, 32,
            34, 35, 36, 37, 36, 12, 12, 13, 37, 38, 35, 34, 34, 36, 39, 39, 36, 40, 39, 38, 34, 40, 41, 39,
            42, 38, 39, 39, 41, 43, 25, 42, 39, 44, 45, 46, 46, 45, 27, 47, 44, 46, 46, 48, 47, 27, 29, 46,
            46, 29, 25, 49, 13, 14, 50, 51, 52, 50, 52, 43, 53, 49, 54, 13, 49, 53, 2, 55, 56, 52, 51, 56,
            15, 17, 57, 58, 19, 59, 60, 20, 6, 59, 19, 61, 19, 62, 61, 63, 19, 18, 18, 62, 63, 63, 62, 19,
            64, 65, 66, 66, 21, 64, 22, 21, 66, 67, 68, 4, 4, 8, 67, 69, 68, 70, 43, 52, 71, 48, 46, 71,
            72, 31, 73, 74, 31, 33, 73, 31, 74, 12, 36, 75, 75, 36, 35, 75, 10, 12, 76, 10, 75, 75, 35, 76,
            3, 7, 77, 77, 38, 42, 77, 24, 3, 77, 42, 25, 25, 24, 77, 78, 46, 25, 43, 71, 78, 78, 71, 46,
            51, 50, 79, 79, 37, 13, 40, 36, 79, 36, 37, 79, 79, 41, 40, 43, 41, 79, 79, 50, 43, 52, 56, 80,
            80, 56, 55, 80, 71, 52, 48, 71, 80, 55, 81, 80, 80, 81, 47, 47, 48, 80, 82, 57, 17, 82, 62, 18,
            18, 57, 82, 83, 16, 15, 84, 85, 86, 87, 60, 6, 86, 88, 89, 76, 35, 89, 35, 38, 89, 23, 22, 90,
            22, 91, 90, 90, 92, 23, 93, 92, 90, 94, 0, 2, 2, 56, 94, 94, 56, 51, 2, 1, 95, 1, 96, 95,
            1, 97, 98, 98, 96, 1, 99, 100, 65, 101, 102, 73, 101, 73, 103, 104, 105, 106, 107, 82, 17, 62, 82, 107,
            49, 72, 108, 54, 49, 108, 108, 53, 54, 109, 72, 110, 109, 108, 72, 111, 74, 33, 73, 74, 111, 25, 39, 112,
            112, 78, 25, 112, 39, 43, 43, 78, 112, 51, 79, 113, 53, 108, 113, 13, 53, 113, 113, 79, 13, 114, 115, 116,
            117, 114, 118, 115, 114, 117, 119, 84, 6, 6, 84, 120, 120, 7, 6, 120, 77, 7, 86, 77, 120, 120, 84, 86,
            121, 87, 115, 60, 87, 121, 121, 57, 18, 18, 20, 121, 20, 60, 121, 38, 77, 122, 122, 89, 38, 122, 77, 86,
            86, 89, 122, 123, 124, 88, 123, 88, 86, 86, 85, 123, 125, 89, 88, 88, 124, 125, 76, 89, 125, 33, 32, 125,
            125, 124, 33, 103, 73, 126, 59, 61, 127, 127, 111, 33, 91, 128, 129, 129, 128, 105, 1, 0, 130, 131, 66, 65,
            65, 132, 131, 133, 65, 64, 133, 99, 65, 134, 132, 65, 65, 100, 134, 135, 101, 103, 136, 94, 51, 108, 109, 137,
            137, 113, 108, 51, 113, 137, 138, 20, 19, 58, 119, 138, 19, 58, 138, 6, 20, 138, 138, 119, 6, 115, 117, 139,
            139, 121, 115, 57, 121, 139, 15, 57, 139, 139, 117, 83, 139, 83, 15, 140, 126, 73, 73, 111, 140, 141, 61, 62,
            141, 127, 61, 142, 90, 91, 91, 129, 142, 94, 130, 143, 0, 94, 143, 143, 130, 0, 110, 91, 144, 101, 135, 145,
            102, 101, 145, 145, 146, 102, 106, 146, 145, 145, 104, 106, 147, 137, 109, 94, 136, 147, 147, 136, 51, 51, 137, 147,
            148, 141, 62, 62, 107, 148, 149, 100, 97, 144, 149, 150, 150, 149, 97, 110, 144, 151, 94, 147, 151, 152, 145, 135,
            152, 135, 103, 103, 126, 152, 153, 149, 144, 100, 149, 153, 154, 97, 1, 154, 150, 97, 72, 49, 14, 14, 31, 72,
            72, 102, 91, 72, 91, 110, 73, 102, 72, 93, 16, 83, 83, 92, 93, 116, 115, 87, 87, 70, 116, 5, 4, 87,
            87, 68, 69, 87, 6, 5, 4, 68, 87, 91, 102, 128, 128, 102, 106, 16, 105, 104, 104, 17, 16, 92, 83, 117,
            117, 118, 92, 58, 85, 119, 85, 84, 119, 123, 58, 59, 123, 85, 58, 32, 10, 125, 125, 10, 76, 127, 123, 59,
            124, 123, 127, 33, 124, 127, 133, 21, 23, 133, 30, 28, 133, 55, 2, 23, 92, 133, 133, 26, 27, 27, 45, 133,
            133, 67, 8, 133, 44, 47, 116, 70, 133, 47, 81, 133, 133, 114, 116, 64, 21, 133, 28, 26, 133, 133, 98, 97,
            8, 30, 133, 133, 45, 44, 2, 95, 133, 97, 100, 133, 68, 67, 133, 133, 70, 68, 133, 81, 55, 92, 118, 133,
            133, 95, 96, 96, 98, 133, 100, 99, 133, 118, 114, 133, 111, 127, 140, 126, 140, 141, 141, 140, 127, 142, 105, 16,
            142, 16, 93, 93, 90, 142, 17, 104, 145, 145, 107, 17, 151, 147, 109, 151, 109, 110, 107, 145, 152, 152, 148, 107,
            126, 141, 152, 141, 148, 152, 153, 144, 91, 153, 91, 22, 132, 134, 153, 153, 134, 100, 66, 131, 153, 22, 66, 153,
            153, 131, 132, 1, 130, 154, 154, 130, 94, 94, 151, 154, 144, 150, 154, 154, 151, 144
        ]
            point3f[] points = [
            (0.008292479, -0.03840508, 0.005911712), (0.008797349, -0.03840373, 0.004615406), (0.007281029, -0.04070197, -0.001826799), (0.008563986, -0.0475219, 0.01367302),
            (0.01011981, -0.04752606, 0.007449727), (0.01011981, -0.04752606, 0.0198963), (0.01167563, -0.04752606, 0.02923124), (0.01011981, -0.04751676, 0.02923124),
            (0.01011981, -0.04751806, -0.001833335), (0.007739819, -0.04749838, 0.0003755765), (0.007511502, -0.04203916, 0.03170586), (0.007603026, -0.04099625, 0.0316589),
            (0.006821366, -0.04203916, 0.03078706), (0.007318454, -0.04047992, 0.03076711), (0.008471341, -0.03840527, 0.03150411), (0.02006147, -0.04515081, 0.02767542),
            (0.02008267, -0.03892752, 0.02767542), (0.02002195, -0.04515081, 0.02923124), (0.0187157, -0.04749838, 0.03009565), (0.01713875, -0.04748702, 0.03156837),
            (0.01775398, -0.04750264, 0.03068338), (0.01937312, -0.04053992, -0.001821713), (0.02004438, -0.03837467, 0.005893905), (0.02006941, -0.04203916, -0.001823122),
            (0.007737312, -0.04750114, 0.01367302), (0.00710076, -0.04670663, 0.01367302), (0.008138168, -0.04736085, -0.001833961), (0.007342951, -0.04675733, -0.001833604),
            (0.008708466, -0.04750305, -0.001833892), (0.007247531, -0.04683796, 0.007375449), (0.008846568, -0.04750452, -0.001833836), (0.008854478, -0.0384043, 0.03199135),
            (0.008563986, -0.04203916, 0.03201454), (0.0101723, -0.0384009, 0.0322913), (0.006747921, -0.04515081, 0.02923124), (0.006817831, -0.04515081, 0.03078706),
            (0.006728315, -0.04359499, 0.02923124), (0.00676171, -0.04203916, 0.02923124), (0.007372639, -0.04674953, 0.03069882), (0.006499314, -0.04515081, 0.0198963),
            (0.006493657, -0.04359499, 0.0198963), (0.006477506, -0.04359499, 0.01678466), (0.0072458, -0.04684075, 0.01996093), (0.006464246, -0.04359499, 0.01367302),
            (0.006729363, -0.04515081, -0.001832041), (0.007281673, -0.04659976, -0.001833451), (0.006503737, -0.04515081, 0.007449727), (0.006709634, -0.04359499, -0.001830294),
            (0.006498299, -0.04359499, 0.007449727), (0.008289813, -0.03840572, 0.03077742), (0.006493627, -0.04203916, 0.01678466), (0.006964916, -0.04048334, 0.01367302),
            (0.006490966, -0.04203916, 0.01056137), (0.007644336, -0.03957822, 0.0302352), (0.008227449, -0.03840587, 0.03006038), (0.006742818, -0.04203916, -0.001828526),
            (0.006979065, -0.04048334, 0.01056137), (0.01941149, -0.04670663, 0.02923124), (0.0163431, -0.04748827, 0.03157007), (0.0163431, -0.04670663, 0.03187874),
            (0.01801438, -0.04750945, 0.0293467), (0.01775398, -0.04669215, 0.03172876), (0.01875862, -0.04616389, 0.03162878), (0.01817597, -0.0472011, 0.03113286),
            (0.01789892, -0.03981662, -0.001821495), (0.01789892, -0.03838017, 0.004001658), (0.01930612, -0.03837654, 0.004466017), (0.0101717, -0.04751832, -0.001833316),
            (0.01167563, -0.04752606, -0.001832713), (0.01789892, -0.04752606, -0.0003293829), (0.01789892, -0.04752606, -0.00183019), (0.006477277, -0.04359499, 0.01056137),
            (0.008197852, -0.03840588, 0.02764647), (0.0163431, -0.03838493, 0.03218232), (0.01064766, -0.03839966, 0.03218769), (0.006813101, -0.04359499, 0.03078706),
            (0.007511502, -0.04515081, 0.03170586), (0.007739359, -0.04749838, 0.03012139), (0.006487228, -0.04515081, 0.01056137), (0.006502745, -0.04203916, 0.0198963),
            (0.006507252, -0.04203916, 0.007449727), (0.006710506, -0.04354001, -0.001830231), (0.01900876, -0.04669215, 0.03068338), (0.02006941, -0.04515081, 0.02456377),
            (0.01011981, -0.04750903, 0.03078706), (0.01011981, -0.04748827, 0.03157006), (0.00931773, -0.04748702, 0.03156837), (0.01789892, -0.04752606, 0.02300795),
            (0.008705067, -0.04674953, 0.03174684), (0.007603026, -0.04625952, 0.0316589), (0.02008267, -0.03837461, 0.007449727), (0.02006764, -0.03837464, 0.006896848),
            (0.02006941, -0.04515081, -0.001826631), (0.02008267, -0.03892752, 0.007449727), (0.008156711, -0.03840547, 0.007495959), (0.008514168, -0.04002187, -0.001825532),
            (0.008563986, -0.03999475, -0.001825481), (0.01011981, -0.03983075, -0.001824664), (0.0100593, -0.0398366, -0.001824697), (0.0163431, -0.03981466, -0.001822123),
            (0.01167563, -0.03981466, -0.001824016), (0.01901205, -0.038378, 0.03134602), (0.0194265, -0.03837692, 0.03078706), (0.01789892, -0.0383809, 0.03195993),
            (0.02002195, -0.04203916, 0.02923124), (0.02008267, -0.03837514, 0.02767542), (0.02002051, -0.03837534, 0.02923124), (0.01944834, -0.04515081, 0.03078706),
            (0.008198047, -0.03840592, 0.02925636), (0.008152461, -0.0384058, 0.01983231), (0.008189257, -0.03840556, 0.01424911), (0.01167563, -0.03839701, 0.03227139),
            (0.006489757, -0.04515081, 0.01678466), (0.006976044, -0.04048334, 0.01678466), (0.01941372, -0.04673564, -0.001828683), (0.01874273, -0.0475053, 0.02767542),
            (0.01874273, -0.0475053, -0.001829825), (0.01943902, -0.04670663, 0.02456377), (0.01943902, -0.04670663, -0.001828641), (0.01323145, -0.04750903, 0.03078706),
            (0.008705067, -0.04750264, 0.03069882), (0.01873893, -0.0475053, 0.02923124), (0.008280514, -0.04729673, 0.0311586), (0.01011981, -0.04670663, 0.03187874),
            (0.01011981, -0.04515081, 0.03218232), (0.008563986, -0.04515081, 0.03201454), (0.01789892, -0.04203916, 0.03196935), (0.0163431, -0.04515081, 0.03218232),
            (0.02004258, -0.03837527, 0.02867899), (0.02008267, -0.03837492, 0.01934371), (0.008606406, -0.03840424, 0.005122362), (0.0187459, -0.03837799, 0.004300015),
            (0.01749747, -0.03838121, 0.004001386), (0.01783523, -0.03981654, -0.001821521), (0.0163431, -0.0383842, 0.003993242), (0.01878574, -0.0383786, 0.03165125),
            (0.00815239, -0.03840576, 0.01840499), (0.008152459, -0.03840582, 0.02063405), (0.0163431, -0.04750438, 0.03078706), (0.01943494, -0.04670663, 0.02767542),
            (0.0163431, -0.04048334, 0.03218232), (0.01789892, -0.04515081, 0.03196935), (0.02008267, -0.03837477, 0.01367302), (0.008235061, -0.03840524, 0.006713187),
            (0.01132509, -0.03839718, 0.00404289), (0.01944834, -0.04203916, 0.03078706), (0.01963693, -0.03837636, 0.0302359), (0.008152389, -0.03840578, 0.0192053),
            (0.01879951, -0.04515081, 0.03166068), (0.01167563, -0.03839627, 0.003990001), (0.01011981, -0.0384003, 0.00417172), (0.008156588, -0.0384055, 0.008957516),
            (0.01879951, -0.04203916, 0.03166068), (0.0128762, -0.03839317, 0.003990835), (0.009770506, -0.03840121, 0.004265711)
        ]
            uniform token subdivisionScheme = "none"
        }
    }
}
